ISO-10303-21;
HEADER;
/* Generated by software containing ST-Developer
 * from STEP Tools, Inc. (www.steptools.com) 
 */

FILE_DESCRIPTION(
/* description */ (''),
/* implementation_level */ '2;1');

FILE_NAME(
/* name */ 'GlitchPad Case (Upper).step',
/* time_stamp */ '2026-08-06T14:43:32+05:00',
/* author */ (''),
/* organization */ (''),
/* preprocessor_version */ 'ST-DEVELOPER v20.1',
/* originating_system */ 'Autodesk Translation Framework v15.8.0.0',
/* authorisation */ '');

FILE_SCHEMA (('AUTOMOTIVE_DESIGN { 1 0 10303 214 3 1 1 }'));
ENDSEC;

DATA;
#10=MECHANICAL_DESIGN_GEOMETRIC_PRESENTATION_REPRESENTATION('',(#44,#45,
#46,#47,#48,#49,#50,#51,#52,#53,#54,#55,#56,#57,#58,#59,#60,#61,#62,#63,
#64,#65,#66,#67,#68,#69,#70,#71,#72,#73,#74,#75,#76,#77,#78,#79,#80,#81,
#82,#83,#84,#85,#86,#87,#88,#89,#90,#91,#92,#93,#94,#95,#96,#97,#98,#99,
#100,#101,#102,#103,#104,#105,#106,#107,#108,#109,#110,#111,#112,#113,#114,
#115,#116,#117,#118,#119,#120,#121,#122,#123,#124,#125,#126,#127,#128,#129,
#130,#131,#132,#133,#134,#135,#136,#137,#138,#139,#140,#141,#142,#143,#144,
#145,#146,#147,#148,#149,#150,#151,#152,#153,#154,#155,#156,#157,#158,#159,
#160,#161,#162,#163,#164,#165,#166,#167,#168,#169,#170,#171,#172,#173,#174,
#175,#176,#177,#178,#179,#180,#181,#182,#183,#184,#185,#186,#187,#188,#189,
#190,#191,#192,#193,#194,#195,#196,#197,#198,#199,#200,#201,#202,#203,#204,
#205,#206,#207,#208,#209,#210,#211,#212,#213,#214,#215,#216,#217,#218,#219,
#220,#221,#222,#223,#224,#225,#226,#227,#228,#229,#230,#231,#232,#233,#234,
#235,#236,#237,#238,#239,#240,#241,#242,#243,#244,#245,#246,#247,#248,#249,
#250,#251,#252,#253,#254,#255,#256,#257,#258,#259,#260,#261,#262,#263,#264,
#265,#266,#267,#268,#269,#270,#271,#272,#273,#274,#275,#276,#277,#278,#279,
#280,#281,#282,#283,#284,#285,#286,#287,#288,#289,#290,#291,#292,#293,#294,
#295,#296,#297,#298,#299,#300,#301,#302,#303,#304,#305,#306,#307,#308,#309,
#310,#311,#312,#313,#314,#315,#316,#317,#318,#319,#320,#321,#322,#323,#324,
#325,#326,#327,#328,#329,#330,#331,#332,#333,#334,#335,#336,#337,#338,#339,
#340,#341,#342,#343,#344,#345,#346,#347),#10692);
#11=SHAPE_REPRESENTATION_RELATIONSHIP('SRR','None',#10699,#12);
#12=ADVANCED_BREP_SHAPE_REPRESENTATION('',(#13),#10691);
#13=MANIFOLD_SOLID_BREP('Body1',#6577);
#14=(
BOUNDED_SURFACE()
B_SPLINE_SURFACE(3,1,((#9810,#9811),(#9812,#9813),(#9814,#9815),(#9816,
#9817)),.UNSPECIFIED.,.F.,.F.,.F.)
B_SPLINE_SURFACE_WITH_KNOTS((4,4),(2,2),(-1.,0.),(0.,0.05),
 .UNSPECIFIED.)
GEOMETRIC_REPRESENTATION_ITEM()
RATIONAL_B_SPLINE_SURFACE(((1.,1.),(1.,1.),(1.,1.),(1.,1.)))
REPRESENTATION_ITEM('')
SURFACE()
);
#15=(
BOUNDED_SURFACE()
B_SPLINE_SURFACE(3,1,((#9826,#9827),(#9828,#9829),(#9830,#9831),(#9832,
#9833)),.UNSPECIFIED.,.F.,.F.,.F.)
B_SPLINE_SURFACE_WITH_KNOTS((4,4),(2,2),(-1.,0.),(0.,0.05),
 .UNSPECIFIED.)
GEOMETRIC_REPRESENTATION_ITEM()
RATIONAL_B_SPLINE_SURFACE(((1.,1.),(1.,1.),(1.,1.),(1.,1.)))
REPRESENTATION_ITEM('')
SURFACE()
);
#16=(
BOUNDED_SURFACE()
B_SPLINE_SURFACE(3,1,((#9844,#9845),(#9846,#9847),(#9848,#9849),(#9850,
#9851)),.UNSPECIFIED.,.F.,.F.,.F.)
B_SPLINE_SURFACE_WITH_KNOTS((4,4),(2,2),(-1.,0.),(0.,0.05),
 .UNSPECIFIED.)
GEOMETRIC_REPRESENTATION_ITEM()
RATIONAL_B_SPLINE_SURFACE(((1.,1.),(1.,1.),(1.,1.),(1.,1.)))
REPRESENTATION_ITEM('')
SURFACE()
);
#17=(
BOUNDED_SURFACE()
B_SPLINE_SURFACE(3,1,((#9870,#9871),(#9872,#9873),(#9874,#9875),(#9876,
#9877)),.UNSPECIFIED.,.F.,.F.,.F.)
B_SPLINE_SURFACE_WITH_KNOTS((4,4),(2,2),(-1.,0.),(0.,0.05),
 .UNSPECIFIED.)
GEOMETRIC_REPRESENTATION_ITEM()
RATIONAL_B_SPLINE_SURFACE(((1.,1.),(1.,1.),(1.,1.),(1.,1.)))
REPRESENTATION_ITEM('')
SURFACE()
);
#18=(
BOUNDED_SURFACE()
B_SPLINE_SURFACE(3,1,((#9888,#9889),(#9890,#9891),(#9892,#9893),(#9894,
#9895)),.UNSPECIFIED.,.F.,.F.,.F.)
B_SPLINE_SURFACE_WITH_KNOTS((4,4),(2,2),(-1.,0.),(0.,0.05),
 .UNSPECIFIED.)
GEOMETRIC_REPRESENTATION_ITEM()
RATIONAL_B_SPLINE_SURFACE(((1.,1.),(1.,1.),(1.,1.),(1.,1.)))
REPRESENTATION_ITEM('')
SURFACE()
);
#19=(
BOUNDED_SURFACE()
B_SPLINE_SURFACE(3,1,((#9902,#9903),(#9904,#9905),(#9906,#9907),(#9908,
#9909)),.UNSPECIFIED.,.F.,.F.,.F.)
B_SPLINE_SURFACE_WITH_KNOTS((4,4),(2,2),(-1.,0.),(0.,0.05),
 .UNSPECIFIED.)
GEOMETRIC_REPRESENTATION_ITEM()
RATIONAL_B_SPLINE_SURFACE(((1.,1.),(1.,1.),(1.,1.),(1.,1.)))
REPRESENTATION_ITEM('')
SURFACE()
);
#20=(
BOUNDED_SURFACE()
B_SPLINE_SURFACE(3,1,((#9928,#9929),(#9930,#9931),(#9932,#9933),(#9934,
#9935)),.UNSPECIFIED.,.F.,.F.,.F.)
B_SPLINE_SURFACE_WITH_KNOTS((4,4),(2,2),(-1.,0.),(0.,0.05),
 .UNSPECIFIED.)
GEOMETRIC_REPRESENTATION_ITEM()
RATIONAL_B_SPLINE_SURFACE(((1.,1.),(1.,1.),(1.,1.),(1.,1.)))
REPRESENTATION_ITEM('')
SURFACE()
);
#21=(
BOUNDED_SURFACE()
B_SPLINE_SURFACE(3,1,((#9946,#9947),(#9948,#9949),(#9950,#9951),(#9952,
#9953)),.UNSPECIFIED.,.F.,.F.,.F.)
B_SPLINE_SURFACE_WITH_KNOTS((4,4),(2,2),(-1.,0.),(0.,0.05),
 .UNSPECIFIED.)
GEOMETRIC_REPRESENTATION_ITEM()
RATIONAL_B_SPLINE_SURFACE(((1.,1.),(1.,1.),(1.,1.),(1.,1.)))
REPRESENTATION_ITEM('')
SURFACE()
);
#22=(
BOUNDED_SURFACE()
B_SPLINE_SURFACE(3,1,((#9960,#9961),(#9962,#9963),(#9964,#9965),(#9966,
#9967)),.UNSPECIFIED.,.F.,.F.,.F.)
B_SPLINE_SURFACE_WITH_KNOTS((4,4),(2,2),(-1.,0.),(0.,0.05),
 .UNSPECIFIED.)
GEOMETRIC_REPRESENTATION_ITEM()
RATIONAL_B_SPLINE_SURFACE(((1.,1.),(1.,1.),(1.,1.),(1.,1.)))
REPRESENTATION_ITEM('')
SURFACE()
);
#23=(
BOUNDED_SURFACE()
B_SPLINE_SURFACE(3,1,((#9978,#9979),(#9980,#9981),(#9982,#9983),(#9984,
#9985)),.UNSPECIFIED.,.F.,.F.,.F.)
B_SPLINE_SURFACE_WITH_KNOTS((4,4),(2,2),(-1.,0.),(0.,0.05),
 .UNSPECIFIED.)
GEOMETRIC_REPRESENTATION_ITEM()
RATIONAL_B_SPLINE_SURFACE(((1.,1.),(1.,1.),(1.,1.),(1.,1.)))
REPRESENTATION_ITEM('')
SURFACE()
);
#24=(
BOUNDED_SURFACE()
B_SPLINE_SURFACE(3,1,((#10000,#10001),(#10002,#10003),(#10004,#10005),(#10006,
#10007)),.UNSPECIFIED.,.F.,.F.,.F.)
B_SPLINE_SURFACE_WITH_KNOTS((4,4),(2,2),(-1.,0.),(0.,0.05),
 .UNSPECIFIED.)
GEOMETRIC_REPRESENTATION_ITEM()
RATIONAL_B_SPLINE_SURFACE(((1.,1.),(1.,1.),(1.,1.),(1.,1.)))
REPRESENTATION_ITEM('')
SURFACE()
);
#25=(
BOUNDED_SURFACE()
B_SPLINE_SURFACE(3,1,((#10018,#10019),(#10020,#10021),(#10022,#10023),(#10024,
#10025)),.UNSPECIFIED.,.F.,.F.,.F.)
B_SPLINE_SURFACE_WITH_KNOTS((4,4),(2,2),(-1.,0.),(0.,0.05),
 .UNSPECIFIED.)
GEOMETRIC_REPRESENTATION_ITEM()
RATIONAL_B_SPLINE_SURFACE(((1.,1.),(1.,1.),(1.,1.),(1.,1.)))
REPRESENTATION_ITEM('')
SURFACE()
);
#26=(
BOUNDED_SURFACE()
B_SPLINE_SURFACE(3,1,((#10032,#10033),(#10034,#10035),(#10036,#10037),(#10038,
#10039)),.UNSPECIFIED.,.F.,.F.,.F.)
B_SPLINE_SURFACE_WITH_KNOTS((4,4),(2,2),(-1.,0.),(0.,0.05),
 .UNSPECIFIED.)
GEOMETRIC_REPRESENTATION_ITEM()
RATIONAL_B_SPLINE_SURFACE(((1.,1.),(1.,1.),(1.,1.),(1.,1.)))
REPRESENTATION_ITEM('')
SURFACE()
);
#27=(
BOUNDED_SURFACE()
B_SPLINE_SURFACE(3,1,((#10050,#10051),(#10052,#10053),(#10054,#10055),(#10056,
#10057)),.UNSPECIFIED.,.F.,.F.,.F.)
B_SPLINE_SURFACE_WITH_KNOTS((4,4),(2,2),(-1.,0.),(0.,0.05),
 .UNSPECIFIED.)
GEOMETRIC_REPRESENTATION_ITEM()
RATIONAL_B_SPLINE_SURFACE(((1.,1.),(1.,1.),(1.,1.),(1.,1.)))
REPRESENTATION_ITEM('')
SURFACE()
);
#28=(
BOUNDED_SURFACE()
B_SPLINE_SURFACE(3,1,((#10076,#10077),(#10078,#10079),(#10080,#10081),(#10082,
#10083)),.UNSPECIFIED.,.F.,.F.,.F.)
B_SPLINE_SURFACE_WITH_KNOTS((4,4),(2,2),(-1.,0.),(0.,0.05),
 .UNSPECIFIED.)
GEOMETRIC_REPRESENTATION_ITEM()
RATIONAL_B_SPLINE_SURFACE(((1.,1.),(1.,1.),(1.,1.),(1.,1.)))
REPRESENTATION_ITEM('')
SURFACE()
);
#29=(
BOUNDED_SURFACE()
B_SPLINE_SURFACE(3,1,((#10090,#10091),(#10092,#10093),(#10094,#10095),(#10096,
#10097)),.UNSPECIFIED.,.F.,.F.,.F.)
B_SPLINE_SURFACE_WITH_KNOTS((4,4),(2,2),(-1.,0.),(0.,0.05),
 .UNSPECIFIED.)
GEOMETRIC_REPRESENTATION_ITEM()
RATIONAL_B_SPLINE_SURFACE(((1.,1.),(1.,1.),(1.,1.),(1.,1.)))
REPRESENTATION_ITEM('')
SURFACE()
);
#30=(
BOUNDED_SURFACE()
B_SPLINE_SURFACE(3,1,((#10108,#10109),(#10110,#10111),(#10112,#10113),(#10114,
#10115)),.UNSPECIFIED.,.F.,.F.,.F.)
B_SPLINE_SURFACE_WITH_KNOTS((4,4),(2,2),(-1.,0.),(0.,0.05),
 .UNSPECIFIED.)
GEOMETRIC_REPRESENTATION_ITEM()
RATIONAL_B_SPLINE_SURFACE(((1.,1.),(1.,1.),(1.,1.),(1.,1.)))
REPRESENTATION_ITEM('')
SURFACE()
);
#31=(
BOUNDED_SURFACE()
B_SPLINE_SURFACE(3,1,((#10130,#10131),(#10132,#10133),(#10134,#10135),(#10136,
#10137)),.UNSPECIFIED.,.F.,.F.,.F.)
B_SPLINE_SURFACE_WITH_KNOTS((4,4),(2,2),(-0.281089043382097,0.),(0.,0.05),
 .UNSPECIFIED.)
GEOMETRIC_REPRESENTATION_ITEM()
RATIONAL_B_SPLINE_SURFACE(((1.,1.),(1.,1.),(1.,1.),(1.,1.)))
REPRESENTATION_ITEM('')
SURFACE()
);
#32=(
BOUNDED_SURFACE()
B_SPLINE_SURFACE(3,1,((#10148,#10149),(#10150,#10151),(#10152,#10153),(#10154,
#10155)),.UNSPECIFIED.,.F.,.F.,.F.)
B_SPLINE_SURFACE_WITH_KNOTS((4,4),(2,2),(-1.,0.),(0.,0.05),
 .UNSPECIFIED.)
GEOMETRIC_REPRESENTATION_ITEM()
RATIONAL_B_SPLINE_SURFACE(((1.,1.),(1.,1.),(1.,1.),(1.,1.)))
REPRESENTATION_ITEM('')
SURFACE()
);
#33=(
BOUNDED_SURFACE()
B_SPLINE_SURFACE(3,1,((#10166,#10167),(#10168,#10169),(#10170,#10171),(#10172,
#10173)),.UNSPECIFIED.,.F.,.F.,.F.)
B_SPLINE_SURFACE_WITH_KNOTS((4,4),(2,2),(-1.,0.),(0.,0.05),
 .UNSPECIFIED.)
GEOMETRIC_REPRESENTATION_ITEM()
RATIONAL_B_SPLINE_SURFACE(((1.,1.),(1.,1.),(1.,1.),(1.,1.)))
REPRESENTATION_ITEM('')
SURFACE()
);
#34=(
BOUNDED_SURFACE()
B_SPLINE_SURFACE(3,1,((#10180,#10181),(#10182,#10183),(#10184,#10185),(#10186,
#10187)),.UNSPECIFIED.,.F.,.F.,.F.)
B_SPLINE_SURFACE_WITH_KNOTS((4,4),(2,2),(-1.,0.),(0.,0.05),
 .UNSPECIFIED.)
GEOMETRIC_REPRESENTATION_ITEM()
RATIONAL_B_SPLINE_SURFACE(((1.,1.),(1.,1.),(1.,1.),(1.,1.)))
REPRESENTATION_ITEM('')
SURFACE()
);
#35=(
BOUNDED_SURFACE()
B_SPLINE_SURFACE(3,1,((#10202,#10203),(#10204,#10205),(#10206,#10207),(#10208,
#10209)),.UNSPECIFIED.,.F.,.F.,.F.)
B_SPLINE_SURFACE_WITH_KNOTS((4,4),(2,2),(-1.,0.),(0.,0.05),
 .UNSPECIFIED.)
GEOMETRIC_REPRESENTATION_ITEM()
RATIONAL_B_SPLINE_SURFACE(((1.,1.),(1.,1.),(1.,1.),(1.,1.)))
REPRESENTATION_ITEM('')
SURFACE()
);
#36=(
BOUNDED_SURFACE()
B_SPLINE_SURFACE(3,1,((#10216,#10217),(#10218,#10219),(#10220,#10221),(#10222,
#10223)),.UNSPECIFIED.,.F.,.F.,.F.)
B_SPLINE_SURFACE_WITH_KNOTS((4,4),(2,2),(-1.,0.),(0.,0.05),
 .UNSPECIFIED.)
GEOMETRIC_REPRESENTATION_ITEM()
RATIONAL_B_SPLINE_SURFACE(((1.,1.),(1.,1.),(1.,1.),(1.,1.)))
REPRESENTATION_ITEM('')
SURFACE()
);
#37=(
BOUNDED_SURFACE()
B_SPLINE_SURFACE(3,1,((#10234,#10235),(#10236,#10237),(#10238,#10239),(#10240,
#10241)),.UNSPECIFIED.,.F.,.F.,.F.)
B_SPLINE_SURFACE_WITH_KNOTS((4,4),(2,2),(-1.,0.),(0.,0.05),
 .UNSPECIFIED.)
GEOMETRIC_REPRESENTATION_ITEM()
RATIONAL_B_SPLINE_SURFACE(((1.,1.),(1.,1.),(1.,1.),(1.,1.)))
REPRESENTATION_ITEM('')
SURFACE()
);
#38=(
BOUNDED_SURFACE()
B_SPLINE_SURFACE(3,1,((#10248,#10249),(#10250,#10251),(#10252,#10253),(#10254,
#10255)),.UNSPECIFIED.,.F.,.F.,.F.)
B_SPLINE_SURFACE_WITH_KNOTS((4,4),(2,2),(-1.,0.),(0.,0.05),
 .UNSPECIFIED.)
GEOMETRIC_REPRESENTATION_ITEM()
RATIONAL_B_SPLINE_SURFACE(((1.,1.),(1.,1.),(1.,1.),(1.,1.)))
REPRESENTATION_ITEM('')
SURFACE()
);
#39=(
BOUNDED_SURFACE()
B_SPLINE_SURFACE(3,1,((#10278,#10279),(#10280,#10281),(#10282,#10283),(#10284,
#10285)),.UNSPECIFIED.,.F.,.F.,.F.)
B_SPLINE_SURFACE_WITH_KNOTS((4,4),(2,2),(-1.,0.),(0.,0.05),
 .UNSPECIFIED.)
GEOMETRIC_REPRESENTATION_ITEM()
RATIONAL_B_SPLINE_SURFACE(((1.,1.),(1.,1.),(1.,1.),(1.,1.)))
REPRESENTATION_ITEM('')
SURFACE()
);
#40=(
BOUNDED_SURFACE()
B_SPLINE_SURFACE(3,1,((#10292,#10293),(#10294,#10295),(#10296,#10297),(#10298,
#10299)),.UNSPECIFIED.,.F.,.F.,.F.)
B_SPLINE_SURFACE_WITH_KNOTS((4,4),(2,2),(-1.,0.),(0.,0.05),
 .UNSPECIFIED.)
GEOMETRIC_REPRESENTATION_ITEM()
RATIONAL_B_SPLINE_SURFACE(((1.,1.),(1.,1.),(1.,1.),(1.,1.)))
REPRESENTATION_ITEM('')
SURFACE()
);
#41=(
BOUNDED_SURFACE()
B_SPLINE_SURFACE(3,1,((#10310,#10311),(#10312,#10313),(#10314,#10315),(#10316,
#10317)),.UNSPECIFIED.,.F.,.F.,.F.)
B_SPLINE_SURFACE_WITH_KNOTS((4,4),(2,2),(-1.,0.),(0.,0.05),
 .UNSPECIFIED.)
GEOMETRIC_REPRESENTATION_ITEM()
RATIONAL_B_SPLINE_SURFACE(((1.,1.),(1.,1.),(1.,1.),(1.,1.)))
REPRESENTATION_ITEM('')
SURFACE()
);
#42=(
BOUNDED_SURFACE()
B_SPLINE_SURFACE(3,1,((#10324,#10325),(#10326,#10327),(#10328,#10329),(#10330,
#10331)),.UNSPECIFIED.,.F.,.F.,.F.)
B_SPLINE_SURFACE_WITH_KNOTS((4,4),(2,2),(-1.,0.),(0.,0.05),
 .UNSPECIFIED.)
GEOMETRIC_REPRESENTATION_ITEM()
RATIONAL_B_SPLINE_SURFACE(((1.,1.),(1.,1.),(1.,1.),(1.,1.)))
REPRESENTATION_ITEM('')
SURFACE()
);
#43=(
BOUNDED_SURFACE()
B_SPLINE_SURFACE(3,1,((#10346,#10347),(#10348,#10349),(#10350,#10351),(#10352,
#10353)),.UNSPECIFIED.,.F.,.F.,.F.)
B_SPLINE_SURFACE_WITH_KNOTS((4,4),(2,2),(-0.322188446080573,0.),(0.,0.05),
 .UNSPECIFIED.)
GEOMETRIC_REPRESENTATION_ITEM()
RATIONAL_B_SPLINE_SURFACE(((1.,1.),(1.,1.),(1.,1.),(1.,1.)))
REPRESENTATION_ITEM('')
SURFACE()
);
#44=STYLED_ITEM('',(#10710),#6256);
#45=STYLED_ITEM('',(#10710),#6257);
#46=STYLED_ITEM('',(#10710),#6258);
#47=STYLED_ITEM('',(#10710),#6259);
#48=STYLED_ITEM('',(#10710),#6260);
#49=STYLED_ITEM('',(#10710),#6261);
#50=STYLED_ITEM('',(#10710),#6262);
#51=STYLED_ITEM('',(#10710),#6263);
#52=STYLED_ITEM('',(#10710),#6264);
#53=STYLED_ITEM('',(#10710),#6265);
#54=STYLED_ITEM('',(#10710),#6266);
#55=STYLED_ITEM('',(#10710),#6267);
#56=STYLED_ITEM('',(#10710),#6268);
#57=STYLED_ITEM('',(#10710),#6269);
#58=STYLED_ITEM('',(#10710),#6270);
#59=STYLED_ITEM('',(#10710),#6271);
#60=STYLED_ITEM('',(#10710),#6272);
#61=STYLED_ITEM('',(#10710),#6273);
#62=STYLED_ITEM('',(#10710),#6274);
#63=STYLED_ITEM('',(#10710),#6275);
#64=STYLED_ITEM('',(#10710),#6276);
#65=STYLED_ITEM('',(#10710),#6277);
#66=STYLED_ITEM('',(#10710),#6278);
#67=STYLED_ITEM('',(#10710),#6279);
#68=STYLED_ITEM('',(#10710),#6280);
#69=STYLED_ITEM('',(#10710),#6281);
#70=STYLED_ITEM('',(#10710),#6282);
#71=STYLED_ITEM('',(#10710),#6283);
#72=STYLED_ITEM('',(#10710),#6284);
#73=STYLED_ITEM('',(#10710),#6285);
#74=STYLED_ITEM('',(#10710),#6286);
#75=STYLED_ITEM('',(#10710),#6287);
#76=STYLED_ITEM('',(#10710),#6288);
#77=STYLED_ITEM('',(#10710),#6289);
#78=STYLED_ITEM('',(#10710),#6290);
#79=STYLED_ITEM('',(#10710),#6291);
#80=STYLED_ITEM('',(#10710),#6292);
#81=STYLED_ITEM('',(#10710),#6293);
#82=STYLED_ITEM('',(#10710),#6294);
#83=STYLED_ITEM('',(#10710),#6295);
#84=STYLED_ITEM('',(#10710),#6296);
#85=STYLED_ITEM('',(#10710),#6297);
#86=STYLED_ITEM('',(#10710),#6298);
#87=STYLED_ITEM('',(#10710),#6299);
#88=STYLED_ITEM('',(#10710),#6300);
#89=STYLED_ITEM('',(#10710),#6301);
#90=STYLED_ITEM('',(#10710),#6302);
#91=STYLED_ITEM('',(#10710),#6303);
#92=STYLED_ITEM('',(#10710),#6304);
#93=STYLED_ITEM('',(#10710),#6305);
#94=STYLED_ITEM('',(#10710),#6306);
#95=STYLED_ITEM('',(#10710),#6307);
#96=STYLED_ITEM('',(#10710),#6308);
#97=STYLED_ITEM('',(#10710),#6309);
#98=STYLED_ITEM('',(#10710),#6310);
#99=STYLED_ITEM('',(#10710),#6311);
#100=STYLED_ITEM('',(#10710),#6312);
#101=STYLED_ITEM('',(#10710),#6313);
#102=STYLED_ITEM('',(#10710),#6314);
#103=STYLED_ITEM('',(#10710),#6315);
#104=STYLED_ITEM('',(#10710),#6316);
#105=STYLED_ITEM('',(#10710),#6317);
#106=STYLED_ITEM('',(#10710),#6318);
#107=STYLED_ITEM('',(#10710),#6319);
#108=STYLED_ITEM('',(#10710),#6320);
#109=STYLED_ITEM('',(#10710),#6321);
#110=STYLED_ITEM('',(#10710),#6322);
#111=STYLED_ITEM('',(#10710),#6323);
#112=STYLED_ITEM('',(#10710),#6324);
#113=STYLED_ITEM('',(#10710),#6325);
#114=STYLED_ITEM('',(#10710),#6326);
#115=STYLED_ITEM('',(#10710),#6327);
#116=STYLED_ITEM('',(#10710),#6328);
#117=STYLED_ITEM('',(#10710),#6329);
#118=STYLED_ITEM('',(#10710),#6330);
#119=STYLED_ITEM('',(#10710),#6331);
#120=STYLED_ITEM('',(#10710),#6332);
#121=STYLED_ITEM('',(#10710),#6333);
#122=STYLED_ITEM('',(#10710),#6334);
#123=STYLED_ITEM('',(#10710),#6335);
#124=STYLED_ITEM('',(#10710),#6336);
#125=STYLED_ITEM('',(#10710),#6337);
#126=STYLED_ITEM('',(#10710),#6338);
#127=STYLED_ITEM('',(#10710),#6339);
#128=STYLED_ITEM('',(#10710),#6340);
#129=STYLED_ITEM('',(#10710),#6341);
#130=STYLED_ITEM('',(#10710),#6342);
#131=STYLED_ITEM('',(#10710),#6343);
#132=STYLED_ITEM('',(#10710),#6344);
#133=STYLED_ITEM('',(#10710),#6345);
#134=STYLED_ITEM('',(#10710),#6346);
#135=STYLED_ITEM('',(#10710),#6347);
#136=STYLED_ITEM('',(#10710),#6348);
#137=STYLED_ITEM('',(#10710),#6349);
#138=STYLED_ITEM('',(#10710),#6350);
#139=STYLED_ITEM('',(#10710),#6351);
#140=STYLED_ITEM('',(#10710),#6352);
#141=STYLED_ITEM('',(#10710),#6353);
#142=STYLED_ITEM('',(#10710),#6354);
#143=STYLED_ITEM('',(#10710),#6355);
#144=STYLED_ITEM('',(#10710),#6356);
#145=STYLED_ITEM('',(#10710),#6357);
#146=STYLED_ITEM('',(#10710),#6358);
#147=STYLED_ITEM('',(#10710),#6359);
#148=STYLED_ITEM('',(#10710),#6360);
#149=STYLED_ITEM('',(#10710),#6361);
#150=STYLED_ITEM('',(#10710),#6362);
#151=STYLED_ITEM('',(#10710),#6363);
#152=STYLED_ITEM('',(#10710),#6364);
#153=STYLED_ITEM('',(#10710),#6365);
#154=STYLED_ITEM('',(#10710),#6366);
#155=STYLED_ITEM('',(#10710),#6367);
#156=STYLED_ITEM('',(#10710),#6368);
#157=STYLED_ITEM('',(#10710),#6369);
#158=STYLED_ITEM('',(#10710),#6370);
#159=STYLED_ITEM('',(#10710),#6371);
#160=STYLED_ITEM('',(#10710),#6372);
#161=STYLED_ITEM('',(#10710),#6373);
#162=STYLED_ITEM('',(#10710),#6374);
#163=STYLED_ITEM('',(#10710),#6375);
#164=STYLED_ITEM('',(#10710),#6376);
#165=STYLED_ITEM('',(#10710),#6377);
#166=STYLED_ITEM('',(#10710),#6378);
#167=STYLED_ITEM('',(#10710),#6379);
#168=STYLED_ITEM('',(#10710),#6380);
#169=STYLED_ITEM('',(#10710),#6381);
#170=STYLED_ITEM('',(#10710),#6382);
#171=STYLED_ITEM('',(#10710),#6383);
#172=STYLED_ITEM('',(#10710),#6384);
#173=STYLED_ITEM('',(#10710),#6385);
#174=STYLED_ITEM('',(#10710),#6386);
#175=STYLED_ITEM('',(#10710),#6387);
#176=STYLED_ITEM('',(#10710),#6388);
#177=STYLED_ITEM('',(#10710),#6389);
#178=STYLED_ITEM('',(#10710),#6390);
#179=STYLED_ITEM('',(#10710),#6391);
#180=STYLED_ITEM('',(#10710),#6392);
#181=STYLED_ITEM('',(#10710),#6393);
#182=STYLED_ITEM('',(#10710),#6394);
#183=STYLED_ITEM('',(#10710),#6395);
#184=STYLED_ITEM('',(#10710),#6396);
#185=STYLED_ITEM('',(#10710),#6397);
#186=STYLED_ITEM('',(#10710),#6398);
#187=STYLED_ITEM('',(#10710),#6399);
#188=STYLED_ITEM('',(#10710),#6400);
#189=STYLED_ITEM('',(#10710),#6401);
#190=STYLED_ITEM('',(#10710),#6402);
#191=STYLED_ITEM('',(#10710),#6403);
#192=STYLED_ITEM('',(#10710),#6404);
#193=STYLED_ITEM('',(#10710),#6405);
#194=STYLED_ITEM('',(#10710),#6406);
#195=STYLED_ITEM('',(#10710),#6407);
#196=STYLED_ITEM('',(#10710),#6408);
#197=STYLED_ITEM('',(#10710),#6409);
#198=STYLED_ITEM('',(#10710),#6410);
#199=STYLED_ITEM('',(#10710),#6411);
#200=STYLED_ITEM('',(#10710),#6412);
#201=STYLED_ITEM('',(#10710),#6413);
#202=STYLED_ITEM('',(#10710),#6414);
#203=STYLED_ITEM('',(#10710),#6415);
#204=STYLED_ITEM('',(#10710),#6416);
#205=STYLED_ITEM('',(#10710),#6417);
#206=STYLED_ITEM('',(#10710),#6418);
#207=STYLED_ITEM('',(#10710),#6419);
#208=STYLED_ITEM('',(#10710),#6420);
#209=STYLED_ITEM('',(#10710),#6421);
#210=STYLED_ITEM('',(#10710),#6422);
#211=STYLED_ITEM('',(#10710),#6423);
#212=STYLED_ITEM('',(#10710),#6424);
#213=STYLED_ITEM('',(#10710),#6425);
#214=STYLED_ITEM('',(#10710),#6426);
#215=STYLED_ITEM('',(#10710),#6427);
#216=STYLED_ITEM('',(#10710),#6428);
#217=STYLED_ITEM('',(#10710),#6429);
#218=STYLED_ITEM('',(#10710),#6430);
#219=STYLED_ITEM('',(#10710),#6431);
#220=STYLED_ITEM('',(#10710),#6432);
#221=STYLED_ITEM('',(#10710),#6433);
#222=STYLED_ITEM('',(#10710),#6434);
#223=STYLED_ITEM('',(#10710),#6435);
#224=STYLED_ITEM('',(#10710),#6436);
#225=STYLED_ITEM('',(#10710),#6437);
#226=STYLED_ITEM('',(#10710),#6438);
#227=STYLED_ITEM('',(#10710),#6439);
#228=STYLED_ITEM('',(#10710),#6440);
#229=STYLED_ITEM('',(#10710),#6441);
#230=STYLED_ITEM('',(#10710),#6442);
#231=STYLED_ITEM('',(#10710),#6443);
#232=STYLED_ITEM('',(#10710),#6444);
#233=STYLED_ITEM('',(#10710),#6445);
#234=STYLED_ITEM('',(#10710),#6446);
#235=STYLED_ITEM('',(#10710),#6447);
#236=STYLED_ITEM('',(#10710),#6448);
#237=STYLED_ITEM('',(#10710),#6449);
#238=STYLED_ITEM('',(#10710),#6450);
#239=STYLED_ITEM('',(#10710),#6451);
#240=STYLED_ITEM('',(#10710),#6452);
#241=STYLED_ITEM('',(#10710),#6453);
#242=STYLED_ITEM('',(#10710),#6454);
#243=STYLED_ITEM('',(#10710),#6455);
#244=STYLED_ITEM('',(#10710),#6456);
#245=STYLED_ITEM('',(#10710),#6457);
#246=STYLED_ITEM('',(#10710),#6458);
#247=STYLED_ITEM('',(#10710),#6459);
#248=STYLED_ITEM('',(#10710),#6460);
#249=STYLED_ITEM('',(#10710),#6461);
#250=STYLED_ITEM('',(#10710),#6462);
#251=STYLED_ITEM('',(#10710),#6463);
#252=STYLED_ITEM('',(#10710),#6464);
#253=STYLED_ITEM('',(#10710),#6465);
#254=STYLED_ITEM('',(#10710),#6466);
#255=STYLED_ITEM('',(#10710),#6467);
#256=STYLED_ITEM('',(#10710),#6468);
#257=STYLED_ITEM('',(#10710),#6469);
#258=STYLED_ITEM('',(#10710),#6470);
#259=STYLED_ITEM('',(#10710),#6471);
#260=STYLED_ITEM('',(#10710),#6472);
#261=STYLED_ITEM('',(#10710),#6473);
#262=STYLED_ITEM('',(#10710),#6474);
#263=STYLED_ITEM('',(#10710),#6475);
#264=STYLED_ITEM('',(#10710),#6476);
#265=STYLED_ITEM('',(#10710),#6477);
#266=STYLED_ITEM('',(#10710),#6478);
#267=STYLED_ITEM('',(#10710),#6479);
#268=STYLED_ITEM('',(#10710),#6480);
#269=STYLED_ITEM('',(#10710),#6481);
#270=STYLED_ITEM('',(#10710),#6482);
#271=STYLED_ITEM('',(#10710),#6483);
#272=STYLED_ITEM('',(#10710),#6484);
#273=STYLED_ITEM('',(#10710),#6485);
#274=STYLED_ITEM('',(#10710),#6486);
#275=STYLED_ITEM('',(#10710),#6487);
#276=STYLED_ITEM('',(#10710),#6497);
#277=STYLED_ITEM('',(#10710),#6498);
#278=STYLED_ITEM('',(#10710),#6499);
#279=STYLED_ITEM('',(#10710),#6500);
#280=STYLED_ITEM('',(#10710),#6501);
#281=STYLED_ITEM('',(#10710),#6502);
#282=STYLED_ITEM('',(#10710),#6503);
#283=STYLED_ITEM('',(#10710),#6504);
#284=STYLED_ITEM('',(#10710),#6505);
#285=STYLED_ITEM('',(#10710),#6506);
#286=STYLED_ITEM('',(#10710),#6507);
#287=STYLED_ITEM('',(#10710),#6508);
#288=STYLED_ITEM('',(#10710),#6509);
#289=STYLED_ITEM('',(#10710),#6510);
#290=STYLED_ITEM('',(#10710),#6511);
#291=STYLED_ITEM('',(#10710),#6513);
#292=STYLED_ITEM('',(#10710),#6521);
#293=STYLED_ITEM('',(#10710),#6522);
#294=STYLED_ITEM('',(#10710),#6523);
#295=STYLED_ITEM('',(#10710),#6524);
#296=STYLED_ITEM('',(#10710),#6525);
#297=STYLED_ITEM('',(#10710),#6526);
#298=STYLED_ITEM('',(#10710),#6527);
#299=STYLED_ITEM('',(#10710),#6528);
#300=STYLED_ITEM('',(#10710),#6529);
#301=STYLED_ITEM('',(#10710),#6530);
#302=STYLED_ITEM('',(#10710),#6531);
#303=STYLED_ITEM('',(#10710),#6532);
#304=STYLED_ITEM('',(#10710),#6533);
#305=STYLED_ITEM('',(#10710),#6534);
#306=STYLED_ITEM('',(#10710),#6535);
#307=STYLED_ITEM('',(#10710),#6536);
#308=STYLED_ITEM('',(#10710),#6537);
#309=STYLED_ITEM('',(#10710),#6538);
#310=STYLED_ITEM('',(#10710),#6539);
#311=STYLED_ITEM('',(#10710),#6540);
#312=STYLED_ITEM('',(#10710),#6541);
#313=STYLED_ITEM('',(#10710),#6542);
#314=STYLED_ITEM('',(#10710),#6543);
#315=STYLED_ITEM('',(#10710),#6544);
#316=STYLED_ITEM('',(#10710),#6545);
#317=STYLED_ITEM('',(#10710),#6546);
#318=STYLED_ITEM('',(#10710),#6547);
#319=STYLED_ITEM('',(#10710),#6548);
#320=STYLED_ITEM('',(#10710),#6549);
#321=STYLED_ITEM('',(#10710),#6550);
#322=STYLED_ITEM('',(#10710),#6551);
#323=STYLED_ITEM('',(#10710),#6552);
#324=STYLED_ITEM('',(#10710),#6553);
#325=STYLED_ITEM('',(#10710),#6554);
#326=STYLED_ITEM('',(#10710),#6555);
#327=STYLED_ITEM('',(#10710),#6556);
#328=STYLED_ITEM('',(#10710),#6557);
#329=STYLED_ITEM('',(#10710),#6558);
#330=STYLED_ITEM('',(#10710),#6559);
#331=STYLED_ITEM('',(#10710),#6560);
#332=STYLED_ITEM('',(#10710),#6561);
#333=STYLED_ITEM('',(#10710),#6562);
#334=STYLED_ITEM('',(#10710),#6563);
#335=STYLED_ITEM('',(#10710),#6564);
#336=STYLED_ITEM('',(#10710),#6565);
#337=STYLED_ITEM('',(#10710),#6566);
#338=STYLED_ITEM('',(#10710),#6567);
#339=STYLED_ITEM('',(#10710),#6568);
#340=STYLED_ITEM('',(#10710),#6569);
#341=STYLED_ITEM('',(#10710),#6570);
#342=STYLED_ITEM('',(#10710),#6571);
#343=STYLED_ITEM('',(#10710),#6572);
#344=STYLED_ITEM('',(#10710),#6573);
#345=STYLED_ITEM('',(#10710),#6574);
#346=STYLED_ITEM('',(#10710),#6575);
#347=STYLED_ITEM('',(#10709),#13);
#348=(
BOUNDED_CURVE()
B_SPLINE_CURVE(3,(#8926,#8927,#8928,#8929),.UNSPECIFIED.,.F.,.F.)
B_SPLINE_CURVE_WITH_KNOTS((4,4),(0.,1.),.UNSPECIFIED.)
CURVE()
GEOMETRIC_REPRESENTATION_ITEM()
RATIONAL_B_SPLINE_CURVE((1.,1.,1.,1.))
REPRESENTATION_ITEM('')
);
#349=(
BOUNDED_CURVE()
B_SPLINE_CURVE(3,(#8931,#8932,#8933,#8934),.UNSPECIFIED.,.F.,.F.)
B_SPLINE_CURVE_WITH_KNOTS((4,4),(0.,1.),.UNSPECIFIED.)
CURVE()
GEOMETRIC_REPRESENTATION_ITEM()
RATIONAL_B_SPLINE_CURVE((1.,1.,1.,1.))
REPRESENTATION_ITEM('')
);
#350=(
BOUNDED_CURVE()
B_SPLINE_CURVE(3,(#8938,#8939,#8940,#8941),.UNSPECIFIED.,.F.,.F.)
B_SPLINE_CURVE_WITH_KNOTS((4,4),(0.,1.),.UNSPECIFIED.)
CURVE()
GEOMETRIC_REPRESENTATION_ITEM()
RATIONAL_B_SPLINE_CURVE((1.,1.,1.,1.))
REPRESENTATION_ITEM('')
);
#351=(
BOUNDED_CURVE()
B_SPLINE_CURVE(3,(#8949,#8950,#8951,#8952),.UNSPECIFIED.,.F.,.F.)
B_SPLINE_CURVE_WITH_KNOTS((4,4),(0.,1.),.UNSPECIFIED.)
CURVE()
GEOMETRIC_REPRESENTATION_ITEM()
RATIONAL_B_SPLINE_CURVE((1.,1.,1.,1.))
REPRESENTATION_ITEM('')
);
#352=(
BOUNDED_CURVE()
B_SPLINE_CURVE(3,(#8956,#8957,#8958,#8959),.UNSPECIFIED.,.F.,.F.)
B_SPLINE_CURVE_WITH_KNOTS((4,4),(0.,1.),.UNSPECIFIED.)
CURVE()
GEOMETRIC_REPRESENTATION_ITEM()
RATIONAL_B_SPLINE_CURVE((1.,1.,1.,1.))
REPRESENTATION_ITEM('')
);
#353=(
BOUNDED_CURVE()
B_SPLINE_CURVE(3,(#8961,#8962,#8963,#8964),.UNSPECIFIED.,.F.,.F.)
B_SPLINE_CURVE_WITH_KNOTS((4,4),(0.,1.),.UNSPECIFIED.)
CURVE()
GEOMETRIC_REPRESENTATION_ITEM()
RATIONAL_B_SPLINE_CURVE((1.,1.,1.,1.))
REPRESENTATION_ITEM('')
);
#354=(
BOUNDED_CURVE()
B_SPLINE_CURVE(3,(#8972,#8973,#8974,#8975),.UNSPECIFIED.,.F.,.F.)
B_SPLINE_CURVE_WITH_KNOTS((4,4),(0.,1.),.UNSPECIFIED.)
CURVE()
GEOMETRIC_REPRESENTATION_ITEM()
RATIONAL_B_SPLINE_CURVE((1.,1.,1.,1.))
REPRESENTATION_ITEM('')
);
#355=(
BOUNDED_CURVE()
B_SPLINE_CURVE(3,(#8979,#8980,#8981,#8982),.UNSPECIFIED.,.F.,.F.)
B_SPLINE_CURVE_WITH_KNOTS((4,4),(0.,1.),.UNSPECIFIED.)
CURVE()
GEOMETRIC_REPRESENTATION_ITEM()
RATIONAL_B_SPLINE_CURVE((1.,1.,1.,1.))
REPRESENTATION_ITEM('')
);
#356=(
BOUNDED_CURVE()
B_SPLINE_CURVE(3,(#8984,#8985,#8986,#8987),.UNSPECIFIED.,.F.,.F.)
B_SPLINE_CURVE_WITH_KNOTS((4,4),(0.,1.),.UNSPECIFIED.)
CURVE()
GEOMETRIC_REPRESENTATION_ITEM()
RATIONAL_B_SPLINE_CURVE((1.,1.,1.,1.))
REPRESENTATION_ITEM('')
);
#357=(
BOUNDED_CURVE()
B_SPLINE_CURVE(3,(#8991,#8992,#8993,#8994),.UNSPECIFIED.,.F.,.F.)
B_SPLINE_CURVE_WITH_KNOTS((4,4),(0.,1.),.UNSPECIFIED.)
CURVE()
GEOMETRIC_REPRESENTATION_ITEM()
RATIONAL_B_SPLINE_CURVE((1.,1.,1.,1.))
REPRESENTATION_ITEM('')
);
#358=(
BOUNDED_CURVE()
B_SPLINE_CURVE(3,(#9000,#9001,#9002,#9003),.UNSPECIFIED.,.F.,.F.)
B_SPLINE_CURVE_WITH_KNOTS((4,4),(0.,1.),.UNSPECIFIED.)
CURVE()
GEOMETRIC_REPRESENTATION_ITEM()
RATIONAL_B_SPLINE_CURVE((1.,1.,1.,1.))
REPRESENTATION_ITEM('')
);
#359=(
BOUNDED_CURVE()
B_SPLINE_CURVE(3,(#9007,#9008,#9009,#9010),.UNSPECIFIED.,.F.,.F.)
B_SPLINE_CURVE_WITH_KNOTS((4,4),(0.,1.),.UNSPECIFIED.)
CURVE()
GEOMETRIC_REPRESENTATION_ITEM()
RATIONAL_B_SPLINE_CURVE((1.,1.,1.,1.))
REPRESENTATION_ITEM('')
);
#360=(
BOUNDED_CURVE()
B_SPLINE_CURVE(3,(#9012,#9013,#9014,#9015),.UNSPECIFIED.,.F.,.F.)
B_SPLINE_CURVE_WITH_KNOTS((4,4),(0.,1.),.UNSPECIFIED.)
CURVE()
GEOMETRIC_REPRESENTATION_ITEM()
RATIONAL_B_SPLINE_CURVE((1.,1.,1.,1.))
REPRESENTATION_ITEM('')
);
#361=(
BOUNDED_CURVE()
B_SPLINE_CURVE(3,(#9019,#9020,#9021,#9022),.UNSPECIFIED.,.F.,.F.)
B_SPLINE_CURVE_WITH_KNOTS((4,4),(0.,1.),.UNSPECIFIED.)
CURVE()
GEOMETRIC_REPRESENTATION_ITEM()
RATIONAL_B_SPLINE_CURVE((1.,1.,1.,1.))
REPRESENTATION_ITEM('')
);
#362=(
BOUNDED_CURVE()
B_SPLINE_CURVE(3,(#9030,#9031,#9032,#9033),.UNSPECIFIED.,.F.,.F.)
B_SPLINE_CURVE_WITH_KNOTS((4,4),(0.,1.),.UNSPECIFIED.)
CURVE()
GEOMETRIC_REPRESENTATION_ITEM()
RATIONAL_B_SPLINE_CURVE((1.,1.,1.,1.))
REPRESENTATION_ITEM('')
);
#363=(
BOUNDED_CURVE()
B_SPLINE_CURVE(3,(#9035,#9036,#9037,#9038),.UNSPECIFIED.,.F.,.F.)
B_SPLINE_CURVE_WITH_KNOTS((4,4),(0.,1.),.UNSPECIFIED.)
CURVE()
GEOMETRIC_REPRESENTATION_ITEM()
RATIONAL_B_SPLINE_CURVE((1.,1.,1.,1.))
REPRESENTATION_ITEM('')
);
#364=(
BOUNDED_CURVE()
B_SPLINE_CURVE(3,(#9042,#9043,#9044,#9045),.UNSPECIFIED.,.F.,.F.)
B_SPLINE_CURVE_WITH_KNOTS((4,4),(0.,1.),.UNSPECIFIED.)
CURVE()
GEOMETRIC_REPRESENTATION_ITEM()
RATIONAL_B_SPLINE_CURVE((1.,1.,1.,1.))
REPRESENTATION_ITEM('')
);
#365=(
BOUNDED_CURVE()
B_SPLINE_CURVE(3,(#9051,#9052,#9053,#9054),.UNSPECIFIED.,.F.,.F.)
B_SPLINE_CURVE_WITH_KNOTS((4,4),(0.,0.281089043382097),.UNSPECIFIED.)
CURVE()
GEOMETRIC_REPRESENTATION_ITEM()
RATIONAL_B_SPLINE_CURVE((1.,1.,1.,1.))
REPRESENTATION_ITEM('')
);
#366=(
BOUNDED_CURVE()
B_SPLINE_CURVE(3,(#9058,#9059,#9060,#9061),.UNSPECIFIED.,.F.,.F.)
B_SPLINE_CURVE_WITH_KNOTS((4,4),(0.,1.),.UNSPECIFIED.)
CURVE()
GEOMETRIC_REPRESENTATION_ITEM()
RATIONAL_B_SPLINE_CURVE((1.,1.,1.,1.))
REPRESENTATION_ITEM('')
);
#367=(
BOUNDED_CURVE()
B_SPLINE_CURVE(3,(#9065,#9066,#9067,#9068),.UNSPECIFIED.,.F.,.F.)
B_SPLINE_CURVE_WITH_KNOTS((4,4),(0.,1.),.UNSPECIFIED.)
CURVE()
GEOMETRIC_REPRESENTATION_ITEM()
RATIONAL_B_SPLINE_CURVE((1.,1.,1.,1.))
REPRESENTATION_ITEM('')
);
#368=(
BOUNDED_CURVE()
B_SPLINE_CURVE(3,(#9070,#9071,#9072,#9073),.UNSPECIFIED.,.F.,.F.)
B_SPLINE_CURVE_WITH_KNOTS((4,4),(0.,1.),.UNSPECIFIED.)
CURVE()
GEOMETRIC_REPRESENTATION_ITEM()
RATIONAL_B_SPLINE_CURVE((1.,1.,1.,1.))
REPRESENTATION_ITEM('')
);
#369=(
BOUNDED_CURVE()
B_SPLINE_CURVE(3,(#9079,#9080,#9081,#9082),.UNSPECIFIED.,.F.,.F.)
B_SPLINE_CURVE_WITH_KNOTS((4,4),(0.,1.),.UNSPECIFIED.)
CURVE()
GEOMETRIC_REPRESENTATION_ITEM()
RATIONAL_B_SPLINE_CURVE((1.,1.,1.,1.))
REPRESENTATION_ITEM('')
);
#370=(
BOUNDED_CURVE()
B_SPLINE_CURVE(3,(#9084,#9085,#9086,#9087),.UNSPECIFIED.,.F.,.F.)
B_SPLINE_CURVE_WITH_KNOTS((4,4),(0.,1.),.UNSPECIFIED.)
CURVE()
GEOMETRIC_REPRESENTATION_ITEM()
RATIONAL_B_SPLINE_CURVE((1.,1.,1.,1.))
REPRESENTATION_ITEM('')
);
#371=(
BOUNDED_CURVE()
B_SPLINE_CURVE(3,(#9091,#9092,#9093,#9094),.UNSPECIFIED.,.F.,.F.)
B_SPLINE_CURVE_WITH_KNOTS((4,4),(0.,1.),.UNSPECIFIED.)
CURVE()
GEOMETRIC_REPRESENTATION_ITEM()
RATIONAL_B_SPLINE_CURVE((1.,1.,1.,1.))
REPRESENTATION_ITEM('')
);
#372=(
BOUNDED_CURVE()
B_SPLINE_CURVE(3,(#9096,#9097,#9098,#9099),.UNSPECIFIED.,.F.,.F.)
B_SPLINE_CURVE_WITH_KNOTS((4,4),(0.,1.),.UNSPECIFIED.)
CURVE()
GEOMETRIC_REPRESENTATION_ITEM()
RATIONAL_B_SPLINE_CURVE((1.,1.,1.,1.))
REPRESENTATION_ITEM('')
);
#373=(
BOUNDED_CURVE()
B_SPLINE_CURVE(3,(#9109,#9110,#9111,#9112),.UNSPECIFIED.,.F.,.F.)
B_SPLINE_CURVE_WITH_KNOTS((4,4),(0.,1.),.UNSPECIFIED.)
CURVE()
GEOMETRIC_REPRESENTATION_ITEM()
RATIONAL_B_SPLINE_CURVE((1.,1.,1.,1.))
REPRESENTATION_ITEM('')
);
#374=(
BOUNDED_CURVE()
B_SPLINE_CURVE(3,(#9114,#9115,#9116,#9117),.UNSPECIFIED.,.F.,.F.)
B_SPLINE_CURVE_WITH_KNOTS((4,4),(0.,1.),.UNSPECIFIED.)
CURVE()
GEOMETRIC_REPRESENTATION_ITEM()
RATIONAL_B_SPLINE_CURVE((1.,1.,1.,1.))
REPRESENTATION_ITEM('')
);
#375=(
BOUNDED_CURVE()
B_SPLINE_CURVE(3,(#9121,#9122,#9123,#9124),.UNSPECIFIED.,.F.,.F.)
B_SPLINE_CURVE_WITH_KNOTS((4,4),(0.,1.),.UNSPECIFIED.)
CURVE()
GEOMETRIC_REPRESENTATION_ITEM()
RATIONAL_B_SPLINE_CURVE((1.,1.,1.,1.))
REPRESENTATION_ITEM('')
);
#376=(
BOUNDED_CURVE()
B_SPLINE_CURVE(3,(#9126,#9127,#9128,#9129),.UNSPECIFIED.,.F.,.F.)
B_SPLINE_CURVE_WITH_KNOTS((4,4),(0.,1.),.UNSPECIFIED.)
CURVE()
GEOMETRIC_REPRESENTATION_ITEM()
RATIONAL_B_SPLINE_CURVE((1.,1.,1.,1.))
REPRESENTATION_ITEM('')
);
#377=(
BOUNDED_CURVE()
B_SPLINE_CURVE(3,(#9135,#9136,#9137,#9138),.UNSPECIFIED.,.F.,.F.)
B_SPLINE_CURVE_WITH_KNOTS((4,4),(0.,0.322188446080573),.UNSPECIFIED.)
CURVE()
GEOMETRIC_REPRESENTATION_ITEM()
RATIONAL_B_SPLINE_CURVE((1.,1.,1.,1.))
REPRESENTATION_ITEM('')
);
#378=(
BOUNDED_CURVE()
B_SPLINE_CURVE(3,(#9821,#9822,#9823,#9824),.UNSPECIFIED.,.F.,.F.)
B_SPLINE_CURVE_WITH_KNOTS((4,4),(-1.,0.),.UNSPECIFIED.)
CURVE()
GEOMETRIC_REPRESENTATION_ITEM()
RATIONAL_B_SPLINE_CURVE((1.,1.,1.,1.))
REPRESENTATION_ITEM('')
);
#379=(
BOUNDED_CURVE()
B_SPLINE_CURVE(3,(#9835,#9836,#9837,#9838),.UNSPECIFIED.,.F.,.F.)
B_SPLINE_CURVE_WITH_KNOTS((4,4),(-1.,0.),.UNSPECIFIED.)
CURVE()
GEOMETRIC_REPRESENTATION_ITEM()
RATIONAL_B_SPLINE_CURVE((1.,1.,1.,1.))
REPRESENTATION_ITEM('')
);
#380=(
BOUNDED_CURVE()
B_SPLINE_CURVE(3,(#9853,#9854,#9855,#9856),.UNSPECIFIED.,.F.,.F.)
B_SPLINE_CURVE_WITH_KNOTS((4,4),(-1.,0.),.UNSPECIFIED.)
CURVE()
GEOMETRIC_REPRESENTATION_ITEM()
RATIONAL_B_SPLINE_CURVE((1.,1.,1.,1.))
REPRESENTATION_ITEM('')
);
#381=(
BOUNDED_CURVE()
B_SPLINE_CURVE(3,(#9879,#9880,#9881,#9882),.UNSPECIFIED.,.F.,.F.)
B_SPLINE_CURVE_WITH_KNOTS((4,4),(-1.,0.),.UNSPECIFIED.)
CURVE()
GEOMETRIC_REPRESENTATION_ITEM()
RATIONAL_B_SPLINE_CURVE((1.,1.,1.,1.))
REPRESENTATION_ITEM('')
);
#382=(
BOUNDED_CURVE()
B_SPLINE_CURVE(3,(#9897,#9898,#9899,#9900),.UNSPECIFIED.,.F.,.F.)
B_SPLINE_CURVE_WITH_KNOTS((4,4),(-1.,0.),.UNSPECIFIED.)
CURVE()
GEOMETRIC_REPRESENTATION_ITEM()
RATIONAL_B_SPLINE_CURVE((1.,1.,1.,1.))
REPRESENTATION_ITEM('')
);
#383=(
BOUNDED_CURVE()
B_SPLINE_CURVE(3,(#9911,#9912,#9913,#9914),.UNSPECIFIED.,.F.,.F.)
B_SPLINE_CURVE_WITH_KNOTS((4,4),(-1.,0.),.UNSPECIFIED.)
CURVE()
GEOMETRIC_REPRESENTATION_ITEM()
RATIONAL_B_SPLINE_CURVE((1.,1.,1.,1.))
REPRESENTATION_ITEM('')
);
#384=(
BOUNDED_CURVE()
B_SPLINE_CURVE(3,(#9937,#9938,#9939,#9940),.UNSPECIFIED.,.F.,.F.)
B_SPLINE_CURVE_WITH_KNOTS((4,4),(-1.,0.),.UNSPECIFIED.)
CURVE()
GEOMETRIC_REPRESENTATION_ITEM()
RATIONAL_B_SPLINE_CURVE((1.,1.,1.,1.))
REPRESENTATION_ITEM('')
);
#385=(
BOUNDED_CURVE()
B_SPLINE_CURVE(3,(#9955,#9956,#9957,#9958),.UNSPECIFIED.,.F.,.F.)
B_SPLINE_CURVE_WITH_KNOTS((4,4),(-1.,0.),.UNSPECIFIED.)
CURVE()
GEOMETRIC_REPRESENTATION_ITEM()
RATIONAL_B_SPLINE_CURVE((1.,1.,1.,1.))
REPRESENTATION_ITEM('')
);
#386=(
BOUNDED_CURVE()
B_SPLINE_CURVE(3,(#9969,#9970,#9971,#9972),.UNSPECIFIED.,.F.,.F.)
B_SPLINE_CURVE_WITH_KNOTS((4,4),(-1.,0.),.UNSPECIFIED.)
CURVE()
GEOMETRIC_REPRESENTATION_ITEM()
RATIONAL_B_SPLINE_CURVE((1.,1.,1.,1.))
REPRESENTATION_ITEM('')
);
#387=(
BOUNDED_CURVE()
B_SPLINE_CURVE(3,(#9987,#9988,#9989,#9990),.UNSPECIFIED.,.F.,.F.)
B_SPLINE_CURVE_WITH_KNOTS((4,4),(-1.,0.),.UNSPECIFIED.)
CURVE()
GEOMETRIC_REPRESENTATION_ITEM()
RATIONAL_B_SPLINE_CURVE((1.,1.,1.,1.))
REPRESENTATION_ITEM('')
);
#388=(
BOUNDED_CURVE()
B_SPLINE_CURVE(3,(#10009,#10010,#10011,#10012),.UNSPECIFIED.,.F.,.F.)
B_SPLINE_CURVE_WITH_KNOTS((4,4),(-1.,0.),.UNSPECIFIED.)
CURVE()
GEOMETRIC_REPRESENTATION_ITEM()
RATIONAL_B_SPLINE_CURVE((1.,1.,1.,1.))
REPRESENTATION_ITEM('')
);
#389=(
BOUNDED_CURVE()
B_SPLINE_CURVE(3,(#10027,#10028,#10029,#10030),.UNSPECIFIED.,.F.,.F.)
B_SPLINE_CURVE_WITH_KNOTS((4,4),(-1.,0.),.UNSPECIFIED.)
CURVE()
GEOMETRIC_REPRESENTATION_ITEM()
RATIONAL_B_SPLINE_CURVE((1.,1.,1.,1.))
REPRESENTATION_ITEM('')
);
#390=(
BOUNDED_CURVE()
B_SPLINE_CURVE(3,(#10041,#10042,#10043,#10044),.UNSPECIFIED.,.F.,.F.)
B_SPLINE_CURVE_WITH_KNOTS((4,4),(-1.,0.),.UNSPECIFIED.)
CURVE()
GEOMETRIC_REPRESENTATION_ITEM()
RATIONAL_B_SPLINE_CURVE((1.,1.,1.,1.))
REPRESENTATION_ITEM('')
);
#391=(
BOUNDED_CURVE()
B_SPLINE_CURVE(3,(#10059,#10060,#10061,#10062),.UNSPECIFIED.,.F.,.F.)
B_SPLINE_CURVE_WITH_KNOTS((4,4),(-1.,0.),.UNSPECIFIED.)
CURVE()
GEOMETRIC_REPRESENTATION_ITEM()
RATIONAL_B_SPLINE_CURVE((1.,1.,1.,1.))
REPRESENTATION_ITEM('')
);
#392=(
BOUNDED_CURVE()
B_SPLINE_CURVE(3,(#10085,#10086,#10087,#10088),.UNSPECIFIED.,.F.,.F.)
B_SPLINE_CURVE_WITH_KNOTS((4,4),(-1.,0.),.UNSPECIFIED.)
CURVE()
GEOMETRIC_REPRESENTATION_ITEM()
RATIONAL_B_SPLINE_CURVE((1.,1.,1.,1.))
REPRESENTATION_ITEM('')
);
#393=(
BOUNDED_CURVE()
B_SPLINE_CURVE(3,(#10099,#10100,#10101,#10102),.UNSPECIFIED.,.F.,.F.)
B_SPLINE_CURVE_WITH_KNOTS((4,4),(-1.,0.),.UNSPECIFIED.)
CURVE()
GEOMETRIC_REPRESENTATION_ITEM()
RATIONAL_B_SPLINE_CURVE((1.,1.,1.,1.))
REPRESENTATION_ITEM('')
);
#394=(
BOUNDED_CURVE()
B_SPLINE_CURVE(3,(#10117,#10118,#10119,#10120),.UNSPECIFIED.,.F.,.F.)
B_SPLINE_CURVE_WITH_KNOTS((4,4),(-1.,0.),.UNSPECIFIED.)
CURVE()
GEOMETRIC_REPRESENTATION_ITEM()
RATIONAL_B_SPLINE_CURVE((1.,1.,1.,1.))
REPRESENTATION_ITEM('')
);
#395=(
BOUNDED_CURVE()
B_SPLINE_CURVE(3,(#10139,#10140,#10141,#10142),.UNSPECIFIED.,.F.,.F.)
B_SPLINE_CURVE_WITH_KNOTS((4,4),(-0.281089043382097,0.),.UNSPECIFIED.)
CURVE()
GEOMETRIC_REPRESENTATION_ITEM()
RATIONAL_B_SPLINE_CURVE((1.,1.,1.,1.))
REPRESENTATION_ITEM('')
);
#396=(
BOUNDED_CURVE()
B_SPLINE_CURVE(3,(#10157,#10158,#10159,#10160),.UNSPECIFIED.,.F.,.F.)
B_SPLINE_CURVE_WITH_KNOTS((4,4),(-1.,0.),.UNSPECIFIED.)
CURVE()
GEOMETRIC_REPRESENTATION_ITEM()
RATIONAL_B_SPLINE_CURVE((1.,1.,1.,1.))
REPRESENTATION_ITEM('')
);
#397=(
BOUNDED_CURVE()
B_SPLINE_CURVE(3,(#10175,#10176,#10177,#10178),.UNSPECIFIED.,.F.,.F.)
B_SPLINE_CURVE_WITH_KNOTS((4,4),(-1.,0.),.UNSPECIFIED.)
CURVE()
GEOMETRIC_REPRESENTATION_ITEM()
RATIONAL_B_SPLINE_CURVE((1.,1.,1.,1.))
REPRESENTATION_ITEM('')
);
#398=(
BOUNDED_CURVE()
B_SPLINE_CURVE(3,(#10189,#10190,#10191,#10192),.UNSPECIFIED.,.F.,.F.)
B_SPLINE_CURVE_WITH_KNOTS((4,4),(-1.,0.),.UNSPECIFIED.)
CURVE()
GEOMETRIC_REPRESENTATION_ITEM()
RATIONAL_B_SPLINE_CURVE((1.,1.,1.,1.))
REPRESENTATION_ITEM('')
);
#399=(
BOUNDED_CURVE()
B_SPLINE_CURVE(3,(#10211,#10212,#10213,#10214),.UNSPECIFIED.,.F.,.F.)
B_SPLINE_CURVE_WITH_KNOTS((4,4),(-1.,0.),.UNSPECIFIED.)
CURVE()
GEOMETRIC_REPRESENTATION_ITEM()
RATIONAL_B_SPLINE_CURVE((1.,1.,1.,1.))
REPRESENTATION_ITEM('')
);
#400=(
BOUNDED_CURVE()
B_SPLINE_CURVE(3,(#10225,#10226,#10227,#10228),.UNSPECIFIED.,.F.,.F.)
B_SPLINE_CURVE_WITH_KNOTS((4,4),(-1.,0.),.UNSPECIFIED.)
CURVE()
GEOMETRIC_REPRESENTATION_ITEM()
RATIONAL_B_SPLINE_CURVE((1.,1.,1.,1.))
REPRESENTATION_ITEM('')
);
#401=(
BOUNDED_CURVE()
B_SPLINE_CURVE(3,(#10243,#10244,#10245,#10246),.UNSPECIFIED.,.F.,.F.)
B_SPLINE_CURVE_WITH_KNOTS((4,4),(-1.,0.),.UNSPECIFIED.)
CURVE()
GEOMETRIC_REPRESENTATION_ITEM()
RATIONAL_B_SPLINE_CURVE((1.,1.,1.,1.))
REPRESENTATION_ITEM('')
);
#402=(
BOUNDED_CURVE()
B_SPLINE_CURVE(3,(#10257,#10258,#10259,#10260),.UNSPECIFIED.,.F.,.F.)
B_SPLINE_CURVE_WITH_KNOTS((4,4),(-1.,0.),.UNSPECIFIED.)
CURVE()
GEOMETRIC_REPRESENTATION_ITEM()
RATIONAL_B_SPLINE_CURVE((1.,1.,1.,1.))
REPRESENTATION_ITEM('')
);
#403=(
BOUNDED_CURVE()
B_SPLINE_CURVE(3,(#10287,#10288,#10289,#10290),.UNSPECIFIED.,.F.,.F.)
B_SPLINE_CURVE_WITH_KNOTS((4,4),(-1.,0.),.UNSPECIFIED.)
CURVE()
GEOMETRIC_REPRESENTATION_ITEM()
RATIONAL_B_SPLINE_CURVE((1.,1.,1.,1.))
REPRESENTATION_ITEM('')
);
#404=(
BOUNDED_CURVE()
B_SPLINE_CURVE(3,(#10301,#10302,#10303,#10304),.UNSPECIFIED.,.F.,.F.)
B_SPLINE_CURVE_WITH_KNOTS((4,4),(-1.,0.),.UNSPECIFIED.)
CURVE()
GEOMETRIC_REPRESENTATION_ITEM()
RATIONAL_B_SPLINE_CURVE((1.,1.,1.,1.))
REPRESENTATION_ITEM('')
);
#405=(
BOUNDED_CURVE()
B_SPLINE_CURVE(3,(#10319,#10320,#10321,#10322),.UNSPECIFIED.,.F.,.F.)
B_SPLINE_CURVE_WITH_KNOTS((4,4),(-1.,0.),.UNSPECIFIED.)
CURVE()
GEOMETRIC_REPRESENTATION_ITEM()
RATIONAL_B_SPLINE_CURVE((1.,1.,1.,1.))
REPRESENTATION_ITEM('')
);
#406=(
BOUNDED_CURVE()
B_SPLINE_CURVE(3,(#10333,#10334,#10335,#10336),.UNSPECIFIED.,.F.,.F.)
B_SPLINE_CURVE_WITH_KNOTS((4,4),(-1.,0.),.UNSPECIFIED.)
CURVE()
GEOMETRIC_REPRESENTATION_ITEM()
RATIONAL_B_SPLINE_CURVE((1.,1.,1.,1.))
REPRESENTATION_ITEM('')
);
#407=(
BOUNDED_CURVE()
B_SPLINE_CURVE(3,(#10355,#10356,#10357,#10358),.UNSPECIFIED.,.F.,.F.)
B_SPLINE_CURVE_WITH_KNOTS((4,4),(-0.322188446080573,0.),.UNSPECIFIED.)
CURVE()
GEOMETRIC_REPRESENTATION_ITEM()
RATIONAL_B_SPLINE_CURVE((1.,1.,1.,1.))
REPRESENTATION_ITEM('')
);
#408=FACE_BOUND('',#2555,.T.);
#409=FACE_BOUND('',#2556,.T.);
#410=FACE_BOUND('',#2557,.T.);
#411=FACE_BOUND('',#2558,.T.);
#412=FACE_BOUND('',#2559,.T.);
#413=FACE_BOUND('',#2560,.T.);
#414=FACE_BOUND('',#2561,.T.);
#415=FACE_BOUND('',#2562,.T.);
#416=FACE_BOUND('',#2563,.T.);
#417=FACE_BOUND('',#2564,.T.);
#418=FACE_BOUND('',#2565,.T.);
#419=FACE_BOUND('',#2566,.T.);
#420=FACE_BOUND('',#2567,.T.);
#421=FACE_BOUND('',#2568,.T.);
#422=FACE_BOUND('',#2569,.T.);
#423=FACE_BOUND('',#2570,.T.);
#424=FACE_BOUND('',#2571,.T.);
#425=FACE_BOUND('',#2572,.T.);
#426=FACE_BOUND('',#2573,.T.);
#427=FACE_BOUND('',#2574,.T.);
#428=FACE_BOUND('',#2575,.T.);
#429=FACE_BOUND('',#2576,.T.);
#430=FACE_BOUND('',#2577,.T.);
#431=FACE_BOUND('',#2578,.T.);
#432=FACE_BOUND('',#2579,.T.);
#433=FACE_BOUND('',#2580,.T.);
#434=FACE_BOUND('',#2581,.T.);
#435=FACE_BOUND('',#2582,.T.);
#436=FACE_BOUND('',#2583,.T.);
#437=FACE_BOUND('',#2584,.T.);
#438=FACE_BOUND('',#2585,.T.);
#439=FACE_BOUND('',#2586,.T.);
#440=FACE_BOUND('',#2587,.T.);
#441=FACE_BOUND('',#2588,.T.);
#442=FACE_BOUND('',#2589,.T.);
#443=FACE_BOUND('',#2590,.T.);
#444=FACE_BOUND('',#2591,.T.);
#445=FACE_BOUND('',#2592,.T.);
#446=FACE_BOUND('',#2593,.T.);
#447=FACE_BOUND('',#2594,.T.);
#448=FACE_BOUND('',#2827,.T.);
#449=FACE_BOUND('',#2828,.T.);
#450=FACE_BOUND('',#2829,.T.);
#451=FACE_BOUND('',#2830,.T.);
#452=FACE_BOUND('',#2831,.T.);
#453=FACE_BOUND('',#2832,.T.);
#454=FACE_BOUND('',#2833,.T.);
#455=FACE_BOUND('',#2834,.T.);
#456=FACE_BOUND('',#2835,.T.);
#457=FACE_BOUND('',#2861,.T.);
#458=FACE_BOUND('',#2862,.T.);
#459=FACE_BOUND('',#2863,.T.);
#460=FACE_BOUND('',#2864,.T.);
#461=FACE_BOUND('',#2865,.T.);
#462=FACE_BOUND('',#2866,.T.);
#463=FACE_BOUND('',#2867,.T.);
#464=FACE_BOUND('',#2868,.T.);
#465=FACE_BOUND('',#2869,.T.);
#466=FACE_BOUND('',#2870,.T.);
#467=FACE_BOUND('',#2871,.T.);
#468=FACE_BOUND('',#2872,.T.);
#469=FACE_BOUND('',#2873,.T.);
#470=PLANE('',#6615);
#471=PLANE('',#6618);
#472=PLANE('',#6621);
#473=PLANE('',#6657);
#474=PLANE('',#6658);
#475=PLANE('',#6659);
#476=PLANE('',#6660);
#477=PLANE('',#6661);
#478=PLANE('',#6662);
#479=PLANE('',#6663);
#480=PLANE('',#6664);
#481=PLANE('',#6665);
#482=PLANE('',#6666);
#483=PLANE('',#6667);
#484=PLANE('',#6668);
#485=PLANE('',#6669);
#486=PLANE('',#6670);
#487=PLANE('',#6671);
#488=PLANE('',#6672);
#489=PLANE('',#6673);
#490=PLANE('',#6674);
#491=PLANE('',#6675);
#492=PLANE('',#6676);
#493=PLANE('',#6677);
#494=PLANE('',#6678);
#495=PLANE('',#6679);
#496=PLANE('',#6680);
#497=PLANE('',#6681);
#498=PLANE('',#6682);
#499=PLANE('',#6683);
#500=PLANE('',#6684);
#501=PLANE('',#6685);
#502=PLANE('',#6686);
#503=PLANE('',#6687);
#504=PLANE('',#6688);
#505=PLANE('',#6689);
#506=PLANE('',#6690);
#507=PLANE('',#6691);
#508=PLANE('',#6692);
#509=PLANE('',#6693);
#510=PLANE('',#6694);
#511=PLANE('',#6695);
#512=PLANE('',#6696);
#513=PLANE('',#6697);
#514=PLANE('',#6698);
#515=PLANE('',#6699);
#516=PLANE('',#6700);
#517=PLANE('',#6701);
#518=PLANE('',#6702);
#519=PLANE('',#6703);
#520=PLANE('',#6704);
#521=PLANE('',#6705);
#522=PLANE('',#6706);
#523=PLANE('',#6707);
#524=PLANE('',#6708);
#525=PLANE('',#6709);
#526=PLANE('',#6710);
#527=PLANE('',#6711);
#528=PLANE('',#6712);
#529=PLANE('',#6713);
#530=PLANE('',#6714);
#531=PLANE('',#6715);
#532=PLANE('',#6716);
#533=PLANE('',#6717);
#534=PLANE('',#6718);
#535=PLANE('',#6719);
#536=PLANE('',#6720);
#537=PLANE('',#6721);
#538=PLANE('',#6722);
#539=PLANE('',#6723);
#540=PLANE('',#6724);
#541=PLANE('',#6725);
#542=PLANE('',#6726);
#543=PLANE('',#6727);
#544=PLANE('',#6728);
#545=PLANE('',#6729);
#546=PLANE('',#6730);
#547=PLANE('',#6731);
#548=PLANE('',#6732);
#549=PLANE('',#6733);
#550=PLANE('',#6734);
#551=PLANE('',#6735);
#552=PLANE('',#6736);
#553=PLANE('',#6737);
#554=PLANE('',#6738);
#555=PLANE('',#6739);
#556=PLANE('',#6740);
#557=PLANE('',#6741);
#558=PLANE('',#6742);
#559=PLANE('',#6743);
#560=PLANE('',#6744);
#561=PLANE('',#6745);
#562=PLANE('',#6746);
#563=PLANE('',#6747);
#564=PLANE('',#6748);
#565=PLANE('',#6749);
#566=PLANE('',#6750);
#567=PLANE('',#6751);
#568=PLANE('',#6752);
#569=PLANE('',#6753);
#570=PLANE('',#6754);
#571=PLANE('',#6755);
#572=PLANE('',#6756);
#573=PLANE('',#6757);
#574=PLANE('',#6758);
#575=PLANE('',#6759);
#576=PLANE('',#6760);
#577=PLANE('',#6761);
#578=PLANE('',#6762);
#579=PLANE('',#6763);
#580=PLANE('',#6764);
#581=PLANE('',#6765);
#582=PLANE('',#6766);
#583=PLANE('',#6767);
#584=PLANE('',#6768);
#585=PLANE('',#6769);
#586=PLANE('',#6770);
#587=PLANE('',#6771);
#588=PLANE('',#6772);
#589=PLANE('',#6773);
#590=PLANE('',#6774);
#591=PLANE('',#6775);
#592=PLANE('',#6776);
#593=PLANE('',#6777);
#594=PLANE('',#6778);
#595=PLANE('',#6779);
#596=PLANE('',#6780);
#597=PLANE('',#6781);
#598=PLANE('',#6782);
#599=PLANE('',#6783);
#600=PLANE('',#6784);
#601=PLANE('',#6785);
#602=PLANE('',#6786);
#603=PLANE('',#6787);
#604=PLANE('',#6788);
#605=PLANE('',#6789);
#606=PLANE('',#6790);
#607=PLANE('',#6791);
#608=PLANE('',#6792);
#609=PLANE('',#6793);
#610=PLANE('',#6794);
#611=PLANE('',#6795);
#612=PLANE('',#6796);
#613=PLANE('',#6797);
#614=PLANE('',#6798);
#615=PLANE('',#6799);
#616=PLANE('',#6800);
#617=PLANE('',#6801);
#618=PLANE('',#6802);
#619=PLANE('',#6803);
#620=PLANE('',#6804);
#621=PLANE('',#6805);
#622=PLANE('',#6806);
#623=PLANE('',#6807);
#624=PLANE('',#6808);
#625=PLANE('',#6809);
#626=PLANE('',#6810);
#627=PLANE('',#6811);
#628=PLANE('',#6812);
#629=PLANE('',#6813);
#630=PLANE('',#6814);
#631=PLANE('',#6815);
#632=PLANE('',#6816);
#633=PLANE('',#6817);
#634=PLANE('',#6818);
#635=PLANE('',#6819);
#636=PLANE('',#6820);
#637=PLANE('',#6821);
#638=PLANE('',#6822);
#639=PLANE('',#6823);
#640=PLANE('',#6824);
#641=PLANE('',#6825);
#642=PLANE('',#6826);
#643=PLANE('',#6827);
#644=PLANE('',#6828);
#645=PLANE('',#6829);
#646=PLANE('',#6830);
#647=PLANE('',#6831);
#648=PLANE('',#6832);
#649=PLANE('',#6833);
#650=PLANE('',#6834);
#651=PLANE('',#6835);
#652=PLANE('',#6836);
#653=PLANE('',#6837);
#654=PLANE('',#6838);
#655=PLANE('',#6839);
#656=PLANE('',#6840);
#657=PLANE('',#6841);
#658=PLANE('',#6842);
#659=PLANE('',#6843);
#660=PLANE('',#6844);
#661=PLANE('',#6845);
#662=PLANE('',#6846);
#663=PLANE('',#6847);
#664=PLANE('',#6848);
#665=PLANE('',#6849);
#666=PLANE('',#6850);
#667=PLANE('',#6851);
#668=PLANE('',#6852);
#669=PLANE('',#6853);
#670=PLANE('',#6854);
#671=PLANE('',#6855);
#672=PLANE('',#6856);
#673=PLANE('',#6857);
#674=PLANE('',#6858);
#675=PLANE('',#6859);
#676=PLANE('',#6860);
#677=PLANE('',#6861);
#678=PLANE('',#6862);
#679=PLANE('',#6863);
#680=PLANE('',#6864);
#681=PLANE('',#6865);
#682=PLANE('',#6866);
#683=PLANE('',#6867);
#684=PLANE('',#6870);
#685=PLANE('',#6873);
#686=PLANE('',#6874);
#687=PLANE('',#6875);
#688=PLANE('',#6876);
#689=PLANE('',#6877);
#690=PLANE('',#6878);
#691=PLANE('',#6879);
#692=PLANE('',#6880);
#693=PLANE('',#6881);
#694=PLANE('',#6882);
#695=PLANE('',#6890);
#696=PLANE('',#6932);
#697=PLANE('',#6935);
#698=PLANE('',#6937);
#699=PLANE('',#6939);
#700=PLANE('',#6941);
#701=PLANE('',#6943);
#702=PLANE('',#6945);
#703=PLANE('',#6947);
#704=PLANE('',#6949);
#705=PLANE('',#6951);
#706=PLANE('',#6953);
#707=PLANE('',#6955);
#708=PLANE('',#6957);
#709=PLANE('',#6959);
#710=PLANE('',#6961);
#711=PLANE('',#6963);
#712=PLANE('',#6965);
#713=PLANE('',#6967);
#714=PLANE('',#6969);
#715=PLANE('',#6971);
#716=PLANE('',#6973);
#717=PLANE('',#6975);
#718=PLANE('',#6977);
#719=PLANE('',#6979);
#720=PLANE('',#6981);
#721=PLANE('',#6983);
#722=PLANE('',#6985);
#723=PLANE('',#6987);
#724=PLANE('',#6989);
#725=LINE('',#8524,#1445);
#726=LINE('',#8525,#1446);
#727=LINE('',#8536,#1447);
#728=LINE('',#8537,#1448);
#729=LINE('',#8548,#1449);
#730=LINE('',#8549,#1450);
#731=LINE('',#8557,#1451);
#732=LINE('',#8558,#1452);
#733=LINE('',#8561,#1453);
#734=LINE('',#8563,#1454);
#735=LINE('',#8564,#1455);
#736=LINE('',#8567,#1456);
#737=LINE('',#8571,#1457);
#738=LINE('',#8572,#1458);
#739=LINE('',#8575,#1459);
#740=LINE('',#8580,#1460);
#741=LINE('',#8582,#1461);
#742=LINE('',#8584,#1462);
#743=LINE('',#8585,#1463);
#744=LINE('',#8588,#1464);
#745=LINE('',#8590,#1465);
#746=LINE('',#8592,#1466);
#747=LINE('',#8593,#1467);
#748=LINE('',#8596,#1468);
#749=LINE('',#8598,#1469);
#750=LINE('',#8600,#1470);
#751=LINE('',#8601,#1471);
#752=LINE('',#8604,#1472);
#753=LINE('',#8606,#1473);
#754=LINE('',#8608,#1474);
#755=LINE('',#8609,#1475);
#756=LINE('',#8612,#1476);
#757=LINE('',#8614,#1477);
#758=LINE('',#8616,#1478);
#759=LINE('',#8617,#1479);
#760=LINE('',#8620,#1480);
#761=LINE('',#8622,#1481);
#762=LINE('',#8624,#1482);
#763=LINE('',#8625,#1483);
#764=LINE('',#8628,#1484);
#765=LINE('',#8630,#1485);
#766=LINE('',#8632,#1486);
#767=LINE('',#8633,#1487);
#768=LINE('',#8636,#1488);
#769=LINE('',#8638,#1489);
#770=LINE('',#8640,#1490);
#771=LINE('',#8641,#1491);
#772=LINE('',#8644,#1492);
#773=LINE('',#8646,#1493);
#774=LINE('',#8648,#1494);
#775=LINE('',#8649,#1495);
#776=LINE('',#8652,#1496);
#777=LINE('',#8654,#1497);
#778=LINE('',#8656,#1498);
#779=LINE('',#8657,#1499);
#780=LINE('',#8660,#1500);
#781=LINE('',#8662,#1501);
#782=LINE('',#8664,#1502);
#783=LINE('',#8665,#1503);
#784=LINE('',#8668,#1504);
#785=LINE('',#8670,#1505);
#786=LINE('',#8672,#1506);
#787=LINE('',#8673,#1507);
#788=LINE('',#8676,#1508);
#789=LINE('',#8678,#1509);
#790=LINE('',#8680,#1510);
#791=LINE('',#8681,#1511);
#792=LINE('',#8684,#1512);
#793=LINE('',#8686,#1513);
#794=LINE('',#8688,#1514);
#795=LINE('',#8689,#1515);
#796=LINE('',#8692,#1516);
#797=LINE('',#8694,#1517);
#798=LINE('',#8696,#1518);
#799=LINE('',#8697,#1519);
#800=LINE('',#8700,#1520);
#801=LINE('',#8702,#1521);
#802=LINE('',#8704,#1522);
#803=LINE('',#8705,#1523);
#804=LINE('',#8708,#1524);
#805=LINE('',#8710,#1525);
#806=LINE('',#8712,#1526);
#807=LINE('',#8713,#1527);
#808=LINE('',#8716,#1528);
#809=LINE('',#8718,#1529);
#810=LINE('',#8720,#1530);
#811=LINE('',#8721,#1531);
#812=LINE('',#8724,#1532);
#813=LINE('',#8726,#1533);
#814=LINE('',#8728,#1534);
#815=LINE('',#8729,#1535);
#816=LINE('',#8732,#1536);
#817=LINE('',#8734,#1537);
#818=LINE('',#8736,#1538);
#819=LINE('',#8737,#1539);
#820=LINE('',#8740,#1540);
#821=LINE('',#8742,#1541);
#822=LINE('',#8744,#1542);
#823=LINE('',#8745,#1543);
#824=LINE('',#8748,#1544);
#825=LINE('',#8750,#1545);
#826=LINE('',#8752,#1546);
#827=LINE('',#8753,#1547);
#828=LINE('',#8756,#1548);
#829=LINE('',#8758,#1549);
#830=LINE('',#8760,#1550);
#831=LINE('',#8761,#1551);
#832=LINE('',#8764,#1552);
#833=LINE('',#8766,#1553);
#834=LINE('',#8768,#1554);
#835=LINE('',#8769,#1555);
#836=LINE('',#8772,#1556);
#837=LINE('',#8774,#1557);
#838=LINE('',#8776,#1558);
#839=LINE('',#8777,#1559);
#840=LINE('',#8780,#1560);
#841=LINE('',#8782,#1561);
#842=LINE('',#8784,#1562);
#843=LINE('',#8785,#1563);
#844=LINE('',#8788,#1564);
#845=LINE('',#8790,#1565);
#846=LINE('',#8792,#1566);
#847=LINE('',#8793,#1567);
#848=LINE('',#8800,#1568);
#849=LINE('',#8804,#1569);
#850=LINE('',#8808,#1570);
#851=LINE('',#8812,#1571);
#852=LINE('',#8816,#1572);
#853=LINE('',#8820,#1573);
#854=LINE('',#8824,#1574);
#855=LINE('',#8828,#1575);
#856=LINE('',#8832,#1576);
#857=LINE('',#8836,#1577);
#858=LINE('',#8840,#1578);
#859=LINE('',#8844,#1579);
#860=LINE('',#8848,#1580);
#861=LINE('',#8852,#1581);
#862=LINE('',#8856,#1582);
#863=LINE('',#8860,#1583);
#864=LINE('',#8864,#1584);
#865=LINE('',#8868,#1585);
#866=LINE('',#8872,#1586);
#867=LINE('',#8876,#1587);
#868=LINE('',#8880,#1588);
#869=LINE('',#8884,#1589);
#870=LINE('',#8888,#1590);
#871=LINE('',#8892,#1591);
#872=LINE('',#8902,#1592);
#873=LINE('',#8906,#1593);
#874=LINE('',#8910,#1594);
#875=LINE('',#8914,#1595);
#876=LINE('',#8918,#1596);
#877=LINE('',#8922,#1597);
#878=LINE('',#8936,#1598);
#879=LINE('',#8943,#1599);
#880=LINE('',#8945,#1600);
#881=LINE('',#8947,#1601);
#882=LINE('',#8954,#1602);
#883=LINE('',#8966,#1603);
#884=LINE('',#8968,#1604);
#885=LINE('',#8970,#1605);
#886=LINE('',#8977,#1606);
#887=LINE('',#8989,#1607);
#888=LINE('',#8996,#1608);
#889=LINE('',#8998,#1609);
#890=LINE('',#9005,#1610);
#891=LINE('',#9017,#1611);
#892=LINE('',#9024,#1612);
#893=LINE('',#9026,#1613);
#894=LINE('',#9028,#1614);
#895=LINE('',#9040,#1615);
#896=LINE('',#9047,#1616);
#897=LINE('',#9049,#1617);
#898=LINE('',#9056,#1618);
#899=LINE('',#9063,#1619);
#900=LINE('',#9075,#1620);
#901=LINE('',#9077,#1621);
#902=LINE('',#9089,#1622);
#903=LINE('',#9101,#1623);
#904=LINE('',#9103,#1624);
#905=LINE('',#9105,#1625);
#906=LINE('',#9107,#1626);
#907=LINE('',#9119,#1627);
#908=LINE('',#9131,#1628);
#909=LINE('',#9133,#1629);
#910=LINE('',#9139,#1630);
#911=LINE('',#9142,#1631);
#912=LINE('',#9144,#1632);
#913=LINE('',#9145,#1633);
#914=LINE('',#9148,#1634);
#915=LINE('',#9149,#1635);
#916=LINE('',#9152,#1636);
#917=LINE('',#9153,#1637);
#918=LINE('',#9155,#1638);
#919=LINE('',#9159,#1639);
#920=LINE('',#9161,#1640);
#921=LINE('',#9162,#1641);
#922=LINE('',#9165,#1642);
#923=LINE('',#9166,#1643);
#924=LINE('',#9169,#1644);
#925=LINE('',#9170,#1645);
#926=LINE('',#9172,#1646);
#927=LINE('',#9176,#1647);
#928=LINE('',#9178,#1648);
#929=LINE('',#9179,#1649);
#930=LINE('',#9182,#1650);
#931=LINE('',#9183,#1651);
#932=LINE('',#9186,#1652);
#933=LINE('',#9187,#1653);
#934=LINE('',#9189,#1654);
#935=LINE('',#9193,#1655);
#936=LINE('',#9195,#1656);
#937=LINE('',#9196,#1657);
#938=LINE('',#9199,#1658);
#939=LINE('',#9200,#1659);
#940=LINE('',#9203,#1660);
#941=LINE('',#9204,#1661);
#942=LINE('',#9206,#1662);
#943=LINE('',#9210,#1663);
#944=LINE('',#9212,#1664);
#945=LINE('',#9213,#1665);
#946=LINE('',#9216,#1666);
#947=LINE('',#9217,#1667);
#948=LINE('',#9220,#1668);
#949=LINE('',#9221,#1669);
#950=LINE('',#9223,#1670);
#951=LINE('',#9227,#1671);
#952=LINE('',#9229,#1672);
#953=LINE('',#9230,#1673);
#954=LINE('',#9233,#1674);
#955=LINE('',#9234,#1675);
#956=LINE('',#9237,#1676);
#957=LINE('',#9238,#1677);
#958=LINE('',#9240,#1678);
#959=LINE('',#9244,#1679);
#960=LINE('',#9246,#1680);
#961=LINE('',#9247,#1681);
#962=LINE('',#9250,#1682);
#963=LINE('',#9251,#1683);
#964=LINE('',#9254,#1684);
#965=LINE('',#9255,#1685);
#966=LINE('',#9257,#1686);
#967=LINE('',#9261,#1687);
#968=LINE('',#9263,#1688);
#969=LINE('',#9264,#1689);
#970=LINE('',#9267,#1690);
#971=LINE('',#9268,#1691);
#972=LINE('',#9271,#1692);
#973=LINE('',#9272,#1693);
#974=LINE('',#9274,#1694);
#975=LINE('',#9278,#1695);
#976=LINE('',#9280,#1696);
#977=LINE('',#9281,#1697);
#978=LINE('',#9284,#1698);
#979=LINE('',#9285,#1699);
#980=LINE('',#9288,#1700);
#981=LINE('',#9289,#1701);
#982=LINE('',#9291,#1702);
#983=LINE('',#9295,#1703);
#984=LINE('',#9297,#1704);
#985=LINE('',#9298,#1705);
#986=LINE('',#9301,#1706);
#987=LINE('',#9302,#1707);
#988=LINE('',#9305,#1708);
#989=LINE('',#9306,#1709);
#990=LINE('',#9308,#1710);
#991=LINE('',#9312,#1711);
#992=LINE('',#9314,#1712);
#993=LINE('',#9315,#1713);
#994=LINE('',#9318,#1714);
#995=LINE('',#9319,#1715);
#996=LINE('',#9322,#1716);
#997=LINE('',#9323,#1717);
#998=LINE('',#9325,#1718);
#999=LINE('',#9329,#1719);
#1000=LINE('',#9331,#1720);
#1001=LINE('',#9332,#1721);
#1002=LINE('',#9335,#1722);
#1003=LINE('',#9336,#1723);
#1004=LINE('',#9339,#1724);
#1005=LINE('',#9340,#1725);
#1006=LINE('',#9342,#1726);
#1007=LINE('',#9346,#1727);
#1008=LINE('',#9348,#1728);
#1009=LINE('',#9349,#1729);
#1010=LINE('',#9352,#1730);
#1011=LINE('',#9353,#1731);
#1012=LINE('',#9356,#1732);
#1013=LINE('',#9357,#1733);
#1014=LINE('',#9359,#1734);
#1015=LINE('',#9363,#1735);
#1016=LINE('',#9365,#1736);
#1017=LINE('',#9366,#1737);
#1018=LINE('',#9369,#1738);
#1019=LINE('',#9370,#1739);
#1020=LINE('',#9373,#1740);
#1021=LINE('',#9374,#1741);
#1022=LINE('',#9376,#1742);
#1023=LINE('',#9380,#1743);
#1024=LINE('',#9382,#1744);
#1025=LINE('',#9383,#1745);
#1026=LINE('',#9386,#1746);
#1027=LINE('',#9387,#1747);
#1028=LINE('',#9390,#1748);
#1029=LINE('',#9391,#1749);
#1030=LINE('',#9393,#1750);
#1031=LINE('',#9397,#1751);
#1032=LINE('',#9399,#1752);
#1033=LINE('',#9400,#1753);
#1034=LINE('',#9403,#1754);
#1035=LINE('',#9404,#1755);
#1036=LINE('',#9407,#1756);
#1037=LINE('',#9408,#1757);
#1038=LINE('',#9410,#1758);
#1039=LINE('',#9414,#1759);
#1040=LINE('',#9416,#1760);
#1041=LINE('',#9417,#1761);
#1042=LINE('',#9420,#1762);
#1043=LINE('',#9421,#1763);
#1044=LINE('',#9424,#1764);
#1045=LINE('',#9425,#1765);
#1046=LINE('',#9427,#1766);
#1047=LINE('',#9431,#1767);
#1048=LINE('',#9433,#1768);
#1049=LINE('',#9434,#1769);
#1050=LINE('',#9437,#1770);
#1051=LINE('',#9438,#1771);
#1052=LINE('',#9441,#1772);
#1053=LINE('',#9442,#1773);
#1054=LINE('',#9444,#1774);
#1055=LINE('',#9448,#1775);
#1056=LINE('',#9450,#1776);
#1057=LINE('',#9451,#1777);
#1058=LINE('',#9454,#1778);
#1059=LINE('',#9455,#1779);
#1060=LINE('',#9458,#1780);
#1061=LINE('',#9459,#1781);
#1062=LINE('',#9461,#1782);
#1063=LINE('',#9465,#1783);
#1064=LINE('',#9467,#1784);
#1065=LINE('',#9468,#1785);
#1066=LINE('',#9471,#1786);
#1067=LINE('',#9472,#1787);
#1068=LINE('',#9475,#1788);
#1069=LINE('',#9476,#1789);
#1070=LINE('',#9478,#1790);
#1071=LINE('',#9482,#1791);
#1072=LINE('',#9484,#1792);
#1073=LINE('',#9485,#1793);
#1074=LINE('',#9488,#1794);
#1075=LINE('',#9489,#1795);
#1076=LINE('',#9492,#1796);
#1077=LINE('',#9493,#1797);
#1078=LINE('',#9495,#1798);
#1079=LINE('',#9499,#1799);
#1080=LINE('',#9501,#1800);
#1081=LINE('',#9502,#1801);
#1082=LINE('',#9505,#1802);
#1083=LINE('',#9506,#1803);
#1084=LINE('',#9509,#1804);
#1085=LINE('',#9510,#1805);
#1086=LINE('',#9512,#1806);
#1087=LINE('',#9516,#1807);
#1088=LINE('',#9518,#1808);
#1089=LINE('',#9519,#1809);
#1090=LINE('',#9522,#1810);
#1091=LINE('',#9523,#1811);
#1092=LINE('',#9526,#1812);
#1093=LINE('',#9527,#1813);
#1094=LINE('',#9529,#1814);
#1095=LINE('',#9533,#1815);
#1096=LINE('',#9535,#1816);
#1097=LINE('',#9536,#1817);
#1098=LINE('',#9539,#1818);
#1099=LINE('',#9540,#1819);
#1100=LINE('',#9543,#1820);
#1101=LINE('',#9544,#1821);
#1102=LINE('',#9546,#1822);
#1103=LINE('',#9550,#1823);
#1104=LINE('',#9552,#1824);
#1105=LINE('',#9553,#1825);
#1106=LINE('',#9556,#1826);
#1107=LINE('',#9557,#1827);
#1108=LINE('',#9560,#1828);
#1109=LINE('',#9561,#1829);
#1110=LINE('',#9563,#1830);
#1111=LINE('',#9567,#1831);
#1112=LINE('',#9569,#1832);
#1113=LINE('',#9570,#1833);
#1114=LINE('',#9573,#1834);
#1115=LINE('',#9574,#1835);
#1116=LINE('',#9577,#1836);
#1117=LINE('',#9578,#1837);
#1118=LINE('',#9580,#1838);
#1119=LINE('',#9585,#1839);
#1120=LINE('',#9587,#1840);
#1121=LINE('',#9589,#1841);
#1122=LINE('',#9590,#1842);
#1123=LINE('',#9593,#1843);
#1124=LINE('',#9595,#1844);
#1125=LINE('',#9596,#1845);
#1126=LINE('',#9599,#1846);
#1127=LINE('',#9601,#1847);
#1128=LINE('',#9602,#1848);
#1129=LINE('',#9604,#1849);
#1130=LINE('',#9605,#1850);
#1131=LINE('',#9609,#1851);
#1132=LINE('',#9611,#1852);
#1133=LINE('',#9613,#1853);
#1134=LINE('',#9614,#1854);
#1135=LINE('',#9617,#1855);
#1136=LINE('',#9619,#1856);
#1137=LINE('',#9620,#1857);
#1138=LINE('',#9623,#1858);
#1139=LINE('',#9625,#1859);
#1140=LINE('',#9626,#1860);
#1141=LINE('',#9628,#1861);
#1142=LINE('',#9629,#1862);
#1143=LINE('',#9633,#1863);
#1144=LINE('',#9635,#1864);
#1145=LINE('',#9637,#1865);
#1146=LINE('',#9638,#1866);
#1147=LINE('',#9641,#1867);
#1148=LINE('',#9643,#1868);
#1149=LINE('',#9644,#1869);
#1150=LINE('',#9647,#1870);
#1151=LINE('',#9649,#1871);
#1152=LINE('',#9650,#1872);
#1153=LINE('',#9653,#1873);
#1154=LINE('',#9655,#1874);
#1155=LINE('',#9656,#1875);
#1156=LINE('',#9658,#1876);
#1157=LINE('',#9659,#1877);
#1158=LINE('',#9663,#1878);
#1159=LINE('',#9665,#1879);
#1160=LINE('',#9667,#1880);
#1161=LINE('',#9668,#1881);
#1162=LINE('',#9671,#1882);
#1163=LINE('',#9673,#1883);
#1164=LINE('',#9674,#1884);
#1165=LINE('',#9677,#1885);
#1166=LINE('',#9679,#1886);
#1167=LINE('',#9680,#1887);
#1168=LINE('',#9683,#1888);
#1169=LINE('',#9685,#1889);
#1170=LINE('',#9686,#1890);
#1171=LINE('',#9688,#1891);
#1172=LINE('',#9689,#1892);
#1173=LINE('',#9693,#1893);
#1174=LINE('',#9695,#1894);
#1175=LINE('',#9697,#1895);
#1176=LINE('',#9698,#1896);
#1177=LINE('',#9701,#1897);
#1178=LINE('',#9703,#1898);
#1179=LINE('',#9704,#1899);
#1180=LINE('',#9707,#1900);
#1181=LINE('',#9709,#1901);
#1182=LINE('',#9710,#1902);
#1183=LINE('',#9712,#1903);
#1184=LINE('',#9713,#1904);
#1185=LINE('',#9717,#1905);
#1186=LINE('',#9719,#1906);
#1187=LINE('',#9721,#1907);
#1188=LINE('',#9722,#1908);
#1189=LINE('',#9725,#1909);
#1190=LINE('',#9727,#1910);
#1191=LINE('',#9728,#1911);
#1192=LINE('',#9731,#1912);
#1193=LINE('',#9733,#1913);
#1194=LINE('',#9734,#1914);
#1195=LINE('',#9736,#1915);
#1196=LINE('',#9737,#1916);
#1197=LINE('',#9741,#1917);
#1198=LINE('',#9743,#1918);
#1199=LINE('',#9745,#1919);
#1200=LINE('',#9746,#1920);
#1201=LINE('',#9749,#1921);
#1202=LINE('',#9751,#1922);
#1203=LINE('',#9752,#1923);
#1204=LINE('',#9755,#1924);
#1205=LINE('',#9757,#1925);
#1206=LINE('',#9758,#1926);
#1207=LINE('',#9760,#1927);
#1208=LINE('',#9761,#1928);
#1209=LINE('',#9765,#1929);
#1210=LINE('',#9767,#1930);
#1211=LINE('',#9769,#1931);
#1212=LINE('',#9770,#1932);
#1213=LINE('',#9773,#1933);
#1214=LINE('',#9775,#1934);
#1215=LINE('',#9776,#1935);
#1216=LINE('',#9779,#1936);
#1217=LINE('',#9781,#1937);
#1218=LINE('',#9782,#1938);
#1219=LINE('',#9784,#1939);
#1220=LINE('',#9785,#1940);
#1221=LINE('',#9789,#1941);
#1222=LINE('',#9791,#1942);
#1223=LINE('',#9793,#1943);
#1224=LINE('',#9794,#1944);
#1225=LINE('',#9797,#1945);
#1226=LINE('',#9799,#1946);
#1227=LINE('',#9800,#1947);
#1228=LINE('',#9803,#1948);
#1229=LINE('',#9805,#1949);
#1230=LINE('',#9806,#1950);
#1231=LINE('',#9808,#1951);
#1232=LINE('',#9809,#1952);
#1233=LINE('',#9819,#1953);
#1234=LINE('',#9825,#1954);
#1235=LINE('',#9839,#1955);
#1236=LINE('',#9842,#1956);
#1237=LINE('',#9843,#1957);
#1238=LINE('',#9857,#1958);
#1239=LINE('',#9860,#1959);
#1240=LINE('',#9861,#1960);
#1241=LINE('',#9864,#1961);
#1242=LINE('',#9865,#1962);
#1243=LINE('',#9868,#1963);
#1244=LINE('',#9869,#1964);
#1245=LINE('',#9883,#1965);
#1246=LINE('',#9886,#1966);
#1247=LINE('',#9887,#1967);
#1248=LINE('',#9901,#1968);
#1249=LINE('',#9915,#1969);
#1250=LINE('',#9918,#1970);
#1251=LINE('',#9919,#1971);
#1252=LINE('',#9922,#1972);
#1253=LINE('',#9923,#1973);
#1254=LINE('',#9926,#1974);
#1255=LINE('',#9927,#1975);
#1256=LINE('',#9941,#1976);
#1257=LINE('',#9944,#1977);
#1258=LINE('',#9945,#1978);
#1259=LINE('',#9959,#1979);
#1260=LINE('',#9973,#1980);
#1261=LINE('',#9976,#1981);
#1262=LINE('',#9977,#1982);
#1263=LINE('',#9991,#1983);
#1264=LINE('',#9994,#1984);
#1265=LINE('',#9995,#1985);
#1266=LINE('',#9998,#1986);
#1267=LINE('',#9999,#1987);
#1268=LINE('',#10013,#1988);
#1269=LINE('',#10016,#1989);
#1270=LINE('',#10017,#1990);
#1271=LINE('',#10031,#1991);
#1272=LINE('',#10045,#1992);
#1273=LINE('',#10048,#1993);
#1274=LINE('',#10049,#1994);
#1275=LINE('',#10063,#1995);
#1276=LINE('',#10066,#1996);
#1277=LINE('',#10067,#1997);
#1278=LINE('',#10070,#1998);
#1279=LINE('',#10071,#1999);
#1280=LINE('',#10074,#2000);
#1281=LINE('',#10075,#2001);
#1282=LINE('',#10089,#2002);
#1283=LINE('',#10103,#2003);
#1284=LINE('',#10106,#2004);
#1285=LINE('',#10107,#2005);
#1286=LINE('',#10121,#2006);
#1287=LINE('',#10124,#2007);
#1288=LINE('',#10125,#2008);
#1289=LINE('',#10128,#2009);
#1290=LINE('',#10129,#2010);
#1291=LINE('',#10143,#2011);
#1292=LINE('',#10146,#2012);
#1293=LINE('',#10147,#2013);
#1294=LINE('',#10161,#2014);
#1295=LINE('',#10164,#2015);
#1296=LINE('',#10165,#2016);
#1297=LINE('',#10179,#2017);
#1298=LINE('',#10193,#2018);
#1299=LINE('',#10196,#2019);
#1300=LINE('',#10197,#2020);
#1301=LINE('',#10200,#2021);
#1302=LINE('',#10201,#2022);
#1303=LINE('',#10215,#2023);
#1304=LINE('',#10229,#2024);
#1305=LINE('',#10232,#2025);
#1306=LINE('',#10233,#2026);
#1307=LINE('',#10247,#2027);
#1308=LINE('',#10261,#2028);
#1309=LINE('',#10264,#2029);
#1310=LINE('',#10265,#2030);
#1311=LINE('',#10268,#2031);
#1312=LINE('',#10269,#2032);
#1313=LINE('',#10272,#2033);
#1314=LINE('',#10273,#2034);
#1315=LINE('',#10276,#2035);
#1316=LINE('',#10277,#2036);
#1317=LINE('',#10291,#2037);
#1318=LINE('',#10305,#2038);
#1319=LINE('',#10308,#2039);
#1320=LINE('',#10309,#2040);
#1321=LINE('',#10323,#2041);
#1322=LINE('',#10337,#2042);
#1323=LINE('',#10340,#2043);
#1324=LINE('',#10341,#2044);
#1325=LINE('',#10344,#2045);
#1326=LINE('',#10345,#2046);
#1327=LINE('',#10359,#2047);
#1328=LINE('',#10361,#2048);
#1329=LINE('',#10374,#2049);
#1330=LINE('',#10377,#2050);
#1331=LINE('',#10380,#2051);
#1332=LINE('',#10381,#2052);
#1333=LINE('',#10385,#2053);
#1334=LINE('',#10388,#2054);
#1335=LINE('',#10389,#2055);
#1336=LINE('',#10392,#2056);
#1337=LINE('',#10393,#2057);
#1338=LINE('',#10396,#2058);
#1339=LINE('',#10398,#2059);
#1340=LINE('',#10399,#2060);
#1341=LINE('',#10402,#2061);
#1342=LINE('',#10403,#2062);
#1343=LINE('',#10406,#2063);
#1344=LINE('',#10407,#2064);
#1345=LINE('',#10409,#2065);
#1346=LINE('',#10412,#2066);
#1347=LINE('',#10414,#2067);
#1348=LINE('',#10415,#2068);
#1349=LINE('',#10418,#2069);
#1350=LINE('',#10419,#2070);
#1351=LINE('',#10422,#2071);
#1352=LINE('',#10423,#2072);
#1353=LINE('',#10425,#2073);
#1354=LINE('',#10437,#2074);
#1355=LINE('',#10440,#2075);
#1356=LINE('',#10444,#2076);
#1357=LINE('',#10449,#2077);
#1358=LINE('',#10453,#2078);
#1359=LINE('',#10457,#2079);
#1360=LINE('',#10465,#2080);
#1361=LINE('',#10469,#2081);
#1362=LINE('',#10473,#2082);
#1363=LINE('',#10477,#2083);
#1364=LINE('',#10481,#2084);
#1365=LINE('',#10485,#2085);
#1366=LINE('',#10489,#2086);
#1367=LINE('',#10493,#2087);
#1368=LINE('',#10497,#2088);
#1369=LINE('',#10501,#2089);
#1370=LINE('',#10505,#2090);
#1371=LINE('',#10509,#2091);
#1372=LINE('',#10513,#2092);
#1373=LINE('',#10517,#2093);
#1374=LINE('',#10521,#2094);
#1375=LINE('',#10525,#2095);
#1376=LINE('',#10529,#2096);
#1377=LINE('',#10533,#2097);
#1378=LINE('',#10537,#2098);
#1379=LINE('',#10541,#2099);
#1380=LINE('',#10545,#2100);
#1381=LINE('',#10549,#2101);
#1382=LINE('',#10553,#2102);
#1383=LINE('',#10557,#2103);
#1384=LINE('',#10566,#2104);
#1385=LINE('',#10568,#2105);
#1386=LINE('',#10570,#2106);
#1387=LINE('',#10572,#2107);
#1388=LINE('',#10574,#2108);
#1389=LINE('',#10576,#2109);
#1390=LINE('',#10578,#2110);
#1391=LINE('',#10580,#2111);
#1392=LINE('',#10581,#2112);
#1393=LINE('',#10583,#2113);
#1394=LINE('',#10586,#2114);
#1395=LINE('',#10588,#2115);
#1396=LINE('',#10590,#2116);
#1397=LINE('',#10593,#2117);
#1398=LINE('',#10594,#2118);
#1399=LINE('',#10596,#2119);
#1400=LINE('',#10598,#2120);
#1401=LINE('',#10600,#2121);
#1402=LINE('',#10602,#2122);
#1403=LINE('',#10604,#2123);
#1404=LINE('',#10606,#2124);
#1405=LINE('',#10609,#2125);
#1406=LINE('',#10610,#2126);
#1407=LINE('',#10612,#2127);
#1408=LINE('',#10614,#2128);
#1409=LINE('',#10616,#2129);
#1410=LINE('',#10618,#2130);
#1411=LINE('',#10620,#2131);
#1412=LINE('',#10622,#2132);
#1413=LINE('',#10625,#2133);
#1414=LINE('',#10626,#2134);
#1415=LINE('',#10628,#2135);
#1416=LINE('',#10630,#2136);
#1417=LINE('',#10632,#2137);
#1418=LINE('',#10634,#2138);
#1419=LINE('',#10636,#2139);
#1420=LINE('',#10638,#2140);
#1421=LINE('',#10641,#2141);
#1422=LINE('',#10642,#2142);
#1423=LINE('',#10644,#2143);
#1424=LINE('',#10646,#2144);
#1425=LINE('',#10648,#2145);
#1426=LINE('',#10650,#2146);
#1427=LINE('',#10652,#2147);
#1428=LINE('',#10654,#2148);
#1429=LINE('',#10657,#2149);
#1430=LINE('',#10658,#2150);
#1431=LINE('',#10660,#2151);
#1432=LINE('',#10662,#2152);
#1433=LINE('',#10664,#2153);
#1434=LINE('',#10666,#2154);
#1435=LINE('',#10668,#2155);
#1436=LINE('',#10670,#2156);
#1437=LINE('',#10673,#2157);
#1438=LINE('',#10674,#2158);
#1439=LINE('',#10676,#2159);
#1440=LINE('',#10678,#2160);
#1441=LINE('',#10680,#2161);
#1442=LINE('',#10682,#2162);
#1443=LINE('',#10684,#2163);
#1444=LINE('',#10686,#2164);
#1445=VECTOR('',#7006,10.);
#1446=VECTOR('',#7007,10.);
#1447=VECTOR('',#7020,10.);
#1448=VECTOR('',#7021,10.);
#1449=VECTOR('',#7034,10.);
#1450=VECTOR('',#7035,10.);
#1451=VECTOR('',#7046,10.);
#1452=VECTOR('',#7047,10.);
#1453=VECTOR('',#7050,10.);
#1454=VECTOR('',#7051,10.);
#1455=VECTOR('',#7052,10.);
#1456=VECTOR('',#7055,10.);
#1457=VECTOR('',#7060,10.);
#1458=VECTOR('',#7061,10.);
#1459=VECTOR('',#7064,10.);
#1460=VECTOR('',#7069,10.);
#1461=VECTOR('',#7070,10.);
#1462=VECTOR('',#7071,10.);
#1463=VECTOR('',#7072,10.);
#1464=VECTOR('',#7073,10.);
#1465=VECTOR('',#7074,10.);
#1466=VECTOR('',#7075,10.);
#1467=VECTOR('',#7076,10.);
#1468=VECTOR('',#7077,10.);
#1469=VECTOR('',#7078,10.);
#1470=VECTOR('',#7079,10.);
#1471=VECTOR('',#7080,10.);
#1472=VECTOR('',#7081,10.);
#1473=VECTOR('',#7082,10.);
#1474=VECTOR('',#7083,10.);
#1475=VECTOR('',#7084,10.);
#1476=VECTOR('',#7085,10.);
#1477=VECTOR('',#7086,10.);
#1478=VECTOR('',#7087,10.);
#1479=VECTOR('',#7088,10.);
#1480=VECTOR('',#7089,10.);
#1481=VECTOR('',#7090,10.);
#1482=VECTOR('',#7091,10.);
#1483=VECTOR('',#7092,10.);
#1484=VECTOR('',#7093,10.);
#1485=VECTOR('',#7094,10.);
#1486=VECTOR('',#7095,10.);
#1487=VECTOR('',#7096,10.);
#1488=VECTOR('',#7097,10.);
#1489=VECTOR('',#7098,10.);
#1490=VECTOR('',#7099,10.);
#1491=VECTOR('',#7100,10.);
#1492=VECTOR('',#7101,10.);
#1493=VECTOR('',#7102,10.);
#1494=VECTOR('',#7103,10.);
#1495=VECTOR('',#7104,10.);
#1496=VECTOR('',#7105,10.);
#1497=VECTOR('',#7106,10.);
#1498=VECTOR('',#7107,10.);
#1499=VECTOR('',#7108,10.);
#1500=VECTOR('',#7109,10.);
#1501=VECTOR('',#7110,10.);
#1502=VECTOR('',#7111,10.);
#1503=VECTOR('',#7112,10.);
#1504=VECTOR('',#7113,10.);
#1505=VECTOR('',#7114,10.);
#1506=VECTOR('',#7115,10.);
#1507=VECTOR('',#7116,10.);
#1508=VECTOR('',#7117,10.);
#1509=VECTOR('',#7118,10.);
#1510=VECTOR('',#7119,10.);
#1511=VECTOR('',#7120,10.);
#1512=VECTOR('',#7121,10.);
#1513=VECTOR('',#7122,10.);
#1514=VECTOR('',#7123,10.);
#1515=VECTOR('',#7124,10.);
#1516=VECTOR('',#7125,10.);
#1517=VECTOR('',#7126,10.);
#1518=VECTOR('',#7127,10.);
#1519=VECTOR('',#7128,10.);
#1520=VECTOR('',#7129,10.);
#1521=VECTOR('',#7130,10.);
#1522=VECTOR('',#7131,10.);
#1523=VECTOR('',#7132,10.);
#1524=VECTOR('',#7133,10.);
#1525=VECTOR('',#7134,10.);
#1526=VECTOR('',#7135,10.);
#1527=VECTOR('',#7136,10.);
#1528=VECTOR('',#7137,10.);
#1529=VECTOR('',#7138,10.);
#1530=VECTOR('',#7139,10.);
#1531=VECTOR('',#7140,10.);
#1532=VECTOR('',#7141,10.);
#1533=VECTOR('',#7142,10.);
#1534=VECTOR('',#7143,10.);
#1535=VECTOR('',#7144,10.);
#1536=VECTOR('',#7145,10.);
#1537=VECTOR('',#7146,10.);
#1538=VECTOR('',#7147,10.);
#1539=VECTOR('',#7148,10.);
#1540=VECTOR('',#7149,10.);
#1541=VECTOR('',#7150,10.);
#1542=VECTOR('',#7151,10.);
#1543=VECTOR('',#7152,10.);
#1544=VECTOR('',#7153,10.);
#1545=VECTOR('',#7154,10.);
#1546=VECTOR('',#7155,10.);
#1547=VECTOR('',#7156,10.);
#1548=VECTOR('',#7157,10.);
#1549=VECTOR('',#7158,10.);
#1550=VECTOR('',#7159,10.);
#1551=VECTOR('',#7160,10.);
#1552=VECTOR('',#7161,10.);
#1553=VECTOR('',#7162,10.);
#1554=VECTOR('',#7163,10.);
#1555=VECTOR('',#7164,10.);
#1556=VECTOR('',#7165,10.);
#1557=VECTOR('',#7166,10.);
#1558=VECTOR('',#7167,10.);
#1559=VECTOR('',#7168,10.);
#1560=VECTOR('',#7169,10.);
#1561=VECTOR('',#7170,10.);
#1562=VECTOR('',#7171,10.);
#1563=VECTOR('',#7172,10.);
#1564=VECTOR('',#7173,10.);
#1565=VECTOR('',#7174,10.);
#1566=VECTOR('',#7175,10.);
#1567=VECTOR('',#7176,10.);
#1568=VECTOR('',#7181,10.);
#1569=VECTOR('',#7184,10.);
#1570=VECTOR('',#7187,10.);
#1571=VECTOR('',#7190,10.);
#1572=VECTOR('',#7193,10.);
#1573=VECTOR('',#7196,10.);
#1574=VECTOR('',#7199,10.);
#1575=VECTOR('',#7202,10.);
#1576=VECTOR('',#7205,10.);
#1577=VECTOR('',#7208,10.);
#1578=VECTOR('',#7211,10.);
#1579=VECTOR('',#7214,10.);
#1580=VECTOR('',#7217,10.);
#1581=VECTOR('',#7220,10.);
#1582=VECTOR('',#7223,10.);
#1583=VECTOR('',#7226,10.);
#1584=VECTOR('',#7229,10.);
#1585=VECTOR('',#7232,10.);
#1586=VECTOR('',#7235,10.);
#1587=VECTOR('',#7238,10.);
#1588=VECTOR('',#7241,10.);
#1589=VECTOR('',#7244,10.);
#1590=VECTOR('',#7247,10.);
#1591=VECTOR('',#7250,10.);
#1592=VECTOR('',#7259,10.);
#1593=VECTOR('',#7262,10.);
#1594=VECTOR('',#7265,10.);
#1595=VECTOR('',#7268,10.);
#1596=VECTOR('',#7271,10.);
#1597=VECTOR('',#7274,10.);
#1598=VECTOR('',#7277,10.);
#1599=VECTOR('',#7278,10.);
#1600=VECTOR('',#7279,10.);
#1601=VECTOR('',#7280,10.);
#1602=VECTOR('',#7281,10.);
#1603=VECTOR('',#7282,10.);
#1604=VECTOR('',#7283,10.);
#1605=VECTOR('',#7284,10.);
#1606=VECTOR('',#7285,10.);
#1607=VECTOR('',#7286,10.);
#1608=VECTOR('',#7287,10.);
#1609=VECTOR('',#7288,10.);
#1610=VECTOR('',#7289,10.);
#1611=VECTOR('',#7290,10.);
#1612=VECTOR('',#7291,10.);
#1613=VECTOR('',#7292,10.);
#1614=VECTOR('',#7293,10.);
#1615=VECTOR('',#7294,10.);
#1616=VECTOR('',#7295,10.);
#1617=VECTOR('',#7296,10.);
#1618=VECTOR('',#7297,10.);
#1619=VECTOR('',#7298,10.);
#1620=VECTOR('',#7299,10.);
#1621=VECTOR('',#7300,10.);
#1622=VECTOR('',#7301,10.);
#1623=VECTOR('',#7302,10.);
#1624=VECTOR('',#7303,10.);
#1625=VECTOR('',#7304,10.);
#1626=VECTOR('',#7305,10.);
#1627=VECTOR('',#7306,10.);
#1628=VECTOR('',#7307,10.);
#1629=VECTOR('',#7308,10.);
#1630=VECTOR('',#7309,10.);
#1631=VECTOR('',#7312,10.);
#1632=VECTOR('',#7313,10.);
#1633=VECTOR('',#7314,10.);
#1634=VECTOR('',#7317,10.);
#1635=VECTOR('',#7318,10.);
#1636=VECTOR('',#7321,10.);
#1637=VECTOR('',#7322,10.);
#1638=VECTOR('',#7325,10.);
#1639=VECTOR('',#7330,10.);
#1640=VECTOR('',#7331,10.);
#1641=VECTOR('',#7332,10.);
#1642=VECTOR('',#7335,10.);
#1643=VECTOR('',#7336,10.);
#1644=VECTOR('',#7339,10.);
#1645=VECTOR('',#7340,10.);
#1646=VECTOR('',#7343,10.);
#1647=VECTOR('',#7348,10.);
#1648=VECTOR('',#7349,10.);
#1649=VECTOR('',#7350,10.);
#1650=VECTOR('',#7353,10.);
#1651=VECTOR('',#7354,10.);
#1652=VECTOR('',#7357,10.);
#1653=VECTOR('',#7358,10.);
#1654=VECTOR('',#7361,10.);
#1655=VECTOR('',#7366,10.);
#1656=VECTOR('',#7367,10.);
#1657=VECTOR('',#7368,10.);
#1658=VECTOR('',#7371,10.);
#1659=VECTOR('',#7372,10.);
#1660=VECTOR('',#7375,10.);
#1661=VECTOR('',#7376,10.);
#1662=VECTOR('',#7379,10.);
#1663=VECTOR('',#7384,10.);
#1664=VECTOR('',#7385,10.);
#1665=VECTOR('',#7386,10.);
#1666=VECTOR('',#7389,10.);
#1667=VECTOR('',#7390,10.);
#1668=VECTOR('',#7393,10.);
#1669=VECTOR('',#7394,10.);
#1670=VECTOR('',#7397,10.);
#1671=VECTOR('',#7402,10.);
#1672=VECTOR('',#7403,10.);
#1673=VECTOR('',#7404,10.);
#1674=VECTOR('',#7407,10.);
#1675=VECTOR('',#7408,10.);
#1676=VECTOR('',#7411,10.);
#1677=VECTOR('',#7412,10.);
#1678=VECTOR('',#7415,10.);
#1679=VECTOR('',#7420,10.);
#1680=VECTOR('',#7421,10.);
#1681=VECTOR('',#7422,10.);
#1682=VECTOR('',#7425,10.);
#1683=VECTOR('',#7426,10.);
#1684=VECTOR('',#7429,10.);
#1685=VECTOR('',#7430,10.);
#1686=VECTOR('',#7433,10.);
#1687=VECTOR('',#7438,10.);
#1688=VECTOR('',#7439,10.);
#1689=VECTOR('',#7440,10.);
#1690=VECTOR('',#7443,10.);
#1691=VECTOR('',#7444,10.);
#1692=VECTOR('',#7447,10.);
#1693=VECTOR('',#7448,10.);
#1694=VECTOR('',#7451,10.);
#1695=VECTOR('',#7456,10.);
#1696=VECTOR('',#7457,10.);
#1697=VECTOR('',#7458,10.);
#1698=VECTOR('',#7461,10.);
#1699=VECTOR('',#7462,10.);
#1700=VECTOR('',#7465,10.);
#1701=VECTOR('',#7466,10.);
#1702=VECTOR('',#7469,10.);
#1703=VECTOR('',#7474,10.);
#1704=VECTOR('',#7475,10.);
#1705=VECTOR('',#7476,10.);
#1706=VECTOR('',#7479,10.);
#1707=VECTOR('',#7480,10.);
#1708=VECTOR('',#7483,10.);
#1709=VECTOR('',#7484,10.);
#1710=VECTOR('',#7487,10.);
#1711=VECTOR('',#7492,10.);
#1712=VECTOR('',#7493,10.);
#1713=VECTOR('',#7494,10.);
#1714=VECTOR('',#7497,10.);
#1715=VECTOR('',#7498,10.);
#1716=VECTOR('',#7501,10.);
#1717=VECTOR('',#7502,10.);
#1718=VECTOR('',#7505,10.);
#1719=VECTOR('',#7510,10.);
#1720=VECTOR('',#7511,10.);
#1721=VECTOR('',#7512,10.);
#1722=VECTOR('',#7515,10.);
#1723=VECTOR('',#7516,10.);
#1724=VECTOR('',#7519,10.);
#1725=VECTOR('',#7520,10.);
#1726=VECTOR('',#7523,10.);
#1727=VECTOR('',#7528,10.);
#1728=VECTOR('',#7529,10.);
#1729=VECTOR('',#7530,10.);
#1730=VECTOR('',#7533,10.);
#1731=VECTOR('',#7534,10.);
#1732=VECTOR('',#7537,10.);
#1733=VECTOR('',#7538,10.);
#1734=VECTOR('',#7541,10.);
#1735=VECTOR('',#7546,10.);
#1736=VECTOR('',#7547,10.);
#1737=VECTOR('',#7548,10.);
#1738=VECTOR('',#7551,10.);
#1739=VECTOR('',#7552,10.);
#1740=VECTOR('',#7555,10.);
#1741=VECTOR('',#7556,10.);
#1742=VECTOR('',#7559,10.);
#1743=VECTOR('',#7564,10.);
#1744=VECTOR('',#7565,10.);
#1745=VECTOR('',#7566,10.);
#1746=VECTOR('',#7569,10.);
#1747=VECTOR('',#7570,10.);
#1748=VECTOR('',#7573,10.);
#1749=VECTOR('',#7574,10.);
#1750=VECTOR('',#7577,10.);
#1751=VECTOR('',#7582,10.);
#1752=VECTOR('',#7583,10.);
#1753=VECTOR('',#7584,10.);
#1754=VECTOR('',#7587,10.);
#1755=VECTOR('',#7588,10.);
#1756=VECTOR('',#7591,10.);
#1757=VECTOR('',#7592,10.);
#1758=VECTOR('',#7595,10.);
#1759=VECTOR('',#7600,10.);
#1760=VECTOR('',#7601,10.);
#1761=VECTOR('',#7602,10.);
#1762=VECTOR('',#7605,10.);
#1763=VECTOR('',#7606,10.);
#1764=VECTOR('',#7609,10.);
#1765=VECTOR('',#7610,10.);
#1766=VECTOR('',#7613,10.);
#1767=VECTOR('',#7618,10.);
#1768=VECTOR('',#7619,10.);
#1769=VECTOR('',#7620,10.);
#1770=VECTOR('',#7623,10.);
#1771=VECTOR('',#7624,10.);
#1772=VECTOR('',#7627,10.);
#1773=VECTOR('',#7628,10.);
#1774=VECTOR('',#7631,10.);
#1775=VECTOR('',#7636,10.);
#1776=VECTOR('',#7637,10.);
#1777=VECTOR('',#7638,10.);
#1778=VECTOR('',#7641,10.);
#1779=VECTOR('',#7642,10.);
#1780=VECTOR('',#7645,10.);
#1781=VECTOR('',#7646,10.);
#1782=VECTOR('',#7649,10.);
#1783=VECTOR('',#7654,10.);
#1784=VECTOR('',#7655,10.);
#1785=VECTOR('',#7656,10.);
#1786=VECTOR('',#7659,10.);
#1787=VECTOR('',#7660,10.);
#1788=VECTOR('',#7663,10.);
#1789=VECTOR('',#7664,10.);
#1790=VECTOR('',#7667,10.);
#1791=VECTOR('',#7672,10.);
#1792=VECTOR('',#7673,10.);
#1793=VECTOR('',#7674,10.);
#1794=VECTOR('',#7677,10.);
#1795=VECTOR('',#7678,10.);
#1796=VECTOR('',#7681,10.);
#1797=VECTOR('',#7682,10.);
#1798=VECTOR('',#7685,10.);
#1799=VECTOR('',#7690,10.);
#1800=VECTOR('',#7691,10.);
#1801=VECTOR('',#7692,10.);
#1802=VECTOR('',#7695,10.);
#1803=VECTOR('',#7696,10.);
#1804=VECTOR('',#7699,10.);
#1805=VECTOR('',#7700,10.);
#1806=VECTOR('',#7703,10.);
#1807=VECTOR('',#7708,10.);
#1808=VECTOR('',#7709,10.);
#1809=VECTOR('',#7710,10.);
#1810=VECTOR('',#7713,10.);
#1811=VECTOR('',#7714,10.);
#1812=VECTOR('',#7717,10.);
#1813=VECTOR('',#7718,10.);
#1814=VECTOR('',#7721,10.);
#1815=VECTOR('',#7726,10.);
#1816=VECTOR('',#7727,10.);
#1817=VECTOR('',#7728,10.);
#1818=VECTOR('',#7731,10.);
#1819=VECTOR('',#7732,10.);
#1820=VECTOR('',#7735,10.);
#1821=VECTOR('',#7736,10.);
#1822=VECTOR('',#7739,10.);
#1823=VECTOR('',#7744,10.);
#1824=VECTOR('',#7745,10.);
#1825=VECTOR('',#7746,10.);
#1826=VECTOR('',#7749,10.);
#1827=VECTOR('',#7750,10.);
#1828=VECTOR('',#7753,10.);
#1829=VECTOR('',#7754,10.);
#1830=VECTOR('',#7757,10.);
#1831=VECTOR('',#7762,10.);
#1832=VECTOR('',#7763,10.);
#1833=VECTOR('',#7764,10.);
#1834=VECTOR('',#7767,10.);
#1835=VECTOR('',#7768,10.);
#1836=VECTOR('',#7771,10.);
#1837=VECTOR('',#7772,10.);
#1838=VECTOR('',#7775,10.);
#1839=VECTOR('',#7780,10.);
#1840=VECTOR('',#7781,10.);
#1841=VECTOR('',#7782,10.);
#1842=VECTOR('',#7783,10.);
#1843=VECTOR('',#7786,10.);
#1844=VECTOR('',#7787,10.);
#1845=VECTOR('',#7788,10.);
#1846=VECTOR('',#7791,10.);
#1847=VECTOR('',#7792,10.);
#1848=VECTOR('',#7793,10.);
#1849=VECTOR('',#7796,10.);
#1850=VECTOR('',#7797,10.);
#1851=VECTOR('',#7800,10.);
#1852=VECTOR('',#7801,10.);
#1853=VECTOR('',#7802,10.);
#1854=VECTOR('',#7803,10.);
#1855=VECTOR('',#7806,10.);
#1856=VECTOR('',#7807,10.);
#1857=VECTOR('',#7808,10.);
#1858=VECTOR('',#7811,10.);
#1859=VECTOR('',#7812,10.);
#1860=VECTOR('',#7813,10.);
#1861=VECTOR('',#7816,10.);
#1862=VECTOR('',#7817,10.);
#1863=VECTOR('',#7820,10.);
#1864=VECTOR('',#7821,10.);
#1865=VECTOR('',#7822,10.);
#1866=VECTOR('',#7823,10.);
#1867=VECTOR('',#7826,10.);
#1868=VECTOR('',#7827,10.);
#1869=VECTOR('',#7828,10.);
#1870=VECTOR('',#7831,10.);
#1871=VECTOR('',#7832,10.);
#1872=VECTOR('',#7833,10.);
#1873=VECTOR('',#7836,10.);
#1874=VECTOR('',#7837,10.);
#1875=VECTOR('',#7838,10.);
#1876=VECTOR('',#7841,10.);
#1877=VECTOR('',#7842,10.);
#1878=VECTOR('',#7845,10.);
#1879=VECTOR('',#7846,10.);
#1880=VECTOR('',#7847,10.);
#1881=VECTOR('',#7848,10.);
#1882=VECTOR('',#7851,10.);
#1883=VECTOR('',#7852,10.);
#1884=VECTOR('',#7853,10.);
#1885=VECTOR('',#7856,10.);
#1886=VECTOR('',#7857,10.);
#1887=VECTOR('',#7858,10.);
#1888=VECTOR('',#7861,10.);
#1889=VECTOR('',#7862,10.);
#1890=VECTOR('',#7863,10.);
#1891=VECTOR('',#7866,10.);
#1892=VECTOR('',#7867,10.);
#1893=VECTOR('',#7870,10.);
#1894=VECTOR('',#7871,10.);
#1895=VECTOR('',#7872,10.);
#1896=VECTOR('',#7873,10.);
#1897=VECTOR('',#7876,10.);
#1898=VECTOR('',#7877,10.);
#1899=VECTOR('',#7878,10.);
#1900=VECTOR('',#7881,10.);
#1901=VECTOR('',#7882,10.);
#1902=VECTOR('',#7883,10.);
#1903=VECTOR('',#7886,10.);
#1904=VECTOR('',#7887,10.);
#1905=VECTOR('',#7890,10.);
#1906=VECTOR('',#7891,10.);
#1907=VECTOR('',#7892,10.);
#1908=VECTOR('',#7893,10.);
#1909=VECTOR('',#7896,10.);
#1910=VECTOR('',#7897,10.);
#1911=VECTOR('',#7898,10.);
#1912=VECTOR('',#7901,10.);
#1913=VECTOR('',#7902,10.);
#1914=VECTOR('',#7903,10.);
#1915=VECTOR('',#7906,10.);
#1916=VECTOR('',#7907,10.);
#1917=VECTOR('',#7910,10.);
#1918=VECTOR('',#7911,10.);
#1919=VECTOR('',#7912,10.);
#1920=VECTOR('',#7913,10.);
#1921=VECTOR('',#7916,10.);
#1922=VECTOR('',#7917,10.);
#1923=VECTOR('',#7918,10.);
#1924=VECTOR('',#7921,10.);
#1925=VECTOR('',#7922,10.);
#1926=VECTOR('',#7923,10.);
#1927=VECTOR('',#7926,10.);
#1928=VECTOR('',#7927,10.);
#1929=VECTOR('',#7930,10.);
#1930=VECTOR('',#7931,10.);
#1931=VECTOR('',#7932,10.);
#1932=VECTOR('',#7933,10.);
#1933=VECTOR('',#7936,10.);
#1934=VECTOR('',#7937,10.);
#1935=VECTOR('',#7938,10.);
#1936=VECTOR('',#7941,10.);
#1937=VECTOR('',#7942,10.);
#1938=VECTOR('',#7943,10.);
#1939=VECTOR('',#7946,10.);
#1940=VECTOR('',#7947,10.);
#1941=VECTOR('',#7950,10.);
#1942=VECTOR('',#7951,10.);
#1943=VECTOR('',#7952,10.);
#1944=VECTOR('',#7953,10.);
#1945=VECTOR('',#7956,10.);
#1946=VECTOR('',#7957,10.);
#1947=VECTOR('',#7958,10.);
#1948=VECTOR('',#7961,10.);
#1949=VECTOR('',#7962,10.);
#1950=VECTOR('',#7963,10.);
#1951=VECTOR('',#7966,10.);
#1952=VECTOR('',#7967,10.);
#1953=VECTOR('',#7968,10.);
#1954=VECTOR('',#7969,10.);
#1955=VECTOR('',#7970,10.);
#1956=VECTOR('',#7973,10.);
#1957=VECTOR('',#7974,10.);
#1958=VECTOR('',#7975,10.);
#1959=VECTOR('',#7978,10.);
#1960=VECTOR('',#7979,10.);
#1961=VECTOR('',#7982,10.);
#1962=VECTOR('',#7983,10.);
#1963=VECTOR('',#7986,10.);
#1964=VECTOR('',#7987,10.);
#1965=VECTOR('',#7988,10.);
#1966=VECTOR('',#7991,10.);
#1967=VECTOR('',#7992,10.);
#1968=VECTOR('',#7993,10.);
#1969=VECTOR('',#7994,10.);
#1970=VECTOR('',#7997,10.);
#1971=VECTOR('',#7998,10.);
#1972=VECTOR('',#8001,10.);
#1973=VECTOR('',#8002,10.);
#1974=VECTOR('',#8005,10.);
#1975=VECTOR('',#8006,10.);
#1976=VECTOR('',#8007,10.);
#1977=VECTOR('',#8010,10.);
#1978=VECTOR('',#8011,10.);
#1979=VECTOR('',#8012,10.);
#1980=VECTOR('',#8013,10.);
#1981=VECTOR('',#8016,10.);
#1982=VECTOR('',#8017,10.);
#1983=VECTOR('',#8018,10.);
#1984=VECTOR('',#8021,10.);
#1985=VECTOR('',#8022,10.);
#1986=VECTOR('',#8025,10.);
#1987=VECTOR('',#8026,10.);
#1988=VECTOR('',#8027,10.);
#1989=VECTOR('',#8030,10.);
#1990=VECTOR('',#8031,10.);
#1991=VECTOR('',#8032,10.);
#1992=VECTOR('',#8033,10.);
#1993=VECTOR('',#8036,10.);
#1994=VECTOR('',#8037,10.);
#1995=VECTOR('',#8038,10.);
#1996=VECTOR('',#8041,10.);
#1997=VECTOR('',#8042,10.);
#1998=VECTOR('',#8045,10.);
#1999=VECTOR('',#8046,10.);
#2000=VECTOR('',#8049,10.);
#2001=VECTOR('',#8050,10.);
#2002=VECTOR('',#8051,10.);
#2003=VECTOR('',#8052,10.);
#2004=VECTOR('',#8055,10.);
#2005=VECTOR('',#8056,10.);
#2006=VECTOR('',#8057,10.);
#2007=VECTOR('',#8060,10.);
#2008=VECTOR('',#8061,10.);
#2009=VECTOR('',#8064,10.);
#2010=VECTOR('',#8065,10.);
#2011=VECTOR('',#8066,10.);
#2012=VECTOR('',#8069,10.);
#2013=VECTOR('',#8070,10.);
#2014=VECTOR('',#8071,10.);
#2015=VECTOR('',#8074,10.);
#2016=VECTOR('',#8075,10.);
#2017=VECTOR('',#8076,10.);
#2018=VECTOR('',#8077,10.);
#2019=VECTOR('',#8080,10.);
#2020=VECTOR('',#8081,10.);
#2021=VECTOR('',#8084,10.);
#2022=VECTOR('',#8085,10.);
#2023=VECTOR('',#8086,10.);
#2024=VECTOR('',#8087,10.);
#2025=VECTOR('',#8090,10.);
#2026=VECTOR('',#8091,10.);
#2027=VECTOR('',#8092,10.);
#2028=VECTOR('',#8093,10.);
#2029=VECTOR('',#8096,10.);
#2030=VECTOR('',#8097,10.);
#2031=VECTOR('',#8100,10.);
#2032=VECTOR('',#8101,10.);
#2033=VECTOR('',#8104,10.);
#2034=VECTOR('',#8105,10.);
#2035=VECTOR('',#8108,10.);
#2036=VECTOR('',#8109,10.);
#2037=VECTOR('',#8110,10.);
#2038=VECTOR('',#8111,10.);
#2039=VECTOR('',#8114,10.);
#2040=VECTOR('',#8115,10.);
#2041=VECTOR('',#8116,10.);
#2042=VECTOR('',#8117,10.);
#2043=VECTOR('',#8120,10.);
#2044=VECTOR('',#8121,10.);
#2045=VECTOR('',#8124,10.);
#2046=VECTOR('',#8125,10.);
#2047=VECTOR('',#8126,10.);
#2048=VECTOR('',#8129,10.);
#2049=VECTOR('',#8152,10.);
#2050=VECTOR('',#8155,10.);
#2051=VECTOR('',#8158,10.);
#2052=VECTOR('',#8159,10.);
#2053=VECTOR('',#8164,10.);
#2054=VECTOR('',#8167,10.);
#2055=VECTOR('',#8168,10.);
#2056=VECTOR('',#8171,10.);
#2057=VECTOR('',#8172,10.);
#2058=VECTOR('',#8175,10.);
#2059=VECTOR('',#8176,10.);
#2060=VECTOR('',#8177,10.);
#2061=VECTOR('',#8180,10.);
#2062=VECTOR('',#8181,10.);
#2063=VECTOR('',#8184,10.);
#2064=VECTOR('',#8185,10.);
#2065=VECTOR('',#8188,10.);
#2066=VECTOR('',#8191,10.);
#2067=VECTOR('',#8192,10.);
#2068=VECTOR('',#8193,10.);
#2069=VECTOR('',#8196,10.);
#2070=VECTOR('',#8197,10.);
#2071=VECTOR('',#8200,10.);
#2072=VECTOR('',#8201,10.);
#2073=VECTOR('',#8204,10.);
#2074=VECTOR('',#8219,5.);
#2075=VECTOR('',#8222,10.);
#2076=VECTOR('',#8225,10.);
#2077=VECTOR('',#8230,10.);
#2078=VECTOR('',#8233,10.);
#2079=VECTOR('',#8236,10.);
#2080=VECTOR('',#8243,10.);
#2081=VECTOR('',#8246,10.);
#2082=VECTOR('',#8249,10.);
#2083=VECTOR('',#8252,10.);
#2084=VECTOR('',#8255,10.);
#2085=VECTOR('',#8258,10.);
#2086=VECTOR('',#8261,10.);
#2087=VECTOR('',#8264,10.);
#2088=VECTOR('',#8267,10.);
#2089=VECTOR('',#8270,10.);
#2090=VECTOR('',#8273,10.);
#2091=VECTOR('',#8276,10.);
#2092=VECTOR('',#8279,10.);
#2093=VECTOR('',#8282,10.);
#2094=VECTOR('',#8285,10.);
#2095=VECTOR('',#8288,10.);
#2096=VECTOR('',#8291,10.);
#2097=VECTOR('',#8294,10.);
#2098=VECTOR('',#8297,10.);
#2099=VECTOR('',#8300,10.);
#2100=VECTOR('',#8303,10.);
#2101=VECTOR('',#8306,10.);
#2102=VECTOR('',#8309,10.);
#2103=VECTOR('',#8312,10.);
#2104=VECTOR('',#8325,1.45);
#2105=VECTOR('',#8328,1.45);
#2106=VECTOR('',#8331,1.45);
#2107=VECTOR('',#8334,1.45);
#2108=VECTOR('',#8337,10.);
#2109=VECTOR('',#8340,10.);
#2110=VECTOR('',#8343,10.);
#2111=VECTOR('',#8346,10.);
#2112=VECTOR('',#8347,10.);
#2113=VECTOR('',#8350,10.);
#2114=VECTOR('',#8355,10.);
#2115=VECTOR('',#8358,10.);
#2116=VECTOR('',#8361,10.);
#2117=VECTOR('',#8366,10.);
#2118=VECTOR('',#8367,10.);
#2119=VECTOR('',#8370,10.);
#2120=VECTOR('',#8373,10.);
#2121=VECTOR('',#8376,10.);
#2122=VECTOR('',#8379,10.);
#2123=VECTOR('',#8382,10.);
#2124=VECTOR('',#8385,10.);
#2125=VECTOR('',#8390,10.);
#2126=VECTOR('',#8391,10.);
#2127=VECTOR('',#8394,10.);
#2128=VECTOR('',#8397,10.);
#2129=VECTOR('',#8400,10.);
#2130=VECTOR('',#8403,10.);
#2131=VECTOR('',#8406,10.);
#2132=VECTOR('',#8409,10.);
#2133=VECTOR('',#8414,10.);
#2134=VECTOR('',#8415,10.);
#2135=VECTOR('',#8418,10.);
#2136=VECTOR('',#8421,10.);
#2137=VECTOR('',#8424,10.);
#2138=VECTOR('',#8427,10.);
#2139=VECTOR('',#8430,10.);
#2140=VECTOR('',#8433,10.);
#2141=VECTOR('',#8438,10.);
#2142=VECTOR('',#8439,10.);
#2143=VECTOR('',#8442,10.);
#2144=VECTOR('',#8445,10.);
#2145=VECTOR('',#8448,10.);
#2146=VECTOR('',#8451,10.);
#2147=VECTOR('',#8454,10.);
#2148=VECTOR('',#8457,10.);
#2149=VECTOR('',#8462,10.);
#2150=VECTOR('',#8463,10.);
#2151=VECTOR('',#8466,10.);
#2152=VECTOR('',#8469,10.);
#2153=VECTOR('',#8472,10.);
#2154=VECTOR('',#8475,10.);
#2155=VECTOR('',#8478,10.);
#2156=VECTOR('',#8481,10.);
#2157=VECTOR('',#8486,10.);
#2158=VECTOR('',#8487,10.);
#2159=VECTOR('',#8490,10.);
#2160=VECTOR('',#8493,10.);
#2161=VECTOR('',#8496,10.);
#2162=VECTOR('',#8499,10.);
#2163=VECTOR('',#8502,10.);
#2164=VECTOR('',#8505,10.);
#2165=CYLINDRICAL_SURFACE('',#6596,1.);
#2166=CYLINDRICAL_SURFACE('',#6602,1.);
#2167=CYLINDRICAL_SURFACE('',#6608,1.);
#2168=CYLINDRICAL_SURFACE('',#6614,1.);
#2169=CYLINDRICAL_SURFACE('',#6616,3.);
#2170=CYLINDRICAL_SURFACE('',#6619,3.);
#2171=CYLINDRICAL_SURFACE('',#6868,4.00000000000001);
#2172=CYLINDRICAL_SURFACE('',#6871,6.);
#2173=CYLINDRICAL_SURFACE('',#6887,5.);
#2174=CYLINDRICAL_SURFACE('',#6927,1.45);
#2175=CYLINDRICAL_SURFACE('',#6928,1.45);
#2176=CYLINDRICAL_SURFACE('',#6929,1.45);
#2177=CYLINDRICAL_SURFACE('',#6930,1.45);
#2178=CYLINDRICAL_SURFACE('',#6931,3.);
#2179=CYLINDRICAL_SURFACE('',#6933,3.);
#2180=CYLINDRICAL_SURFACE('',#6934,4.00000000000001);
#2181=CYLINDRICAL_SURFACE('',#6936,2.99999999999997);
#2182=CYLINDRICAL_SURFACE('',#6938,3.);
#2183=CYLINDRICAL_SURFACE('',#6940,6.);
#2184=CYLINDRICAL_SURFACE('',#6942,0.500000000000007);
#2185=CYLINDRICAL_SURFACE('',#6944,0.499999999999989);
#2186=CYLINDRICAL_SURFACE('',#6946,0.500000000000007);
#2187=CYLINDRICAL_SURFACE('',#6948,0.500000000000007);
#2188=CYLINDRICAL_SURFACE('',#6950,0.500000000000007);
#2189=CYLINDRICAL_SURFACE('',#6952,0.499999999999998);
#2190=CYLINDRICAL_SURFACE('',#6954,0.500000000000007);
#2191=CYLINDRICAL_SURFACE('',#6956,0.499999999999989);
#2192=CYLINDRICAL_SURFACE('',#6958,0.490807274334953);
#2193=CYLINDRICAL_SURFACE('',#6960,0.499999999999989);
#2194=CYLINDRICAL_SURFACE('',#6962,0.499999999999998);
#2195=CYLINDRICAL_SURFACE('',#6964,0.500000000000007);
#2196=CYLINDRICAL_SURFACE('',#6966,0.500000000000007);
#2197=CYLINDRICAL_SURFACE('',#6968,0.499999999999989);
#2198=CYLINDRICAL_SURFACE('',#6970,0.500000000000007);
#2199=CYLINDRICAL_SURFACE('',#6972,0.500000000000007);
#2200=CYLINDRICAL_SURFACE('',#6974,0.499999999999972);
#2201=CYLINDRICAL_SURFACE('',#6976,0.499999999999998);
#2202=CYLINDRICAL_SURFACE('',#6978,0.500000000000007);
#2203=CYLINDRICAL_SURFACE('',#6980,0.499999999999989);
#2204=CYLINDRICAL_SURFACE('',#6982,0.499999999999972);
#2205=CYLINDRICAL_SURFACE('',#6984,0.499999999999989);
#2206=CYLINDRICAL_SURFACE('',#6986,0.500000000000007);
#2207=CYLINDRICAL_SURFACE('',#6988,0.500000000000007);
#2208=FACE_OUTER_BOUND('',#2542,.T.);
#2209=FACE_OUTER_BOUND('',#2543,.T.);
#2210=FACE_OUTER_BOUND('',#2544,.T.);
#2211=FACE_OUTER_BOUND('',#2545,.T.);
#2212=FACE_OUTER_BOUND('',#2546,.T.);
#2213=FACE_OUTER_BOUND('',#2547,.T.);
#2214=FACE_OUTER_BOUND('',#2548,.T.);
#2215=FACE_OUTER_BOUND('',#2549,.T.);
#2216=FACE_OUTER_BOUND('',#2550,.T.);
#2217=FACE_OUTER_BOUND('',#2551,.T.);
#2218=FACE_OUTER_BOUND('',#2552,.T.);
#2219=FACE_OUTER_BOUND('',#2553,.T.);
#2220=FACE_OUTER_BOUND('',#2554,.T.);
#2221=FACE_OUTER_BOUND('',#2595,.T.);
#2222=FACE_OUTER_BOUND('',#2596,.T.);
#2223=FACE_OUTER_BOUND('',#2597,.T.);
#2224=FACE_OUTER_BOUND('',#2598,.T.);
#2225=FACE_OUTER_BOUND('',#2599,.T.);
#2226=FACE_OUTER_BOUND('',#2600,.T.);
#2227=FACE_OUTER_BOUND('',#2601,.T.);
#2228=FACE_OUTER_BOUND('',#2602,.T.);
#2229=FACE_OUTER_BOUND('',#2603,.T.);
#2230=FACE_OUTER_BOUND('',#2604,.T.);
#2231=FACE_OUTER_BOUND('',#2605,.T.);
#2232=FACE_OUTER_BOUND('',#2606,.T.);
#2233=FACE_OUTER_BOUND('',#2607,.T.);
#2234=FACE_OUTER_BOUND('',#2608,.T.);
#2235=FACE_OUTER_BOUND('',#2609,.T.);
#2236=FACE_OUTER_BOUND('',#2610,.T.);
#2237=FACE_OUTER_BOUND('',#2611,.T.);
#2238=FACE_OUTER_BOUND('',#2612,.T.);
#2239=FACE_OUTER_BOUND('',#2613,.T.);
#2240=FACE_OUTER_BOUND('',#2614,.T.);
#2241=FACE_OUTER_BOUND('',#2615,.T.);
#2242=FACE_OUTER_BOUND('',#2616,.T.);
#2243=FACE_OUTER_BOUND('',#2617,.T.);
#2244=FACE_OUTER_BOUND('',#2618,.T.);
#2245=FACE_OUTER_BOUND('',#2619,.T.);
#2246=FACE_OUTER_BOUND('',#2620,.T.);
#2247=FACE_OUTER_BOUND('',#2621,.T.);
#2248=FACE_OUTER_BOUND('',#2622,.T.);
#2249=FACE_OUTER_BOUND('',#2623,.T.);
#2250=FACE_OUTER_BOUND('',#2624,.T.);
#2251=FACE_OUTER_BOUND('',#2625,.T.);
#2252=FACE_OUTER_BOUND('',#2626,.T.);
#2253=FACE_OUTER_BOUND('',#2627,.T.);
#2254=FACE_OUTER_BOUND('',#2628,.T.);
#2255=FACE_OUTER_BOUND('',#2629,.T.);
#2256=FACE_OUTER_BOUND('',#2630,.T.);
#2257=FACE_OUTER_BOUND('',#2631,.T.);
#2258=FACE_OUTER_BOUND('',#2632,.T.);
#2259=FACE_OUTER_BOUND('',#2633,.T.);
#2260=FACE_OUTER_BOUND('',#2634,.T.);
#2261=FACE_OUTER_BOUND('',#2635,.T.);
#2262=FACE_OUTER_BOUND('',#2636,.T.);
#2263=FACE_OUTER_BOUND('',#2637,.T.);
#2264=FACE_OUTER_BOUND('',#2638,.T.);
#2265=FACE_OUTER_BOUND('',#2639,.T.);
#2266=FACE_OUTER_BOUND('',#2640,.T.);
#2267=FACE_OUTER_BOUND('',#2641,.T.);
#2268=FACE_OUTER_BOUND('',#2642,.T.);
#2269=FACE_OUTER_BOUND('',#2643,.T.);
#2270=FACE_OUTER_BOUND('',#2644,.T.);
#2271=FACE_OUTER_BOUND('',#2645,.T.);
#2272=FACE_OUTER_BOUND('',#2646,.T.);
#2273=FACE_OUTER_BOUND('',#2647,.T.);
#2274=FACE_OUTER_BOUND('',#2648,.T.);
#2275=FACE_OUTER_BOUND('',#2649,.T.);
#2276=FACE_OUTER_BOUND('',#2650,.T.);
#2277=FACE_OUTER_BOUND('',#2651,.T.);
#2278=FACE_OUTER_BOUND('',#2652,.T.);
#2279=FACE_OUTER_BOUND('',#2653,.T.);
#2280=FACE_OUTER_BOUND('',#2654,.T.);
#2281=FACE_OUTER_BOUND('',#2655,.T.);
#2282=FACE_OUTER_BOUND('',#2656,.T.);
#2283=FACE_OUTER_BOUND('',#2657,.T.);
#2284=FACE_OUTER_BOUND('',#2658,.T.);
#2285=FACE_OUTER_BOUND('',#2659,.T.);
#2286=FACE_OUTER_BOUND('',#2660,.T.);
#2287=FACE_OUTER_BOUND('',#2661,.T.);
#2288=FACE_OUTER_BOUND('',#2662,.T.);
#2289=FACE_OUTER_BOUND('',#2663,.T.);
#2290=FACE_OUTER_BOUND('',#2664,.T.);
#2291=FACE_OUTER_BOUND('',#2665,.T.);
#2292=FACE_OUTER_BOUND('',#2666,.T.);
#2293=FACE_OUTER_BOUND('',#2667,.T.);
#2294=FACE_OUTER_BOUND('',#2668,.T.);
#2295=FACE_OUTER_BOUND('',#2669,.T.);
#2296=FACE_OUTER_BOUND('',#2670,.T.);
#2297=FACE_OUTER_BOUND('',#2671,.T.);
#2298=FACE_OUTER_BOUND('',#2672,.T.);
#2299=FACE_OUTER_BOUND('',#2673,.T.);
#2300=FACE_OUTER_BOUND('',#2674,.T.);
#2301=FACE_OUTER_BOUND('',#2675,.T.);
#2302=FACE_OUTER_BOUND('',#2676,.T.);
#2303=FACE_OUTER_BOUND('',#2677,.T.);
#2304=FACE_OUTER_BOUND('',#2678,.T.);
#2305=FACE_OUTER_BOUND('',#2679,.T.);
#2306=FACE_OUTER_BOUND('',#2680,.T.);
#2307=FACE_OUTER_BOUND('',#2681,.T.);
#2308=FACE_OUTER_BOUND('',#2682,.T.);
#2309=FACE_OUTER_BOUND('',#2683,.T.);
#2310=FACE_OUTER_BOUND('',#2684,.T.);
#2311=FACE_OUTER_BOUND('',#2685,.T.);
#2312=FACE_OUTER_BOUND('',#2686,.T.);
#2313=FACE_OUTER_BOUND('',#2687,.T.);
#2314=FACE_OUTER_BOUND('',#2688,.T.);
#2315=FACE_OUTER_BOUND('',#2689,.T.);
#2316=FACE_OUTER_BOUND('',#2690,.T.);
#2317=FACE_OUTER_BOUND('',#2691,.T.);
#2318=FACE_OUTER_BOUND('',#2692,.T.);
#2319=FACE_OUTER_BOUND('',#2693,.T.);
#2320=FACE_OUTER_BOUND('',#2694,.T.);
#2321=FACE_OUTER_BOUND('',#2695,.T.);
#2322=FACE_OUTER_BOUND('',#2696,.T.);
#2323=FACE_OUTER_BOUND('',#2697,.T.);
#2324=FACE_OUTER_BOUND('',#2698,.T.);
#2325=FACE_OUTER_BOUND('',#2699,.T.);
#2326=FACE_OUTER_BOUND('',#2700,.T.);
#2327=FACE_OUTER_BOUND('',#2701,.T.);
#2328=FACE_OUTER_BOUND('',#2702,.T.);
#2329=FACE_OUTER_BOUND('',#2703,.T.);
#2330=FACE_OUTER_BOUND('',#2704,.T.);
#2331=FACE_OUTER_BOUND('',#2705,.T.);
#2332=FACE_OUTER_BOUND('',#2706,.T.);
#2333=FACE_OUTER_BOUND('',#2707,.T.);
#2334=FACE_OUTER_BOUND('',#2708,.T.);
#2335=FACE_OUTER_BOUND('',#2709,.T.);
#2336=FACE_OUTER_BOUND('',#2710,.T.);
#2337=FACE_OUTER_BOUND('',#2711,.T.);
#2338=FACE_OUTER_BOUND('',#2712,.T.);
#2339=FACE_OUTER_BOUND('',#2713,.T.);
#2340=FACE_OUTER_BOUND('',#2714,.T.);
#2341=FACE_OUTER_BOUND('',#2715,.T.);
#2342=FACE_OUTER_BOUND('',#2716,.T.);
#2343=FACE_OUTER_BOUND('',#2717,.T.);
#2344=FACE_OUTER_BOUND('',#2718,.T.);
#2345=FACE_OUTER_BOUND('',#2719,.T.);
#2346=FACE_OUTER_BOUND('',#2720,.T.);
#2347=FACE_OUTER_BOUND('',#2721,.T.);
#2348=FACE_OUTER_BOUND('',#2722,.T.);
#2349=FACE_OUTER_BOUND('',#2723,.T.);
#2350=FACE_OUTER_BOUND('',#2724,.T.);
#2351=FACE_OUTER_BOUND('',#2725,.T.);
#2352=FACE_OUTER_BOUND('',#2726,.T.);
#2353=FACE_OUTER_BOUND('',#2727,.T.);
#2354=FACE_OUTER_BOUND('',#2728,.T.);
#2355=FACE_OUTER_BOUND('',#2729,.T.);
#2356=FACE_OUTER_BOUND('',#2730,.T.);
#2357=FACE_OUTER_BOUND('',#2731,.T.);
#2358=FACE_OUTER_BOUND('',#2732,.T.);
#2359=FACE_OUTER_BOUND('',#2733,.T.);
#2360=FACE_OUTER_BOUND('',#2734,.T.);
#2361=FACE_OUTER_BOUND('',#2735,.T.);
#2362=FACE_OUTER_BOUND('',#2736,.T.);
#2363=FACE_OUTER_BOUND('',#2737,.T.);
#2364=FACE_OUTER_BOUND('',#2738,.T.);
#2365=FACE_OUTER_BOUND('',#2739,.T.);
#2366=FACE_OUTER_BOUND('',#2740,.T.);
#2367=FACE_OUTER_BOUND('',#2741,.T.);
#2368=FACE_OUTER_BOUND('',#2742,.T.);
#2369=FACE_OUTER_BOUND('',#2743,.T.);
#2370=FACE_OUTER_BOUND('',#2744,.T.);
#2371=FACE_OUTER_BOUND('',#2745,.T.);
#2372=FACE_OUTER_BOUND('',#2746,.T.);
#2373=FACE_OUTER_BOUND('',#2747,.T.);
#2374=FACE_OUTER_BOUND('',#2748,.T.);
#2375=FACE_OUTER_BOUND('',#2749,.T.);
#2376=FACE_OUTER_BOUND('',#2750,.T.);
#2377=FACE_OUTER_BOUND('',#2751,.T.);
#2378=FACE_OUTER_BOUND('',#2752,.T.);
#2379=FACE_OUTER_BOUND('',#2753,.T.);
#2380=FACE_OUTER_BOUND('',#2754,.T.);
#2381=FACE_OUTER_BOUND('',#2755,.T.);
#2382=FACE_OUTER_BOUND('',#2756,.T.);
#2383=FACE_OUTER_BOUND('',#2757,.T.);
#2384=FACE_OUTER_BOUND('',#2758,.T.);
#2385=FACE_OUTER_BOUND('',#2759,.T.);
#2386=FACE_OUTER_BOUND('',#2760,.T.);
#2387=FACE_OUTER_BOUND('',#2761,.T.);
#2388=FACE_OUTER_BOUND('',#2762,.T.);
#2389=FACE_OUTER_BOUND('',#2763,.T.);
#2390=FACE_OUTER_BOUND('',#2764,.T.);
#2391=FACE_OUTER_BOUND('',#2765,.T.);
#2392=FACE_OUTER_BOUND('',#2766,.T.);
#2393=FACE_OUTER_BOUND('',#2767,.T.);
#2394=FACE_OUTER_BOUND('',#2768,.T.);
#2395=FACE_OUTER_BOUND('',#2769,.T.);
#2396=FACE_OUTER_BOUND('',#2770,.T.);
#2397=FACE_OUTER_BOUND('',#2771,.T.);
#2398=FACE_OUTER_BOUND('',#2772,.T.);
#2399=FACE_OUTER_BOUND('',#2773,.T.);
#2400=FACE_OUTER_BOUND('',#2774,.T.);
#2401=FACE_OUTER_BOUND('',#2775,.T.);
#2402=FACE_OUTER_BOUND('',#2776,.T.);
#2403=FACE_OUTER_BOUND('',#2777,.T.);
#2404=FACE_OUTER_BOUND('',#2778,.T.);
#2405=FACE_OUTER_BOUND('',#2779,.T.);
#2406=FACE_OUTER_BOUND('',#2780,.T.);
#2407=FACE_OUTER_BOUND('',#2781,.T.);
#2408=FACE_OUTER_BOUND('',#2782,.T.);
#2409=FACE_OUTER_BOUND('',#2783,.T.);
#2410=FACE_OUTER_BOUND('',#2784,.T.);
#2411=FACE_OUTER_BOUND('',#2785,.T.);
#2412=FACE_OUTER_BOUND('',#2786,.T.);
#2413=FACE_OUTER_BOUND('',#2787,.T.);
#2414=FACE_OUTER_BOUND('',#2788,.T.);
#2415=FACE_OUTER_BOUND('',#2789,.T.);
#2416=FACE_OUTER_BOUND('',#2790,.T.);
#2417=FACE_OUTER_BOUND('',#2791,.T.);
#2418=FACE_OUTER_BOUND('',#2792,.T.);
#2419=FACE_OUTER_BOUND('',#2793,.T.);
#2420=FACE_OUTER_BOUND('',#2794,.T.);
#2421=FACE_OUTER_BOUND('',#2795,.T.);
#2422=FACE_OUTER_BOUND('',#2796,.T.);
#2423=FACE_OUTER_BOUND('',#2797,.T.);
#2424=FACE_OUTER_BOUND('',#2798,.T.);
#2425=FACE_OUTER_BOUND('',#2799,.T.);
#2426=FACE_OUTER_BOUND('',#2800,.T.);
#2427=FACE_OUTER_BOUND('',#2801,.T.);
#2428=FACE_OUTER_BOUND('',#2802,.T.);
#2429=FACE_OUTER_BOUND('',#2803,.T.);
#2430=FACE_OUTER_BOUND('',#2804,.T.);
#2431=FACE_OUTER_BOUND('',#2805,.T.);
#2432=FACE_OUTER_BOUND('',#2806,.T.);
#2433=FACE_OUTER_BOUND('',#2807,.T.);
#2434=FACE_OUTER_BOUND('',#2808,.T.);
#2435=FACE_OUTER_BOUND('',#2809,.T.);
#2436=FACE_OUTER_BOUND('',#2810,.T.);
#2437=FACE_OUTER_BOUND('',#2811,.T.);
#2438=FACE_OUTER_BOUND('',#2812,.T.);
#2439=FACE_OUTER_BOUND('',#2813,.T.);
#2440=FACE_OUTER_BOUND('',#2814,.T.);
#2441=FACE_OUTER_BOUND('',#2815,.T.);
#2442=FACE_OUTER_BOUND('',#2816,.T.);
#2443=FACE_OUTER_BOUND('',#2817,.T.);
#2444=FACE_OUTER_BOUND('',#2818,.T.);
#2445=FACE_OUTER_BOUND('',#2819,.T.);
#2446=FACE_OUTER_BOUND('',#2820,.T.);
#2447=FACE_OUTER_BOUND('',#2821,.T.);
#2448=FACE_OUTER_BOUND('',#2822,.T.);
#2449=FACE_OUTER_BOUND('',#2823,.T.);
#2450=FACE_OUTER_BOUND('',#2824,.T.);
#2451=FACE_OUTER_BOUND('',#2825,.T.);
#2452=FACE_OUTER_BOUND('',#2826,.T.);
#2453=FACE_OUTER_BOUND('',#2836,.T.);
#2454=FACE_OUTER_BOUND('',#2837,.T.);
#2455=FACE_OUTER_BOUND('',#2838,.T.);
#2456=FACE_OUTER_BOUND('',#2839,.T.);
#2457=FACE_OUTER_BOUND('',#2840,.T.);
#2458=FACE_OUTER_BOUND('',#2841,.T.);
#2459=FACE_OUTER_BOUND('',#2842,.T.);
#2460=FACE_OUTER_BOUND('',#2843,.T.);
#2461=FACE_OUTER_BOUND('',#2844,.T.);
#2462=FACE_OUTER_BOUND('',#2845,.T.);
#2463=FACE_OUTER_BOUND('',#2846,.T.);
#2464=FACE_OUTER_BOUND('',#2847,.T.);
#2465=FACE_OUTER_BOUND('',#2848,.T.);
#2466=FACE_OUTER_BOUND('',#2849,.T.);
#2467=FACE_OUTER_BOUND('',#2850,.T.);
#2468=FACE_OUTER_BOUND('',#2851,.T.);
#2469=FACE_OUTER_BOUND('',#2852,.T.);
#2470=FACE_OUTER_BOUND('',#2853,.T.);
#2471=FACE_OUTER_BOUND('',#2854,.T.);
#2472=FACE_OUTER_BOUND('',#2855,.T.);
#2473=FACE_OUTER_BOUND('',#2856,.T.);
#2474=FACE_OUTER_BOUND('',#2857,.T.);
#2475=FACE_OUTER_BOUND('',#2858,.T.);
#2476=FACE_OUTER_BOUND('',#2859,.T.);
#2477=FACE_OUTER_BOUND('',#2860,.T.);
#2478=FACE_OUTER_BOUND('',#2874,.T.);
#2479=FACE_OUTER_BOUND('',#2875,.T.);
#2480=FACE_OUTER_BOUND('',#2876,.T.);
#2481=FACE_OUTER_BOUND('',#2877,.T.);
#2482=FACE_OUTER_BOUND('',#2878,.T.);
#2483=FACE_OUTER_BOUND('',#2879,.T.);
#2484=FACE_OUTER_BOUND('',#2880,.T.);
#2485=FACE_OUTER_BOUND('',#2881,.T.);
#2486=FACE_OUTER_BOUND('',#2882,.T.);
#2487=FACE_OUTER_BOUND('',#2883,.T.);
#2488=FACE_OUTER_BOUND('',#2884,.T.);
#2489=FACE_OUTER_BOUND('',#2885,.T.);
#2490=FACE_OUTER_BOUND('',#2886,.T.);
#2491=FACE_OUTER_BOUND('',#2887,.T.);
#2492=FACE_OUTER_BOUND('',#2888,.T.);
#2493=FACE_OUTER_BOUND('',#2889,.T.);
#2494=FACE_OUTER_BOUND('',#2890,.T.);
#2495=FACE_OUTER_BOUND('',#2891,.T.);
#2496=FACE_OUTER_BOUND('',#2892,.T.);
#2497=FACE_OUTER_BOUND('',#2893,.T.);
#2498=FACE_OUTER_BOUND('',#2894,.T.);
#2499=FACE_OUTER_BOUND('',#2895,.T.);
#2500=FACE_OUTER_BOUND('',#2896,.T.);
#2501=FACE_OUTER_BOUND('',#2897,.T.);
#2502=FACE_OUTER_BOUND('',#2898,.T.);
#2503=FACE_OUTER_BOUND('',#2899,.T.);
#2504=FACE_OUTER_BOUND('',#2900,.T.);
#2505=FACE_OUTER_BOUND('',#2901,.T.);
#2506=FACE_OUTER_BOUND('',#2902,.T.);
#2507=FACE_OUTER_BOUND('',#2903,.T.);
#2508=FACE_OUTER_BOUND('',#2904,.T.);
#2509=FACE_OUTER_BOUND('',#2905,.T.);
#2510=FACE_OUTER_BOUND('',#2906,.T.);
#2511=FACE_OUTER_BOUND('',#2907,.T.);
#2512=FACE_OUTER_BOUND('',#2908,.T.);
#2513=FACE_OUTER_BOUND('',#2909,.T.);
#2514=FACE_OUTER_BOUND('',#2910,.T.);
#2515=FACE_OUTER_BOUND('',#2911,.T.);
#2516=FACE_OUTER_BOUND('',#2912,.T.);
#2517=FACE_OUTER_BOUND('',#2913,.T.);
#2518=FACE_OUTER_BOUND('',#2914,.T.);
#2519=FACE_OUTER_BOUND('',#2915,.T.);
#2520=FACE_OUTER_BOUND('',#2916,.T.);
#2521=FACE_OUTER_BOUND('',#2917,.T.);
#2522=FACE_OUTER_BOUND('',#2918,.T.);
#2523=FACE_OUTER_BOUND('',#2919,.T.);
#2524=FACE_OUTER_BOUND('',#2920,.T.);
#2525=FACE_OUTER_BOUND('',#2921,.T.);
#2526=FACE_OUTER_BOUND('',#2922,.T.);
#2527=FACE_OUTER_BOUND('',#2923,.T.);
#2528=FACE_OUTER_BOUND('',#2924,.T.);
#2529=FACE_OUTER_BOUND('',#2925,.T.);
#2530=FACE_OUTER_BOUND('',#2926,.T.);
#2531=FACE_OUTER_BOUND('',#2927,.T.);
#2532=FACE_OUTER_BOUND('',#2928,.T.);
#2533=FACE_OUTER_BOUND('',#2929,.T.);
#2534=FACE_OUTER_BOUND('',#2930,.T.);
#2535=FACE_OUTER_BOUND('',#2931,.T.);
#2536=FACE_OUTER_BOUND('',#2932,.T.);
#2537=FACE_OUTER_BOUND('',#2933,.T.);
#2538=FACE_OUTER_BOUND('',#2934,.T.);
#2539=FACE_OUTER_BOUND('',#2935,.T.);
#2540=FACE_OUTER_BOUND('',#2936,.T.);
#2541=FACE_OUTER_BOUND('',#2937,.T.);
#2542=EDGE_LOOP('',(#4487,#4488,#4489,#4490));
#2543=EDGE_LOOP('',(#4491,#4492,#4493,#4494));
#2544=EDGE_LOOP('',(#4495,#4496,#4497,#4498));
#2545=EDGE_LOOP('',(#4499,#4500,#4501,#4502));
#2546=EDGE_LOOP('',(#4503,#4504,#4505,#4506));
#2547=EDGE_LOOP('',(#4507,#4508,#4509,#4510));
#2548=EDGE_LOOP('',(#4511,#4512,#4513,#4514));
#2549=EDGE_LOOP('',(#4515,#4516,#4517,#4518));
#2550=EDGE_LOOP('',(#4519,#4520,#4521,#4522));
#2551=EDGE_LOOP('',(#4523,#4524,#4525,#4526));
#2552=EDGE_LOOP('',(#4527,#4528,#4529,#4530));
#2553=EDGE_LOOP('',(#4531,#4532,#4533,#4534));
#2554=EDGE_LOOP('',(#4535,#4536,#4537,#4538,#4539,#4540,#4541,#4542));
#2555=EDGE_LOOP('',(#4543,#4544,#4545,#4546));
#2556=EDGE_LOOP('',(#4547,#4548,#4549,#4550));
#2557=EDGE_LOOP('',(#4551,#4552,#4553,#4554));
#2558=EDGE_LOOP('',(#4555,#4556,#4557,#4558));
#2559=EDGE_LOOP('',(#4559,#4560,#4561,#4562));
#2560=EDGE_LOOP('',(#4563,#4564,#4565,#4566));
#2561=EDGE_LOOP('',(#4567,#4568,#4569,#4570));
#2562=EDGE_LOOP('',(#4571,#4572,#4573,#4574));
#2563=EDGE_LOOP('',(#4575,#4576,#4577,#4578));
#2564=EDGE_LOOP('',(#4579,#4580,#4581,#4582));
#2565=EDGE_LOOP('',(#4583,#4584,#4585,#4586));
#2566=EDGE_LOOP('',(#4587,#4588,#4589,#4590));
#2567=EDGE_LOOP('',(#4591,#4592,#4593,#4594));
#2568=EDGE_LOOP('',(#4595,#4596,#4597,#4598));
#2569=EDGE_LOOP('',(#4599,#4600,#4601,#4602));
#2570=EDGE_LOOP('',(#4603,#4604,#4605,#4606));
#2571=EDGE_LOOP('',(#4607,#4608,#4609,#4610));
#2572=EDGE_LOOP('',(#4611,#4612,#4613,#4614));
#2573=EDGE_LOOP('',(#4615,#4616,#4617,#4618));
#2574=EDGE_LOOP('',(#4619,#4620,#4621,#4622));
#2575=EDGE_LOOP('',(#4623,#4624,#4625,#4626));
#2576=EDGE_LOOP('',(#4627,#4628,#4629,#4630));
#2577=EDGE_LOOP('',(#4631,#4632,#4633,#4634));
#2578=EDGE_LOOP('',(#4635,#4636,#4637,#4638));
#2579=EDGE_LOOP('',(#4639,#4640,#4641,#4642));
#2580=EDGE_LOOP('',(#4643,#4644,#4645,#4646));
#2581=EDGE_LOOP('',(#4647,#4648,#4649,#4650));
#2582=EDGE_LOOP('',(#4651));
#2583=EDGE_LOOP('',(#4652));
#2584=EDGE_LOOP('',(#4653,#4654,#4655,#4656,#4657,#4658,#4659,#4660));
#2585=EDGE_LOOP('',(#4661,#4662,#4663,#4664,#4665,#4666,#4667,#4668));
#2586=EDGE_LOOP('',(#4669,#4670,#4671,#4672,#4673,#4674,#4675,#4676));
#2587=EDGE_LOOP('',(#4677,#4678,#4679,#4680,#4681,#4682,#4683,#4684));
#2588=EDGE_LOOP('',(#4685,#4686,#4687,#4688,#4689,#4690,#4691,#4692));
#2589=EDGE_LOOP('',(#4693,#4694,#4695,#4696,#4697,#4698,#4699,#4700));
#2590=EDGE_LOOP('',(#4701));
#2591=EDGE_LOOP('',(#4702));
#2592=EDGE_LOOP('',(#4703));
#2593=EDGE_LOOP('',(#4704,#4705,#4706,#4707,#4708,#4709,#4710,#4711,#4712,
#4713,#4714,#4715));
#2594=EDGE_LOOP('',(#4716,#4717,#4718,#4719,#4720,#4721,#4722,#4723,#4724,
#4725,#4726,#4727,#4728,#4729,#4730,#4731,#4732,#4733,#4734,#4735,#4736,
#4737,#4738,#4739,#4740,#4741,#4742,#4743,#4744,#4745,#4746,#4747,#4748,
#4749,#4750,#4751,#4752,#4753,#4754,#4755,#4756,#4757,#4758,#4759,#4760,
#4761,#4762,#4763,#4764,#4765,#4766,#4767,#4768,#4769,#4770,#4771,#4772,
#4773,#4774,#4775,#4776,#4777,#4778));
#2595=EDGE_LOOP('',(#4779,#4780,#4781,#4782));
#2596=EDGE_LOOP('',(#4783,#4784,#4785,#4786));
#2597=EDGE_LOOP('',(#4787,#4788,#4789,#4790));
#2598=EDGE_LOOP('',(#4791,#4792,#4793,#4794));
#2599=EDGE_LOOP('',(#4795,#4796,#4797,#4798));
#2600=EDGE_LOOP('',(#4799,#4800,#4801,#4802));
#2601=EDGE_LOOP('',(#4803,#4804,#4805,#4806));
#2602=EDGE_LOOP('',(#4807,#4808,#4809,#4810));
#2603=EDGE_LOOP('',(#4811,#4812,#4813,#4814));
#2604=EDGE_LOOP('',(#4815,#4816,#4817,#4818));
#2605=EDGE_LOOP('',(#4819,#4820,#4821,#4822));
#2606=EDGE_LOOP('',(#4823,#4824,#4825,#4826));
#2607=EDGE_LOOP('',(#4827,#4828,#4829,#4830));
#2608=EDGE_LOOP('',(#4831,#4832,#4833,#4834));
#2609=EDGE_LOOP('',(#4835,#4836,#4837,#4838));
#2610=EDGE_LOOP('',(#4839,#4840,#4841,#4842));
#2611=EDGE_LOOP('',(#4843,#4844,#4845,#4846));
#2612=EDGE_LOOP('',(#4847,#4848,#4849,#4850));
#2613=EDGE_LOOP('',(#4851,#4852,#4853,#4854));
#2614=EDGE_LOOP('',(#4855,#4856,#4857,#4858));
#2615=EDGE_LOOP('',(#4859,#4860,#4861,#4862));
#2616=EDGE_LOOP('',(#4863,#4864,#4865,#4866));
#2617=EDGE_LOOP('',(#4867,#4868,#4869,#4870));
#2618=EDGE_LOOP('',(#4871,#4872,#4873,#4874));
#2619=EDGE_LOOP('',(#4875,#4876,#4877,#4878));
#2620=EDGE_LOOP('',(#4879,#4880,#4881,#4882));
#2621=EDGE_LOOP('',(#4883,#4884,#4885,#4886));
#2622=EDGE_LOOP('',(#4887,#4888,#4889,#4890));
#2623=EDGE_LOOP('',(#4891,#4892,#4893,#4894));
#2624=EDGE_LOOP('',(#4895,#4896,#4897,#4898));
#2625=EDGE_LOOP('',(#4899,#4900,#4901,#4902));
#2626=EDGE_LOOP('',(#4903,#4904,#4905,#4906));
#2627=EDGE_LOOP('',(#4907,#4908,#4909,#4910));
#2628=EDGE_LOOP('',(#4911,#4912,#4913,#4914));
#2629=EDGE_LOOP('',(#4915,#4916,#4917,#4918));
#2630=EDGE_LOOP('',(#4919,#4920,#4921,#4922));
#2631=EDGE_LOOP('',(#4923,#4924,#4925,#4926));
#2632=EDGE_LOOP('',(#4927,#4928,#4929,#4930));
#2633=EDGE_LOOP('',(#4931,#4932,#4933,#4934));
#2634=EDGE_LOOP('',(#4935,#4936,#4937,#4938));
#2635=EDGE_LOOP('',(#4939,#4940,#4941,#4942));
#2636=EDGE_LOOP('',(#4943,#4944,#4945,#4946));
#2637=EDGE_LOOP('',(#4947,#4948,#4949,#4950));
#2638=EDGE_LOOP('',(#4951,#4952,#4953,#4954));
#2639=EDGE_LOOP('',(#4955,#4956,#4957,#4958));
#2640=EDGE_LOOP('',(#4959,#4960,#4961,#4962));
#2641=EDGE_LOOP('',(#4963,#4964,#4965,#4966));
#2642=EDGE_LOOP('',(#4967,#4968,#4969,#4970));
#2643=EDGE_LOOP('',(#4971,#4972,#4973,#4974));
#2644=EDGE_LOOP('',(#4975,#4976,#4977,#4978));
#2645=EDGE_LOOP('',(#4979,#4980,#4981,#4982));
#2646=EDGE_LOOP('',(#4983,#4984,#4985,#4986));
#2647=EDGE_LOOP('',(#4987,#4988,#4989,#4990));
#2648=EDGE_LOOP('',(#4991,#4992,#4993,#4994));
#2649=EDGE_LOOP('',(#4995,#4996,#4997,#4998));
#2650=EDGE_LOOP('',(#4999,#5000,#5001,#5002));
#2651=EDGE_LOOP('',(#5003,#5004,#5005,#5006));
#2652=EDGE_LOOP('',(#5007,#5008,#5009,#5010));
#2653=EDGE_LOOP('',(#5011,#5012,#5013,#5014));
#2654=EDGE_LOOP('',(#5015,#5016,#5017,#5018));
#2655=EDGE_LOOP('',(#5019,#5020,#5021,#5022));
#2656=EDGE_LOOP('',(#5023,#5024,#5025,#5026));
#2657=EDGE_LOOP('',(#5027,#5028,#5029,#5030));
#2658=EDGE_LOOP('',(#5031,#5032,#5033,#5034));
#2659=EDGE_LOOP('',(#5035,#5036,#5037,#5038));
#2660=EDGE_LOOP('',(#5039,#5040,#5041,#5042));
#2661=EDGE_LOOP('',(#5043,#5044,#5045,#5046));
#2662=EDGE_LOOP('',(#5047,#5048,#5049,#5050));
#2663=EDGE_LOOP('',(#5051,#5052,#5053,#5054));
#2664=EDGE_LOOP('',(#5055,#5056,#5057,#5058));
#2665=EDGE_LOOP('',(#5059,#5060,#5061,#5062));
#2666=EDGE_LOOP('',(#5063,#5064,#5065,#5066));
#2667=EDGE_LOOP('',(#5067,#5068,#5069,#5070));
#2668=EDGE_LOOP('',(#5071,#5072,#5073,#5074));
#2669=EDGE_LOOP('',(#5075,#5076,#5077,#5078));
#2670=EDGE_LOOP('',(#5079,#5080,#5081,#5082));
#2671=EDGE_LOOP('',(#5083,#5084,#5085,#5086));
#2672=EDGE_LOOP('',(#5087,#5088,#5089,#5090));
#2673=EDGE_LOOP('',(#5091,#5092,#5093,#5094));
#2674=EDGE_LOOP('',(#5095,#5096,#5097,#5098));
#2675=EDGE_LOOP('',(#5099,#5100,#5101,#5102));
#2676=EDGE_LOOP('',(#5103,#5104,#5105,#5106));
#2677=EDGE_LOOP('',(#5107,#5108,#5109,#5110));
#2678=EDGE_LOOP('',(#5111,#5112,#5113,#5114));
#2679=EDGE_LOOP('',(#5115,#5116,#5117,#5118));
#2680=EDGE_LOOP('',(#5119,#5120,#5121,#5122));
#2681=EDGE_LOOP('',(#5123,#5124,#5125,#5126));
#2682=EDGE_LOOP('',(#5127,#5128,#5129,#5130));
#2683=EDGE_LOOP('',(#5131,#5132,#5133,#5134));
#2684=EDGE_LOOP('',(#5135,#5136,#5137,#5138));
#2685=EDGE_LOOP('',(#5139,#5140,#5141,#5142));
#2686=EDGE_LOOP('',(#5143,#5144,#5145,#5146));
#2687=EDGE_LOOP('',(#5147,#5148,#5149,#5150));
#2688=EDGE_LOOP('',(#5151,#5152,#5153,#5154));
#2689=EDGE_LOOP('',(#5155,#5156,#5157,#5158));
#2690=EDGE_LOOP('',(#5159,#5160,#5161,#5162));
#2691=EDGE_LOOP('',(#5163,#5164,#5165,#5166));
#2692=EDGE_LOOP('',(#5167,#5168,#5169,#5170));
#2693=EDGE_LOOP('',(#5171,#5172,#5173,#5174));
#2694=EDGE_LOOP('',(#5175,#5176,#5177,#5178));
#2695=EDGE_LOOP('',(#5179,#5180,#5181,#5182));
#2696=EDGE_LOOP('',(#5183,#5184,#5185,#5186));
#2697=EDGE_LOOP('',(#5187,#5188,#5189,#5190));
#2698=EDGE_LOOP('',(#5191,#5192,#5193,#5194));
#2699=EDGE_LOOP('',(#5195,#5196,#5197,#5198));
#2700=EDGE_LOOP('',(#5199,#5200,#5201,#5202));
#2701=EDGE_LOOP('',(#5203,#5204,#5205,#5206));
#2702=EDGE_LOOP('',(#5207,#5208,#5209,#5210));
#2703=EDGE_LOOP('',(#5211,#5212,#5213,#5214));
#2704=EDGE_LOOP('',(#5215,#5216,#5217,#5218));
#2705=EDGE_LOOP('',(#5219,#5220,#5221,#5222));
#2706=EDGE_LOOP('',(#5223,#5224,#5225,#5226));
#2707=EDGE_LOOP('',(#5227,#5228,#5229,#5230));
#2708=EDGE_LOOP('',(#5231,#5232,#5233,#5234));
#2709=EDGE_LOOP('',(#5235,#5236,#5237,#5238));
#2710=EDGE_LOOP('',(#5239,#5240,#5241,#5242));
#2711=EDGE_LOOP('',(#5243,#5244,#5245,#5246));
#2712=EDGE_LOOP('',(#5247,#5248,#5249,#5250));
#2713=EDGE_LOOP('',(#5251,#5252,#5253,#5254));
#2714=EDGE_LOOP('',(#5255,#5256,#5257,#5258));
#2715=EDGE_LOOP('',(#5259,#5260,#5261,#5262));
#2716=EDGE_LOOP('',(#5263,#5264,#5265,#5266));
#2717=EDGE_LOOP('',(#5267,#5268,#5269,#5270));
#2718=EDGE_LOOP('',(#5271,#5272,#5273,#5274));
#2719=EDGE_LOOP('',(#5275,#5276,#5277,#5278));
#2720=EDGE_LOOP('',(#5279,#5280,#5281,#5282));
#2721=EDGE_LOOP('',(#5283,#5284,#5285,#5286));
#2722=EDGE_LOOP('',(#5287,#5288,#5289,#5290));
#2723=EDGE_LOOP('',(#5291,#5292,#5293,#5294));
#2724=EDGE_LOOP('',(#5295,#5296,#5297,#5298));
#2725=EDGE_LOOP('',(#5299,#5300,#5301,#5302));
#2726=EDGE_LOOP('',(#5303,#5304,#5305,#5306));
#2727=EDGE_LOOP('',(#5307,#5308,#5309,#5310));
#2728=EDGE_LOOP('',(#5311,#5312,#5313,#5314));
#2729=EDGE_LOOP('',(#5315,#5316,#5317,#5318));
#2730=EDGE_LOOP('',(#5319,#5320,#5321,#5322));
#2731=EDGE_LOOP('',(#5323,#5324,#5325,#5326));
#2732=EDGE_LOOP('',(#5327,#5328,#5329,#5330));
#2733=EDGE_LOOP('',(#5331,#5332,#5333,#5334));
#2734=EDGE_LOOP('',(#5335,#5336,#5337,#5338));
#2735=EDGE_LOOP('',(#5339,#5340,#5341,#5342));
#2736=EDGE_LOOP('',(#5343,#5344,#5345,#5346));
#2737=EDGE_LOOP('',(#5347,#5348,#5349,#5350));
#2738=EDGE_LOOP('',(#5351,#5352,#5353,#5354));
#2739=EDGE_LOOP('',(#5355,#5356,#5357,#5358));
#2740=EDGE_LOOP('',(#5359,#5360,#5361,#5362));
#2741=EDGE_LOOP('',(#5363,#5364,#5365,#5366));
#2742=EDGE_LOOP('',(#5367,#5368,#5369,#5370));
#2743=EDGE_LOOP('',(#5371,#5372,#5373,#5374));
#2744=EDGE_LOOP('',(#5375,#5376,#5377,#5378));
#2745=EDGE_LOOP('',(#5379,#5380,#5381,#5382));
#2746=EDGE_LOOP('',(#5383,#5384,#5385,#5386));
#2747=EDGE_LOOP('',(#5387,#5388,#5389,#5390));
#2748=EDGE_LOOP('',(#5391,#5392,#5393,#5394));
#2749=EDGE_LOOP('',(#5395,#5396,#5397,#5398));
#2750=EDGE_LOOP('',(#5399,#5400,#5401,#5402));
#2751=EDGE_LOOP('',(#5403,#5404,#5405,#5406));
#2752=EDGE_LOOP('',(#5407,#5408,#5409,#5410));
#2753=EDGE_LOOP('',(#5411,#5412,#5413,#5414));
#2754=EDGE_LOOP('',(#5415,#5416,#5417,#5418));
#2755=EDGE_LOOP('',(#5419,#5420,#5421,#5422));
#2756=EDGE_LOOP('',(#5423,#5424,#5425,#5426));
#2757=EDGE_LOOP('',(#5427,#5428,#5429,#5430));
#2758=EDGE_LOOP('',(#5431,#5432,#5433,#5434));
#2759=EDGE_LOOP('',(#5435,#5436,#5437,#5438));
#2760=EDGE_LOOP('',(#5439,#5440,#5441,#5442));
#2761=EDGE_LOOP('',(#5443,#5444,#5445,#5446));
#2762=EDGE_LOOP('',(#5447,#5448,#5449,#5450));
#2763=EDGE_LOOP('',(#5451,#5452,#5453,#5454));
#2764=EDGE_LOOP('',(#5455,#5456,#5457,#5458));
#2765=EDGE_LOOP('',(#5459,#5460,#5461,#5462));
#2766=EDGE_LOOP('',(#5463,#5464,#5465,#5466));
#2767=EDGE_LOOP('',(#5467,#5468,#5469,#5470));
#2768=EDGE_LOOP('',(#5471,#5472,#5473,#5474));
#2769=EDGE_LOOP('',(#5475,#5476,#5477,#5478));
#2770=EDGE_LOOP('',(#5479,#5480,#5481,#5482));
#2771=EDGE_LOOP('',(#5483,#5484,#5485,#5486));
#2772=EDGE_LOOP('',(#5487,#5488,#5489,#5490));
#2773=EDGE_LOOP('',(#5491,#5492,#5493,#5494));
#2774=EDGE_LOOP('',(#5495,#5496,#5497,#5498));
#2775=EDGE_LOOP('',(#5499,#5500,#5501,#5502));
#2776=EDGE_LOOP('',(#5503,#5504,#5505,#5506));
#2777=EDGE_LOOP('',(#5507,#5508,#5509,#5510));
#2778=EDGE_LOOP('',(#5511,#5512,#5513,#5514));
#2779=EDGE_LOOP('',(#5515,#5516,#5517,#5518));
#2780=EDGE_LOOP('',(#5519,#5520,#5521,#5522));
#2781=EDGE_LOOP('',(#5523,#5524,#5525,#5526));
#2782=EDGE_LOOP('',(#5527,#5528,#5529,#5530));
#2783=EDGE_LOOP('',(#5531,#5532,#5533,#5534));
#2784=EDGE_LOOP('',(#5535,#5536,#5537,#5538));
#2785=EDGE_LOOP('',(#5539,#5540,#5541,#5542));
#2786=EDGE_LOOP('',(#5543,#5544,#5545,#5546));
#2787=EDGE_LOOP('',(#5547,#5548,#5549,#5550));
#2788=EDGE_LOOP('',(#5551,#5552,#5553,#5554));
#2789=EDGE_LOOP('',(#5555,#5556,#5557,#5558));
#2790=EDGE_LOOP('',(#5559,#5560,#5561,#5562));
#2791=EDGE_LOOP('',(#5563,#5564,#5565,#5566));
#2792=EDGE_LOOP('',(#5567,#5568,#5569,#5570));
#2793=EDGE_LOOP('',(#5571,#5572,#5573,#5574));
#2794=EDGE_LOOP('',(#5575,#5576,#5577,#5578));
#2795=EDGE_LOOP('',(#5579,#5580,#5581,#5582));
#2796=EDGE_LOOP('',(#5583,#5584,#5585,#5586));
#2797=EDGE_LOOP('',(#5587,#5588,#5589,#5590));
#2798=EDGE_LOOP('',(#5591,#5592,#5593,#5594));
#2799=EDGE_LOOP('',(#5595,#5596,#5597,#5598));
#2800=EDGE_LOOP('',(#5599,#5600,#5601,#5602));
#2801=EDGE_LOOP('',(#5603,#5604,#5605,#5606));
#2802=EDGE_LOOP('',(#5607,#5608,#5609,#5610));
#2803=EDGE_LOOP('',(#5611,#5612,#5613,#5614));
#2804=EDGE_LOOP('',(#5615,#5616,#5617,#5618));
#2805=EDGE_LOOP('',(#5619,#5620,#5621,#5622));
#2806=EDGE_LOOP('',(#5623,#5624,#5625,#5626));
#2807=EDGE_LOOP('',(#5627,#5628,#5629,#5630));
#2808=EDGE_LOOP('',(#5631,#5632,#5633,#5634));
#2809=EDGE_LOOP('',(#5635,#5636,#5637,#5638));
#2810=EDGE_LOOP('',(#5639,#5640,#5641,#5642));
#2811=EDGE_LOOP('',(#5643,#5644,#5645,#5646));
#2812=EDGE_LOOP('',(#5647,#5648,#5649,#5650));
#2813=EDGE_LOOP('',(#5651,#5652,#5653,#5654));
#2814=EDGE_LOOP('',(#5655,#5656,#5657,#5658));
#2815=EDGE_LOOP('',(#5659,#5660,#5661,#5662));
#2816=EDGE_LOOP('',(#5663,#5664,#5665,#5666));
#2817=EDGE_LOOP('',(#5667,#5668,#5669,#5670));
#2818=EDGE_LOOP('',(#5671,#5672,#5673,#5674));
#2819=EDGE_LOOP('',(#5675,#5676,#5677,#5678));
#2820=EDGE_LOOP('',(#5679,#5680,#5681,#5682));
#2821=EDGE_LOOP('',(#5683,#5684,#5685,#5686));
#2822=EDGE_LOOP('',(#5687,#5688,#5689,#5690));
#2823=EDGE_LOOP('',(#5691,#5692,#5693,#5694));
#2824=EDGE_LOOP('',(#5695,#5696,#5697,#5698));
#2825=EDGE_LOOP('',(#5699,#5700,#5701,#5702));
#2826=EDGE_LOOP('',(#5703,#5704,#5705,#5706,#5707,#5708,#5709,#5710,#5711,
#5712,#5713,#5714,#5715,#5716,#5717,#5718,#5719,#5720,#5721,#5722,#5723,
#5724,#5725,#5726,#5727,#5728,#5729,#5730,#5731,#5732,#5733,#5734,#5735,
#5736,#5737,#5738,#5739,#5740,#5741,#5742,#5743,#5744,#5745,#5746,#5747,
#5748,#5749,#5750,#5751,#5752,#5753,#5754,#5755,#5756,#5757,#5758,#5759,
#5760,#5761,#5762,#5763,#5764,#5765));
#2827=EDGE_LOOP('',(#5766,#5767,#5768,#5769));
#2828=EDGE_LOOP('',(#5770,#5771,#5772,#5773));
#2829=EDGE_LOOP('',(#5774,#5775,#5776,#5777));
#2830=EDGE_LOOP('',(#5778,#5779,#5780,#5781));
#2831=EDGE_LOOP('',(#5782,#5783,#5784,#5785));
#2832=EDGE_LOOP('',(#5786,#5787,#5788,#5789,#5790));
#2833=EDGE_LOOP('',(#5791,#5792,#5793,#5794,#5795));
#2834=EDGE_LOOP('',(#5796,#5797,#5798,#5799));
#2835=EDGE_LOOP('',(#5800,#5801,#5802,#5803));
#2836=EDGE_LOOP('',(#5804,#5805,#5806,#5807));
#2837=EDGE_LOOP('',(#5808,#5809,#5810,#5811));
#2838=EDGE_LOOP('',(#5812,#5813,#5814,#5815));
#2839=EDGE_LOOP('',(#5816,#5817,#5818,#5819));
#2840=EDGE_LOOP('',(#5820,#5821,#5822,#5823));
#2841=EDGE_LOOP('',(#5824,#5825,#5826,#5827,#5828));
#2842=EDGE_LOOP('',(#5829,#5830,#5831,#5832,#5833));
#2843=EDGE_LOOP('',(#5834,#5835,#5836,#5837));
#2844=EDGE_LOOP('',(#5838,#5839,#5840,#5841));
#2845=EDGE_LOOP('',(#5842,#5843,#5844,#5845));
#2846=EDGE_LOOP('',(#5846,#5847,#5848,#5849));
#2847=EDGE_LOOP('',(#5850,#5851,#5852,#5853));
#2848=EDGE_LOOP('',(#5854,#5855,#5856,#5857));
#2849=EDGE_LOOP('',(#5858,#5859,#5860,#5861));
#2850=EDGE_LOOP('',(#5862,#5863,#5864,#5865));
#2851=EDGE_LOOP('',(#5866,#5867,#5868,#5869));
#2852=EDGE_LOOP('',(#5870,#5871,#5872,#5873));
#2853=EDGE_LOOP('',(#5874,#5875,#5876,#5877));
#2854=EDGE_LOOP('',(#5878,#5879,#5880,#5881));
#2855=EDGE_LOOP('',(#5882,#5883,#5884,#5885));
#2856=EDGE_LOOP('',(#5886,#5887,#5888,#5889));
#2857=EDGE_LOOP('',(#5890,#5891,#5892,#5893));
#2858=EDGE_LOOP('',(#5894,#5895,#5896,#5897));
#2859=EDGE_LOOP('',(#5898,#5899,#5900,#5901,#5902));
#2860=EDGE_LOOP('',(#5903,#5904,#5905,#5906,#5907,#5908,#5909,#5910));
#2861=EDGE_LOOP('',(#5911,#5912,#5913,#5914,#5915,#5916,#5917,#5918,#5919,
#5920,#5921,#5922));
#2862=EDGE_LOOP('',(#5923));
#2863=EDGE_LOOP('',(#5924));
#2864=EDGE_LOOP('',(#5925,#5926,#5927,#5928));
#2865=EDGE_LOOP('',(#5929,#5930,#5931,#5932,#5933,#5934,#5935,#5936));
#2866=EDGE_LOOP('',(#5937,#5938,#5939,#5940,#5941,#5942,#5943,#5944));
#2867=EDGE_LOOP('',(#5945,#5946,#5947,#5948,#5949,#5950,#5951,#5952));
#2868=EDGE_LOOP('',(#5953,#5954,#5955,#5956,#5957,#5958,#5959,#5960));
#2869=EDGE_LOOP('',(#5961,#5962,#5963,#5964,#5965,#5966,#5967,#5968));
#2870=EDGE_LOOP('',(#5969,#5970,#5971,#5972,#5973,#5974,#5975,#5976));
#2871=EDGE_LOOP('',(#5977));
#2872=EDGE_LOOP('',(#5978));
#2873=EDGE_LOOP('',(#5979));
#2874=EDGE_LOOP('',(#5980,#5981,#5982,#5983,#5984));
#2875=EDGE_LOOP('',(#5985,#5986,#5987,#5988));
#2876=EDGE_LOOP('',(#5989,#5990,#5991,#5992));
#2877=EDGE_LOOP('',(#5993,#5994,#5995,#5996));
#2878=EDGE_LOOP('',(#5997,#5998,#5999,#6000));
#2879=EDGE_LOOP('',(#6001,#6002,#6003,#6004));
#2880=EDGE_LOOP('',(#6005,#6006,#6007,#6008));
#2881=EDGE_LOOP('',(#6009,#6010,#6011,#6012));
#2882=EDGE_LOOP('',(#6013,#6014,#6015,#6016));
#2883=EDGE_LOOP('',(#6017,#6018,#6019,#6020));
#2884=EDGE_LOOP('',(#6021,#6022,#6023,#6024));
#2885=EDGE_LOOP('',(#6025,#6026,#6027,#6028));
#2886=EDGE_LOOP('',(#6029,#6030,#6031,#6032));
#2887=EDGE_LOOP('',(#6033,#6034,#6035,#6036));
#2888=EDGE_LOOP('',(#6037,#6038,#6039,#6040));
#2889=EDGE_LOOP('',(#6041,#6042,#6043,#6044));
#2890=EDGE_LOOP('',(#6045,#6046,#6047,#6048));
#2891=EDGE_LOOP('',(#6049,#6050,#6051,#6052));
#2892=EDGE_LOOP('',(#6053,#6054,#6055,#6056));
#2893=EDGE_LOOP('',(#6057,#6058,#6059,#6060));
#2894=EDGE_LOOP('',(#6061,#6062,#6063,#6064));
#2895=EDGE_LOOP('',(#6065,#6066,#6067,#6068));
#2896=EDGE_LOOP('',(#6069,#6070,#6071,#6072));
#2897=EDGE_LOOP('',(#6073,#6074,#6075,#6076));
#2898=EDGE_LOOP('',(#6077,#6078,#6079,#6080));
#2899=EDGE_LOOP('',(#6081,#6082,#6083,#6084));
#2900=EDGE_LOOP('',(#6085,#6086,#6087,#6088));
#2901=EDGE_LOOP('',(#6089,#6090,#6091,#6092));
#2902=EDGE_LOOP('',(#6093,#6094,#6095,#6096));
#2903=EDGE_LOOP('',(#6097,#6098,#6099,#6100));
#2904=EDGE_LOOP('',(#6101,#6102,#6103,#6104));
#2905=EDGE_LOOP('',(#6105,#6106,#6107,#6108));
#2906=EDGE_LOOP('',(#6109,#6110,#6111,#6112));
#2907=EDGE_LOOP('',(#6113,#6114,#6115,#6116));
#2908=EDGE_LOOP('',(#6117,#6118,#6119,#6120));
#2909=EDGE_LOOP('',(#6121,#6122,#6123,#6124));
#2910=EDGE_LOOP('',(#6125,#6126,#6127,#6128));
#2911=EDGE_LOOP('',(#6129,#6130,#6131,#6132));
#2912=EDGE_LOOP('',(#6133,#6134,#6135,#6136));
#2913=EDGE_LOOP('',(#6137,#6138,#6139,#6140));
#2914=EDGE_LOOP('',(#6141,#6142,#6143,#6144));
#2915=EDGE_LOOP('',(#6145,#6146,#6147,#6148));
#2916=EDGE_LOOP('',(#6149,#6150,#6151,#6152));
#2917=EDGE_LOOP('',(#6153,#6154,#6155,#6156));
#2918=EDGE_LOOP('',(#6157,#6158,#6159,#6160));
#2919=EDGE_LOOP('',(#6161,#6162,#6163,#6164));
#2920=EDGE_LOOP('',(#6165,#6166,#6167,#6168));
#2921=EDGE_LOOP('',(#6169,#6170,#6171,#6172));
#2922=EDGE_LOOP('',(#6173,#6174,#6175,#6176));
#2923=EDGE_LOOP('',(#6177,#6178,#6179,#6180));
#2924=EDGE_LOOP('',(#6181,#6182,#6183,#6184));
#2925=EDGE_LOOP('',(#6185,#6186,#6187,#6188));
#2926=EDGE_LOOP('',(#6189,#6190,#6191,#6192));
#2927=EDGE_LOOP('',(#6193,#6194,#6195,#6196));
#2928=EDGE_LOOP('',(#6197,#6198,#6199,#6200));
#2929=EDGE_LOOP('',(#6201,#6202,#6203,#6204));
#2930=EDGE_LOOP('',(#6205,#6206,#6207,#6208));
#2931=EDGE_LOOP('',(#6209,#6210,#6211,#6212));
#2932=EDGE_LOOP('',(#6213,#6214,#6215,#6216));
#2933=EDGE_LOOP('',(#6217,#6218,#6219,#6220));
#2934=EDGE_LOOP('',(#6221,#6222,#6223,#6224));
#2935=EDGE_LOOP('',(#6225,#6226,#6227,#6228));
#2936=EDGE_LOOP('',(#6229,#6230,#6231,#6232));
#2937=EDGE_LOOP('',(#6233,#6234,#6235,#6236));
#2938=CIRCLE('',#6592,0.999999999999999);
#2939=CIRCLE('',#6593,2.);
#2940=CIRCLE('',#6594,1.);
#2941=CIRCLE('',#6595,3.);
#2942=CIRCLE('',#6597,1.);
#2943=CIRCLE('',#6599,1.);
#2944=CIRCLE('',#6600,3.);
#2945=CIRCLE('',#6601,2.);
#2946=CIRCLE('',#6603,1.);
#2947=CIRCLE('',#6605,1.);
#2948=CIRCLE('',#6606,3.);
#2949=CIRCLE('',#6607,2.);
#2950=CIRCLE('',#6609,1.);
#2951=CIRCLE('',#6611,1.);
#2952=CIRCLE('',#6612,3.);
#2953=CIRCLE('',#6613,2.);
#2954=CIRCLE('',#6617,3.);
#2955=CIRCLE('',#6620,3.);
#2956=CIRCLE('',#6622,1.45);
#2957=CIRCLE('',#6623,1.45);
#2958=CIRCLE('',#6624,0.500000000000007);
#2959=CIRCLE('',#6625,0.500000000000007);
#2960=CIRCLE('',#6626,0.500000000000007);
#2961=CIRCLE('',#6627,0.499999999999989);
#2962=CIRCLE('',#6628,0.500000000000007);
#2963=CIRCLE('',#6629,0.499999999999989);
#2964=CIRCLE('',#6630,0.500000000000007);
#2965=CIRCLE('',#6631,0.499999999999998);
#2966=CIRCLE('',#6632,0.499999999999998);
#2967=CIRCLE('',#6633,0.500000000000007);
#2968=CIRCLE('',#6634,0.490807274334953);
#2969=CIRCLE('',#6635,0.499999999999989);
#2970=CIRCLE('',#6636,0.500000000000007);
#2971=CIRCLE('',#6637,0.500000000000007);
#2972=CIRCLE('',#6638,0.500000000000007);
#2973=CIRCLE('',#6639,0.499999999999989);
#2974=CIRCLE('',#6640,0.500000000000007);
#2975=CIRCLE('',#6641,0.499999999999989);
#2976=CIRCLE('',#6642,0.499999999999972);
#2977=CIRCLE('',#6643,0.499999999999998);
#2978=CIRCLE('',#6644,0.500000000000007);
#2979=CIRCLE('',#6645,0.500000000000007);
#2980=CIRCLE('',#6646,0.499999999999972);
#2981=CIRCLE('',#6647,0.499999999999989);
#2982=CIRCLE('',#6648,1.45);
#2983=CIRCLE('',#6649,1.45);
#2984=CIRCLE('',#6650,6.);
#2985=CIRCLE('',#6651,6.);
#2986=CIRCLE('',#6652,4.00000000000001);
#2987=CIRCLE('',#6653,2.99999999999997);
#2988=CIRCLE('',#6654,4.00000000000001);
#2989=CIRCLE('',#6655,6.);
#2990=CIRCLE('',#6656,3.);
#2991=CIRCLE('',#6869,4.00000000000001);
#2992=CIRCLE('',#6872,6.);
#2993=CIRCLE('',#6884,6.);
#2994=CIRCLE('',#6885,1.);
#2995=CIRCLE('',#6886,5.);
#2996=CIRCLE('',#6888,5.);
#2997=CIRCLE('',#6889,5.);
#2998=CIRCLE('',#6891,3.);
#2999=CIRCLE('',#6892,3.);
#3000=CIRCLE('',#6893,3.);
#3001=CIRCLE('',#6894,6.);
#3002=CIRCLE('',#6895,4.00000000000001);
#3003=CIRCLE('',#6896,2.99999999999997);
#3004=CIRCLE('',#6897,1.45);
#3005=CIRCLE('',#6898,1.45);
#3006=CIRCLE('',#6899,0.490807274334953);
#3007=CIRCLE('',#6900,0.500000000000007);
#3008=CIRCLE('',#6901,0.499999999999998);
#3009=CIRCLE('',#6902,0.499999999999989);
#3010=CIRCLE('',#6903,0.499999999999972);
#3011=CIRCLE('',#6904,0.499999999999989);
#3012=CIRCLE('',#6905,0.500000000000007);
#3013=CIRCLE('',#6906,0.499999999999998);
#3014=CIRCLE('',#6907,0.500000000000007);
#3015=CIRCLE('',#6908,0.500000000000007);
#3016=CIRCLE('',#6909,0.500000000000007);
#3017=CIRCLE('',#6910,0.499999999999989);
#3018=CIRCLE('',#6911,0.500000000000007);
#3019=CIRCLE('',#6912,0.499999999999989);
#3020=CIRCLE('',#6913,0.500000000000007);
#3021=CIRCLE('',#6914,0.499999999999998);
#3022=CIRCLE('',#6915,0.499999999999972);
#3023=CIRCLE('',#6916,0.500000000000007);
#3024=CIRCLE('',#6917,0.500000000000007);
#3025=CIRCLE('',#6918,0.499999999999989);
#3026=CIRCLE('',#6919,0.500000000000007);
#3027=CIRCLE('',#6920,0.500000000000007);
#3028=CIRCLE('',#6921,0.500000000000007);
#3029=CIRCLE('',#6922,0.499999999999989);
#3030=CIRCLE('',#6923,1.45);
#3031=CIRCLE('',#6924,1.45);
#3032=CIRCLE('',#6926,1.);
#3033=VERTEX_POINT('',#8512);
#3034=VERTEX_POINT('',#8513);
#3035=VERTEX_POINT('',#8515);
#3036=VERTEX_POINT('',#8517);
#3037=VERTEX_POINT('',#8521);
#3038=VERTEX_POINT('',#8522);
#3039=VERTEX_POINT('',#8527);
#3040=VERTEX_POINT('',#8528);
#3041=VERTEX_POINT('',#8533);
#3042=VERTEX_POINT('',#8534);
#3043=VERTEX_POINT('',#8539);
#3044=VERTEX_POINT('',#8540);
#3045=VERTEX_POINT('',#8545);
#3046=VERTEX_POINT('',#8546);
#3047=VERTEX_POINT('',#8551);
#3048=VERTEX_POINT('',#8552);
#3049=VERTEX_POINT('',#8560);
#3050=VERTEX_POINT('',#8562);
#3051=VERTEX_POINT('',#8566);
#3052=VERTEX_POINT('',#8570);
#3053=VERTEX_POINT('',#8574);
#3054=VERTEX_POINT('',#8578);
#3055=VERTEX_POINT('',#8579);
#3056=VERTEX_POINT('',#8581);
#3057=VERTEX_POINT('',#8583);
#3058=VERTEX_POINT('',#8586);
#3059=VERTEX_POINT('',#8587);
#3060=VERTEX_POINT('',#8589);
#3061=VERTEX_POINT('',#8591);
#3062=VERTEX_POINT('',#8594);
#3063=VERTEX_POINT('',#8595);
#3064=VERTEX_POINT('',#8597);
#3065=VERTEX_POINT('',#8599);
#3066=VERTEX_POINT('',#8602);
#3067=VERTEX_POINT('',#8603);
#3068=VERTEX_POINT('',#8605);
#3069=VERTEX_POINT('',#8607);
#3070=VERTEX_POINT('',#8610);
#3071=VERTEX_POINT('',#8611);
#3072=VERTEX_POINT('',#8613);
#3073=VERTEX_POINT('',#8615);
#3074=VERTEX_POINT('',#8618);
#3075=VERTEX_POINT('',#8619);
#3076=VERTEX_POINT('',#8621);
#3077=VERTEX_POINT('',#8623);
#3078=VERTEX_POINT('',#8626);
#3079=VERTEX_POINT('',#8627);
#3080=VERTEX_POINT('',#8629);
#3081=VERTEX_POINT('',#8631);
#3082=VERTEX_POINT('',#8634);
#3083=VERTEX_POINT('',#8635);
#3084=VERTEX_POINT('',#8637);
#3085=VERTEX_POINT('',#8639);
#3086=VERTEX_POINT('',#8642);
#3087=VERTEX_POINT('',#8643);
#3088=VERTEX_POINT('',#8645);
#3089=VERTEX_POINT('',#8647);
#3090=VERTEX_POINT('',#8650);
#3091=VERTEX_POINT('',#8651);
#3092=VERTEX_POINT('',#8653);
#3093=VERTEX_POINT('',#8655);
#3094=VERTEX_POINT('',#8658);
#3095=VERTEX_POINT('',#8659);
#3096=VERTEX_POINT('',#8661);
#3097=VERTEX_POINT('',#8663);
#3098=VERTEX_POINT('',#8666);
#3099=VERTEX_POINT('',#8667);
#3100=VERTEX_POINT('',#8669);
#3101=VERTEX_POINT('',#8671);
#3102=VERTEX_POINT('',#8674);
#3103=VERTEX_POINT('',#8675);
#3104=VERTEX_POINT('',#8677);
#3105=VERTEX_POINT('',#8679);
#3106=VERTEX_POINT('',#8682);
#3107=VERTEX_POINT('',#8683);
#3108=VERTEX_POINT('',#8685);
#3109=VERTEX_POINT('',#8687);
#3110=VERTEX_POINT('',#8690);
#3111=VERTEX_POINT('',#8691);
#3112=VERTEX_POINT('',#8693);
#3113=VERTEX_POINT('',#8695);
#3114=VERTEX_POINT('',#8698);
#3115=VERTEX_POINT('',#8699);
#3116=VERTEX_POINT('',#8701);
#3117=VERTEX_POINT('',#8703);
#3118=VERTEX_POINT('',#8706);
#3119=VERTEX_POINT('',#8707);
#3120=VERTEX_POINT('',#8709);
#3121=VERTEX_POINT('',#8711);
#3122=VERTEX_POINT('',#8714);
#3123=VERTEX_POINT('',#8715);
#3124=VERTEX_POINT('',#8717);
#3125=VERTEX_POINT('',#8719);
#3126=VERTEX_POINT('',#8722);
#3127=VERTEX_POINT('',#8723);
#3128=VERTEX_POINT('',#8725);
#3129=VERTEX_POINT('',#8727);
#3130=VERTEX_POINT('',#8730);
#3131=VERTEX_POINT('',#8731);
#3132=VERTEX_POINT('',#8733);
#3133=VERTEX_POINT('',#8735);
#3134=VERTEX_POINT('',#8738);
#3135=VERTEX_POINT('',#8739);
#3136=VERTEX_POINT('',#8741);
#3137=VERTEX_POINT('',#8743);
#3138=VERTEX_POINT('',#8746);
#3139=VERTEX_POINT('',#8747);
#3140=VERTEX_POINT('',#8749);
#3141=VERTEX_POINT('',#8751);
#3142=VERTEX_POINT('',#8754);
#3143=VERTEX_POINT('',#8755);
#3144=VERTEX_POINT('',#8757);
#3145=VERTEX_POINT('',#8759);
#3146=VERTEX_POINT('',#8762);
#3147=VERTEX_POINT('',#8763);
#3148=VERTEX_POINT('',#8765);
#3149=VERTEX_POINT('',#8767);
#3150=VERTEX_POINT('',#8770);
#3151=VERTEX_POINT('',#8771);
#3152=VERTEX_POINT('',#8773);
#3153=VERTEX_POINT('',#8775);
#3154=VERTEX_POINT('',#8778);
#3155=VERTEX_POINT('',#8779);
#3156=VERTEX_POINT('',#8781);
#3157=VERTEX_POINT('',#8783);
#3158=VERTEX_POINT('',#8786);
#3159=VERTEX_POINT('',#8787);
#3160=VERTEX_POINT('',#8789);
#3161=VERTEX_POINT('',#8791);
#3162=VERTEX_POINT('',#8794);
#3163=VERTEX_POINT('',#8796);
#3164=VERTEX_POINT('',#8798);
#3165=VERTEX_POINT('',#8799);
#3166=VERTEX_POINT('',#8801);
#3167=VERTEX_POINT('',#8803);
#3168=VERTEX_POINT('',#8805);
#3169=VERTEX_POINT('',#8807);
#3170=VERTEX_POINT('',#8809);
#3171=VERTEX_POINT('',#8811);
#3172=VERTEX_POINT('',#8814);
#3173=VERTEX_POINT('',#8815);
#3174=VERTEX_POINT('',#8817);
#3175=VERTEX_POINT('',#8819);
#3176=VERTEX_POINT('',#8821);
#3177=VERTEX_POINT('',#8823);
#3178=VERTEX_POINT('',#8825);
#3179=VERTEX_POINT('',#8827);
#3180=VERTEX_POINT('',#8830);
#3181=VERTEX_POINT('',#8831);
#3182=VERTEX_POINT('',#8833);
#3183=VERTEX_POINT('',#8835);
#3184=VERTEX_POINT('',#8837);
#3185=VERTEX_POINT('',#8839);
#3186=VERTEX_POINT('',#8841);
#3187=VERTEX_POINT('',#8843);
#3188=VERTEX_POINT('',#8846);
#3189=VERTEX_POINT('',#8847);
#3190=VERTEX_POINT('',#8849);
#3191=VERTEX_POINT('',#8851);
#3192=VERTEX_POINT('',#8853);
#3193=VERTEX_POINT('',#8855);
#3194=VERTEX_POINT('',#8857);
#3195=VERTEX_POINT('',#8859);
#3196=VERTEX_POINT('',#8862);
#3197=VERTEX_POINT('',#8863);
#3198=VERTEX_POINT('',#8865);
#3199=VERTEX_POINT('',#8867);
#3200=VERTEX_POINT('',#8869);
#3201=VERTEX_POINT('',#8871);
#3202=VERTEX_POINT('',#8873);
#3203=VERTEX_POINT('',#8875);
#3204=VERTEX_POINT('',#8878);
#3205=VERTEX_POINT('',#8879);
#3206=VERTEX_POINT('',#8881);
#3207=VERTEX_POINT('',#8883);
#3208=VERTEX_POINT('',#8885);
#3209=VERTEX_POINT('',#8887);
#3210=VERTEX_POINT('',#8889);
#3211=VERTEX_POINT('',#8891);
#3212=VERTEX_POINT('',#8894);
#3213=VERTEX_POINT('',#8896);
#3214=VERTEX_POINT('',#8898);
#3215=VERTEX_POINT('',#8900);
#3216=VERTEX_POINT('',#8901);
#3217=VERTEX_POINT('',#8903);
#3218=VERTEX_POINT('',#8905);
#3219=VERTEX_POINT('',#8907);
#3220=VERTEX_POINT('',#8909);
#3221=VERTEX_POINT('',#8911);
#3222=VERTEX_POINT('',#8913);
#3223=VERTEX_POINT('',#8915);
#3224=VERTEX_POINT('',#8917);
#3225=VERTEX_POINT('',#8919);
#3226=VERTEX_POINT('',#8921);
#3227=VERTEX_POINT('',#8924);
#3228=VERTEX_POINT('',#8925);
#3229=VERTEX_POINT('',#8930);
#3230=VERTEX_POINT('',#8935);
#3231=VERTEX_POINT('',#8937);
#3232=VERTEX_POINT('',#8942);
#3233=VERTEX_POINT('',#8944);
#3234=VERTEX_POINT('',#8946);
#3235=VERTEX_POINT('',#8948);
#3236=VERTEX_POINT('',#8953);
#3237=VERTEX_POINT('',#8955);
#3238=VERTEX_POINT('',#8960);
#3239=VERTEX_POINT('',#8965);
#3240=VERTEX_POINT('',#8967);
#3241=VERTEX_POINT('',#8969);
#3242=VERTEX_POINT('',#8971);
#3243=VERTEX_POINT('',#8976);
#3244=VERTEX_POINT('',#8978);
#3245=VERTEX_POINT('',#8983);
#3246=VERTEX_POINT('',#8988);
#3247=VERTEX_POINT('',#8990);
#3248=VERTEX_POINT('',#8995);
#3249=VERTEX_POINT('',#8997);
#3250=VERTEX_POINT('',#8999);
#3251=VERTEX_POINT('',#9004);
#3252=VERTEX_POINT('',#9006);
#3253=VERTEX_POINT('',#9011);
#3254=VERTEX_POINT('',#9016);
#3255=VERTEX_POINT('',#9018);
#3256=VERTEX_POINT('',#9023);
#3257=VERTEX_POINT('',#9025);
#3258=VERTEX_POINT('',#9027);
#3259=VERTEX_POINT('',#9029);
#3260=VERTEX_POINT('',#9034);
#3261=VERTEX_POINT('',#9039);
#3262=VERTEX_POINT('',#9041);
#3263=VERTEX_POINT('',#9046);
#3264=VERTEX_POINT('',#9048);
#3265=VERTEX_POINT('',#9050);
#3266=VERTEX_POINT('',#9055);
#3267=VERTEX_POINT('',#9057);
#3268=VERTEX_POINT('',#9062);
#3269=VERTEX_POINT('',#9064);
#3270=VERTEX_POINT('',#9069);
#3271=VERTEX_POINT('',#9074);
#3272=VERTEX_POINT('',#9076);
#3273=VERTEX_POINT('',#9078);
#3274=VERTEX_POINT('',#9083);
#3275=VERTEX_POINT('',#9088);
#3276=VERTEX_POINT('',#9090);
#3277=VERTEX_POINT('',#9095);
#3278=VERTEX_POINT('',#9100);
#3279=VERTEX_POINT('',#9102);
#3280=VERTEX_POINT('',#9104);
#3281=VERTEX_POINT('',#9106);
#3282=VERTEX_POINT('',#9108);
#3283=VERTEX_POINT('',#9113);
#3284=VERTEX_POINT('',#9118);
#3285=VERTEX_POINT('',#9120);
#3286=VERTEX_POINT('',#9125);
#3287=VERTEX_POINT('',#9130);
#3288=VERTEX_POINT('',#9132);
#3289=VERTEX_POINT('',#9134);
#3290=VERTEX_POINT('',#9141);
#3291=VERTEX_POINT('',#9143);
#3292=VERTEX_POINT('',#9147);
#3293=VERTEX_POINT('',#9151);
#3294=VERTEX_POINT('',#9158);
#3295=VERTEX_POINT('',#9160);
#3296=VERTEX_POINT('',#9164);
#3297=VERTEX_POINT('',#9168);
#3298=VERTEX_POINT('',#9175);
#3299=VERTEX_POINT('',#9177);
#3300=VERTEX_POINT('',#9181);
#3301=VERTEX_POINT('',#9185);
#3302=VERTEX_POINT('',#9192);
#3303=VERTEX_POINT('',#9194);
#3304=VERTEX_POINT('',#9198);
#3305=VERTEX_POINT('',#9202);
#3306=VERTEX_POINT('',#9209);
#3307=VERTEX_POINT('',#9211);
#3308=VERTEX_POINT('',#9215);
#3309=VERTEX_POINT('',#9219);
#3310=VERTEX_POINT('',#9226);
#3311=VERTEX_POINT('',#9228);
#3312=VERTEX_POINT('',#9232);
#3313=VERTEX_POINT('',#9236);
#3314=VERTEX_POINT('',#9243);
#3315=VERTEX_POINT('',#9245);
#3316=VERTEX_POINT('',#9249);
#3317=VERTEX_POINT('',#9253);
#3318=VERTEX_POINT('',#9260);
#3319=VERTEX_POINT('',#9262);
#3320=VERTEX_POINT('',#9266);
#3321=VERTEX_POINT('',#9270);
#3322=VERTEX_POINT('',#9277);
#3323=VERTEX_POINT('',#9279);
#3324=VERTEX_POINT('',#9283);
#3325=VERTEX_POINT('',#9287);
#3326=VERTEX_POINT('',#9294);
#3327=VERTEX_POINT('',#9296);
#3328=VERTEX_POINT('',#9300);
#3329=VERTEX_POINT('',#9304);
#3330=VERTEX_POINT('',#9311);
#3331=VERTEX_POINT('',#9313);
#3332=VERTEX_POINT('',#9317);
#3333=VERTEX_POINT('',#9321);
#3334=VERTEX_POINT('',#9328);
#3335=VERTEX_POINT('',#9330);
#3336=VERTEX_POINT('',#9334);
#3337=VERTEX_POINT('',#9338);
#3338=VERTEX_POINT('',#9345);
#3339=VERTEX_POINT('',#9347);
#3340=VERTEX_POINT('',#9351);
#3341=VERTEX_POINT('',#9355);
#3342=VERTEX_POINT('',#9362);
#3343=VERTEX_POINT('',#9364);
#3344=VERTEX_POINT('',#9368);
#3345=VERTEX_POINT('',#9372);
#3346=VERTEX_POINT('',#9379);
#3347=VERTEX_POINT('',#9381);
#3348=VERTEX_POINT('',#9385);
#3349=VERTEX_POINT('',#9389);
#3350=VERTEX_POINT('',#9396);
#3351=VERTEX_POINT('',#9398);
#3352=VERTEX_POINT('',#9402);
#3353=VERTEX_POINT('',#9406);
#3354=VERTEX_POINT('',#9413);
#3355=VERTEX_POINT('',#9415);
#3356=VERTEX_POINT('',#9419);
#3357=VERTEX_POINT('',#9423);
#3358=VERTEX_POINT('',#9430);
#3359=VERTEX_POINT('',#9432);
#3360=VERTEX_POINT('',#9436);
#3361=VERTEX_POINT('',#9440);
#3362=VERTEX_POINT('',#9447);
#3363=VERTEX_POINT('',#9449);
#3364=VERTEX_POINT('',#9453);
#3365=VERTEX_POINT('',#9457);
#3366=VERTEX_POINT('',#9464);
#3367=VERTEX_POINT('',#9466);
#3368=VERTEX_POINT('',#9470);
#3369=VERTEX_POINT('',#9474);
#3370=VERTEX_POINT('',#9481);
#3371=VERTEX_POINT('',#9483);
#3372=VERTEX_POINT('',#9487);
#3373=VERTEX_POINT('',#9491);
#3374=VERTEX_POINT('',#9498);
#3375=VERTEX_POINT('',#9500);
#3376=VERTEX_POINT('',#9504);
#3377=VERTEX_POINT('',#9508);
#3378=VERTEX_POINT('',#9515);
#3379=VERTEX_POINT('',#9517);
#3380=VERTEX_POINT('',#9521);
#3381=VERTEX_POINT('',#9525);
#3382=VERTEX_POINT('',#9532);
#3383=VERTEX_POINT('',#9534);
#3384=VERTEX_POINT('',#9538);
#3385=VERTEX_POINT('',#9542);
#3386=VERTEX_POINT('',#9549);
#3387=VERTEX_POINT('',#9551);
#3388=VERTEX_POINT('',#9555);
#3389=VERTEX_POINT('',#9559);
#3390=VERTEX_POINT('',#9566);
#3391=VERTEX_POINT('',#9568);
#3392=VERTEX_POINT('',#9572);
#3393=VERTEX_POINT('',#9576);
#3394=VERTEX_POINT('',#9583);
#3395=VERTEX_POINT('',#9584);
#3396=VERTEX_POINT('',#9586);
#3397=VERTEX_POINT('',#9588);
#3398=VERTEX_POINT('',#9592);
#3399=VERTEX_POINT('',#9594);
#3400=VERTEX_POINT('',#9598);
#3401=VERTEX_POINT('',#9600);
#3402=VERTEX_POINT('',#9607);
#3403=VERTEX_POINT('',#9608);
#3404=VERTEX_POINT('',#9610);
#3405=VERTEX_POINT('',#9612);
#3406=VERTEX_POINT('',#9616);
#3407=VERTEX_POINT('',#9618);
#3408=VERTEX_POINT('',#9622);
#3409=VERTEX_POINT('',#9624);
#3410=VERTEX_POINT('',#9631);
#3411=VERTEX_POINT('',#9632);
#3412=VERTEX_POINT('',#9634);
#3413=VERTEX_POINT('',#9636);
#3414=VERTEX_POINT('',#9640);
#3415=VERTEX_POINT('',#9642);
#3416=VERTEX_POINT('',#9646);
#3417=VERTEX_POINT('',#9648);
#3418=VERTEX_POINT('',#9652);
#3419=VERTEX_POINT('',#9654);
#3420=VERTEX_POINT('',#9661);
#3421=VERTEX_POINT('',#9662);
#3422=VERTEX_POINT('',#9664);
#3423=VERTEX_POINT('',#9666);
#3424=VERTEX_POINT('',#9670);
#3425=VERTEX_POINT('',#9672);
#3426=VERTEX_POINT('',#9676);
#3427=VERTEX_POINT('',#9678);
#3428=VERTEX_POINT('',#9682);
#3429=VERTEX_POINT('',#9684);
#3430=VERTEX_POINT('',#9691);
#3431=VERTEX_POINT('',#9692);
#3432=VERTEX_POINT('',#9694);
#3433=VERTEX_POINT('',#9696);
#3434=VERTEX_POINT('',#9700);
#3435=VERTEX_POINT('',#9702);
#3436=VERTEX_POINT('',#9706);
#3437=VERTEX_POINT('',#9708);
#3438=VERTEX_POINT('',#9715);
#3439=VERTEX_POINT('',#9716);
#3440=VERTEX_POINT('',#9718);
#3441=VERTEX_POINT('',#9720);
#3442=VERTEX_POINT('',#9724);
#3443=VERTEX_POINT('',#9726);
#3444=VERTEX_POINT('',#9730);
#3445=VERTEX_POINT('',#9732);
#3446=VERTEX_POINT('',#9739);
#3447=VERTEX_POINT('',#9740);
#3448=VERTEX_POINT('',#9742);
#3449=VERTEX_POINT('',#9744);
#3450=VERTEX_POINT('',#9748);
#3451=VERTEX_POINT('',#9750);
#3452=VERTEX_POINT('',#9754);
#3453=VERTEX_POINT('',#9756);
#3454=VERTEX_POINT('',#9763);
#3455=VERTEX_POINT('',#9764);
#3456=VERTEX_POINT('',#9766);
#3457=VERTEX_POINT('',#9768);
#3458=VERTEX_POINT('',#9772);
#3459=VERTEX_POINT('',#9774);
#3460=VERTEX_POINT('',#9778);
#3461=VERTEX_POINT('',#9780);
#3462=VERTEX_POINT('',#9787);
#3463=VERTEX_POINT('',#9788);
#3464=VERTEX_POINT('',#9790);
#3465=VERTEX_POINT('',#9792);
#3466=VERTEX_POINT('',#9796);
#3467=VERTEX_POINT('',#9798);
#3468=VERTEX_POINT('',#9802);
#3469=VERTEX_POINT('',#9804);
#3470=VERTEX_POINT('',#9818);
#3471=VERTEX_POINT('',#9820);
#3472=VERTEX_POINT('',#9834);
#3473=VERTEX_POINT('',#9841);
#3474=VERTEX_POINT('',#9852);
#3475=VERTEX_POINT('',#9859);
#3476=VERTEX_POINT('',#9863);
#3477=VERTEX_POINT('',#9867);
#3478=VERTEX_POINT('',#9878);
#3479=VERTEX_POINT('',#9885);
#3480=VERTEX_POINT('',#9896);
#3481=VERTEX_POINT('',#9910);
#3482=VERTEX_POINT('',#9917);
#3483=VERTEX_POINT('',#9921);
#3484=VERTEX_POINT('',#9925);
#3485=VERTEX_POINT('',#9936);
#3486=VERTEX_POINT('',#9943);
#3487=VERTEX_POINT('',#9954);
#3488=VERTEX_POINT('',#9968);
#3489=VERTEX_POINT('',#9975);
#3490=VERTEX_POINT('',#9986);
#3491=VERTEX_POINT('',#9993);
#3492=VERTEX_POINT('',#9997);
#3493=VERTEX_POINT('',#10008);
#3494=VERTEX_POINT('',#10015);
#3495=VERTEX_POINT('',#10026);
#3496=VERTEX_POINT('',#10040);
#3497=VERTEX_POINT('',#10047);
#3498=VERTEX_POINT('',#10058);
#3499=VERTEX_POINT('',#10065);
#3500=VERTEX_POINT('',#10069);
#3501=VERTEX_POINT('',#10073);
#3502=VERTEX_POINT('',#10084);
#3503=VERTEX_POINT('',#10098);
#3504=VERTEX_POINT('',#10105);
#3505=VERTEX_POINT('',#10116);
#3506=VERTEX_POINT('',#10123);
#3507=VERTEX_POINT('',#10127);
#3508=VERTEX_POINT('',#10138);
#3509=VERTEX_POINT('',#10145);
#3510=VERTEX_POINT('',#10156);
#3511=VERTEX_POINT('',#10163);
#3512=VERTEX_POINT('',#10174);
#3513=VERTEX_POINT('',#10188);
#3514=VERTEX_POINT('',#10195);
#3515=VERTEX_POINT('',#10199);
#3516=VERTEX_POINT('',#10210);
#3517=VERTEX_POINT('',#10224);
#3518=VERTEX_POINT('',#10231);
#3519=VERTEX_POINT('',#10242);
#3520=VERTEX_POINT('',#10256);
#3521=VERTEX_POINT('',#10263);
#3522=VERTEX_POINT('',#10267);
#3523=VERTEX_POINT('',#10271);
#3524=VERTEX_POINT('',#10275);
#3525=VERTEX_POINT('',#10286);
#3526=VERTEX_POINT('',#10300);
#3527=VERTEX_POINT('',#10307);
#3528=VERTEX_POINT('',#10318);
#3529=VERTEX_POINT('',#10332);
#3530=VERTEX_POINT('',#10339);
#3531=VERTEX_POINT('',#10343);
#3532=VERTEX_POINT('',#10354);
#3533=VERTEX_POINT('',#10373);
#3534=VERTEX_POINT('',#10375);
#3535=VERTEX_POINT('',#10379);
#3536=VERTEX_POINT('',#10383);
#3537=VERTEX_POINT('',#10387);
#3538=VERTEX_POINT('',#10391);
#3539=VERTEX_POINT('',#10395);
#3540=VERTEX_POINT('',#10397);
#3541=VERTEX_POINT('',#10401);
#3542=VERTEX_POINT('',#10405);
#3543=VERTEX_POINT('',#10411);
#3544=VERTEX_POINT('',#10413);
#3545=VERTEX_POINT('',#10417);
#3546=VERTEX_POINT('',#10421);
#3547=VERTEX_POINT('',#10427);
#3548=VERTEX_POINT('',#10429);
#3549=VERTEX_POINT('',#10433);
#3550=VERTEX_POINT('',#10434);
#3551=VERTEX_POINT('',#10439);
#3552=VERTEX_POINT('',#10441);
#3553=VERTEX_POINT('',#10443);
#3554=VERTEX_POINT('',#10446);
#3555=VERTEX_POINT('',#10448);
#3556=VERTEX_POINT('',#10450);
#3557=VERTEX_POINT('',#10452);
#3558=VERTEX_POINT('',#10454);
#3559=VERTEX_POINT('',#10456);
#3560=VERTEX_POINT('',#10459);
#3561=VERTEX_POINT('',#10461);
#3562=VERTEX_POINT('',#10463);
#3563=VERTEX_POINT('',#10464);
#3564=VERTEX_POINT('',#10466);
#3565=VERTEX_POINT('',#10468);
#3566=VERTEX_POINT('',#10470);
#3567=VERTEX_POINT('',#10472);
#3568=VERTEX_POINT('',#10474);
#3569=VERTEX_POINT('',#10476);
#3570=VERTEX_POINT('',#10479);
#3571=VERTEX_POINT('',#10480);
#3572=VERTEX_POINT('',#10482);
#3573=VERTEX_POINT('',#10484);
#3574=VERTEX_POINT('',#10486);
#3575=VERTEX_POINT('',#10488);
#3576=VERTEX_POINT('',#10490);
#3577=VERTEX_POINT('',#10492);
#3578=VERTEX_POINT('',#10495);
#3579=VERTEX_POINT('',#10496);
#3580=VERTEX_POINT('',#10498);
#3581=VERTEX_POINT('',#10500);
#3582=VERTEX_POINT('',#10502);
#3583=VERTEX_POINT('',#10504);
#3584=VERTEX_POINT('',#10506);
#3585=VERTEX_POINT('',#10508);
#3586=VERTEX_POINT('',#10511);
#3587=VERTEX_POINT('',#10512);
#3588=VERTEX_POINT('',#10514);
#3589=VERTEX_POINT('',#10516);
#3590=VERTEX_POINT('',#10518);
#3591=VERTEX_POINT('',#10520);
#3592=VERTEX_POINT('',#10522);
#3593=VERTEX_POINT('',#10524);
#3594=VERTEX_POINT('',#10527);
#3595=VERTEX_POINT('',#10528);
#3596=VERTEX_POINT('',#10530);
#3597=VERTEX_POINT('',#10532);
#3598=VERTEX_POINT('',#10534);
#3599=VERTEX_POINT('',#10536);
#3600=VERTEX_POINT('',#10538);
#3601=VERTEX_POINT('',#10540);
#3602=VERTEX_POINT('',#10543);
#3603=VERTEX_POINT('',#10544);
#3604=VERTEX_POINT('',#10546);
#3605=VERTEX_POINT('',#10548);
#3606=VERTEX_POINT('',#10550);
#3607=VERTEX_POINT('',#10552);
#3608=VERTEX_POINT('',#10554);
#3609=VERTEX_POINT('',#10556);
#3610=VERTEX_POINT('',#10559);
#3611=VERTEX_POINT('',#10561);
#3612=EDGE_CURVE('',#3033,#3034,#2938,.T.);
#3613=EDGE_CURVE('',#3034,#3035,#2939,.T.);
#3614=EDGE_CURVE('',#3035,#3036,#2940,.T.);
#3615=EDGE_CURVE('',#3036,#3033,#2941,.T.);
#3616=EDGE_CURVE('',#3037,#3038,#2942,.T.);
#3617=EDGE_CURVE('',#3038,#3036,#725,.T.);
#3618=EDGE_CURVE('',#3035,#3037,#726,.T.);
#3619=EDGE_CURVE('',#3039,#3040,#2943,.T.);
#3620=EDGE_CURVE('',#3040,#3038,#2944,.T.);
#3621=EDGE_CURVE('',#3037,#3039,#2945,.T.);
#3622=EDGE_CURVE('',#3041,#3042,#2946,.T.);
#3623=EDGE_CURVE('',#3042,#3040,#727,.T.);
#3624=EDGE_CURVE('',#3039,#3041,#728,.T.);
#3625=EDGE_CURVE('',#3043,#3044,#2947,.T.);
#3626=EDGE_CURVE('',#3044,#3042,#2948,.T.);
#3627=EDGE_CURVE('',#3041,#3043,#2949,.T.);
#3628=EDGE_CURVE('',#3045,#3046,#2950,.T.);
#3629=EDGE_CURVE('',#3046,#3044,#729,.T.);
#3630=EDGE_CURVE('',#3043,#3045,#730,.T.);
#3631=EDGE_CURVE('',#3047,#3048,#2951,.T.);
#3632=EDGE_CURVE('',#3048,#3046,#2952,.T.);
#3633=EDGE_CURVE('',#3045,#3047,#2953,.T.);
#3634=EDGE_CURVE('',#3047,#3034,#731,.T.);
#3635=EDGE_CURVE('',#3033,#3048,#732,.T.);
#3636=EDGE_CURVE('',#3049,#3046,#733,.T.);
#3637=EDGE_CURVE('',#3050,#3049,#734,.T.);
#3638=EDGE_CURVE('',#3044,#3050,#735,.T.);
#3639=EDGE_CURVE('',#3048,#3051,#736,.T.);
#3640=EDGE_CURVE('',#3051,#3049,#2954,.T.);
#3641=EDGE_CURVE('',#3052,#3033,#737,.T.);
#3642=EDGE_CURVE('',#3051,#3052,#738,.T.);
#3643=EDGE_CURVE('',#3036,#3053,#739,.T.);
#3644=EDGE_CURVE('',#3053,#3052,#2955,.T.);
#3645=EDGE_CURVE('',#3054,#3055,#740,.T.);
#3646=EDGE_CURVE('',#3055,#3056,#741,.T.);
#3647=EDGE_CURVE('',#3056,#3057,#742,.T.);
#3648=EDGE_CURVE('',#3057,#3054,#743,.T.);
#3649=EDGE_CURVE('',#3058,#3059,#744,.T.);
#3650=EDGE_CURVE('',#3059,#3060,#745,.T.);
#3651=EDGE_CURVE('',#3060,#3061,#746,.T.);
#3652=EDGE_CURVE('',#3061,#3058,#747,.T.);
#3653=EDGE_CURVE('',#3062,#3063,#748,.T.);
#3654=EDGE_CURVE('',#3063,#3064,#749,.T.);
#3655=EDGE_CURVE('',#3064,#3065,#750,.T.);
#3656=EDGE_CURVE('',#3065,#3062,#751,.T.);
#3657=EDGE_CURVE('',#3066,#3067,#752,.T.);
#3658=EDGE_CURVE('',#3067,#3068,#753,.T.);
#3659=EDGE_CURVE('',#3068,#3069,#754,.T.);
#3660=EDGE_CURVE('',#3069,#3066,#755,.T.);
#3661=EDGE_CURVE('',#3070,#3071,#756,.T.);
#3662=EDGE_CURVE('',#3071,#3072,#757,.T.);
#3663=EDGE_CURVE('',#3072,#3073,#758,.T.);
#3664=EDGE_CURVE('',#3073,#3070,#759,.T.);
#3665=EDGE_CURVE('',#3074,#3075,#760,.T.);
#3666=EDGE_CURVE('',#3075,#3076,#761,.T.);
#3667=EDGE_CURVE('',#3076,#3077,#762,.T.);
#3668=EDGE_CURVE('',#3077,#3074,#763,.T.);
#3669=EDGE_CURVE('',#3078,#3079,#764,.T.);
#3670=EDGE_CURVE('',#3079,#3080,#765,.T.);
#3671=EDGE_CURVE('',#3080,#3081,#766,.T.);
#3672=EDGE_CURVE('',#3081,#3078,#767,.T.);
#3673=EDGE_CURVE('',#3082,#3083,#768,.T.);
#3674=EDGE_CURVE('',#3083,#3084,#769,.T.);
#3675=EDGE_CURVE('',#3084,#3085,#770,.T.);
#3676=EDGE_CURVE('',#3085,#3082,#771,.T.);
#3677=EDGE_CURVE('',#3086,#3087,#772,.T.);
#3678=EDGE_CURVE('',#3087,#3088,#773,.T.);
#3679=EDGE_CURVE('',#3088,#3089,#774,.T.);
#3680=EDGE_CURVE('',#3089,#3086,#775,.T.);
#3681=EDGE_CURVE('',#3090,#3091,#776,.T.);
#3682=EDGE_CURVE('',#3091,#3092,#777,.T.);
#3683=EDGE_CURVE('',#3092,#3093,#778,.T.);
#3684=EDGE_CURVE('',#3093,#3090,#779,.T.);
#3685=EDGE_CURVE('',#3094,#3095,#780,.T.);
#3686=EDGE_CURVE('',#3095,#3096,#781,.T.);
#3687=EDGE_CURVE('',#3096,#3097,#782,.T.);
#3688=EDGE_CURVE('',#3097,#3094,#783,.T.);
#3689=EDGE_CURVE('',#3098,#3099,#784,.T.);
#3690=EDGE_CURVE('',#3099,#3100,#785,.T.);
#3691=EDGE_CURVE('',#3100,#3101,#786,.T.);
#3692=EDGE_CURVE('',#3101,#3098,#787,.T.);
#3693=EDGE_CURVE('',#3102,#3103,#788,.T.);
#3694=EDGE_CURVE('',#3103,#3104,#789,.T.);
#3695=EDGE_CURVE('',#3104,#3105,#790,.T.);
#3696=EDGE_CURVE('',#3105,#3102,#791,.T.);
#3697=EDGE_CURVE('',#3106,#3107,#792,.T.);
#3698=EDGE_CURVE('',#3107,#3108,#793,.T.);
#3699=EDGE_CURVE('',#3108,#3109,#794,.T.);
#3700=EDGE_CURVE('',#3109,#3106,#795,.T.);
#3701=EDGE_CURVE('',#3110,#3111,#796,.T.);
#3702=EDGE_CURVE('',#3111,#3112,#797,.T.);
#3703=EDGE_CURVE('',#3112,#3113,#798,.T.);
#3704=EDGE_CURVE('',#3113,#3110,#799,.T.);
#3705=EDGE_CURVE('',#3114,#3115,#800,.T.);
#3706=EDGE_CURVE('',#3115,#3116,#801,.T.);
#3707=EDGE_CURVE('',#3116,#3117,#802,.T.);
#3708=EDGE_CURVE('',#3117,#3114,#803,.T.);
#3709=EDGE_CURVE('',#3118,#3119,#804,.T.);
#3710=EDGE_CURVE('',#3119,#3120,#805,.T.);
#3711=EDGE_CURVE('',#3120,#3121,#806,.T.);
#3712=EDGE_CURVE('',#3121,#3118,#807,.T.);
#3713=EDGE_CURVE('',#3122,#3123,#808,.T.);
#3714=EDGE_CURVE('',#3123,#3124,#809,.T.);
#3715=EDGE_CURVE('',#3124,#3125,#810,.T.);
#3716=EDGE_CURVE('',#3125,#3122,#811,.T.);
#3717=EDGE_CURVE('',#3126,#3127,#812,.T.);
#3718=EDGE_CURVE('',#3127,#3128,#813,.T.);
#3719=EDGE_CURVE('',#3128,#3129,#814,.T.);
#3720=EDGE_CURVE('',#3129,#3126,#815,.T.);
#3721=EDGE_CURVE('',#3130,#3131,#816,.T.);
#3722=EDGE_CURVE('',#3131,#3132,#817,.T.);
#3723=EDGE_CURVE('',#3132,#3133,#818,.T.);
#3724=EDGE_CURVE('',#3133,#3130,#819,.T.);
#3725=EDGE_CURVE('',#3134,#3135,#820,.T.);
#3726=EDGE_CURVE('',#3135,#3136,#821,.T.);
#3727=EDGE_CURVE('',#3136,#3137,#822,.T.);
#3728=EDGE_CURVE('',#3137,#3134,#823,.T.);
#3729=EDGE_CURVE('',#3138,#3139,#824,.T.);
#3730=EDGE_CURVE('',#3139,#3140,#825,.T.);
#3731=EDGE_CURVE('',#3140,#3141,#826,.T.);
#3732=EDGE_CURVE('',#3141,#3138,#827,.T.);
#3733=EDGE_CURVE('',#3142,#3143,#828,.T.);
#3734=EDGE_CURVE('',#3143,#3144,#829,.T.);
#3735=EDGE_CURVE('',#3144,#3145,#830,.T.);
#3736=EDGE_CURVE('',#3145,#3142,#831,.T.);
#3737=EDGE_CURVE('',#3146,#3147,#832,.T.);
#3738=EDGE_CURVE('',#3147,#3148,#833,.T.);
#3739=EDGE_CURVE('',#3148,#3149,#834,.T.);
#3740=EDGE_CURVE('',#3149,#3146,#835,.T.);
#3741=EDGE_CURVE('',#3150,#3151,#836,.T.);
#3742=EDGE_CURVE('',#3151,#3152,#837,.T.);
#3743=EDGE_CURVE('',#3152,#3153,#838,.T.);
#3744=EDGE_CURVE('',#3153,#3150,#839,.T.);
#3745=EDGE_CURVE('',#3154,#3155,#840,.T.);
#3746=EDGE_CURVE('',#3155,#3156,#841,.T.);
#3747=EDGE_CURVE('',#3156,#3157,#842,.T.);
#3748=EDGE_CURVE('',#3157,#3154,#843,.T.);
#3749=EDGE_CURVE('',#3158,#3159,#844,.T.);
#3750=EDGE_CURVE('',#3160,#3158,#845,.T.);
#3751=EDGE_CURVE('',#3161,#3160,#846,.T.);
#3752=EDGE_CURVE('',#3159,#3161,#847,.T.);
#3753=EDGE_CURVE('',#3162,#3162,#2956,.T.);
#3754=EDGE_CURVE('',#3163,#3163,#2957,.T.);
#3755=EDGE_CURVE('',#3164,#3165,#848,.T.);
#3756=EDGE_CURVE('',#3165,#3166,#2958,.T.);
#3757=EDGE_CURVE('',#3166,#3167,#849,.T.);
#3758=EDGE_CURVE('',#3167,#3168,#2959,.T.);
#3759=EDGE_CURVE('',#3168,#3169,#850,.T.);
#3760=EDGE_CURVE('',#3169,#3170,#2960,.T.);
#3761=EDGE_CURVE('',#3170,#3171,#851,.T.);
#3762=EDGE_CURVE('',#3171,#3164,#2961,.T.);
#3763=EDGE_CURVE('',#3172,#3173,#852,.T.);
#3764=EDGE_CURVE('',#3173,#3174,#2962,.T.);
#3765=EDGE_CURVE('',#3174,#3175,#853,.T.);
#3766=EDGE_CURVE('',#3175,#3176,#2963,.T.);
#3767=EDGE_CURVE('',#3176,#3177,#854,.T.);
#3768=EDGE_CURVE('',#3177,#3178,#2964,.T.);
#3769=EDGE_CURVE('',#3178,#3179,#855,.T.);
#3770=EDGE_CURVE('',#3179,#3172,#2965,.T.);
#3771=EDGE_CURVE('',#3180,#3181,#856,.T.);
#3772=EDGE_CURVE('',#3181,#3182,#2966,.T.);
#3773=EDGE_CURVE('',#3182,#3183,#857,.T.);
#3774=EDGE_CURVE('',#3183,#3184,#2967,.T.);
#3775=EDGE_CURVE('',#3184,#3185,#858,.T.);
#3776=EDGE_CURVE('',#3185,#3186,#2968,.T.);
#3777=EDGE_CURVE('',#3186,#3187,#859,.T.);
#3778=EDGE_CURVE('',#3187,#3180,#2969,.T.);
#3779=EDGE_CURVE('',#3188,#3189,#860,.T.);
#3780=EDGE_CURVE('',#3189,#3190,#2970,.T.);
#3781=EDGE_CURVE('',#3190,#3191,#861,.T.);
#3782=EDGE_CURVE('',#3191,#3192,#2971,.T.);
#3783=EDGE_CURVE('',#3192,#3193,#862,.T.);
#3784=EDGE_CURVE('',#3193,#3194,#2972,.T.);
#3785=EDGE_CURVE('',#3194,#3195,#863,.T.);
#3786=EDGE_CURVE('',#3195,#3188,#2973,.T.);
#3787=EDGE_CURVE('',#3196,#3197,#864,.T.);
#3788=EDGE_CURVE('',#3197,#3198,#2974,.T.);
#3789=EDGE_CURVE('',#3198,#3199,#865,.T.);
#3790=EDGE_CURVE('',#3199,#3200,#2975,.T.);
#3791=EDGE_CURVE('',#3200,#3201,#866,.T.);
#3792=EDGE_CURVE('',#3201,#3202,#2976,.T.);
#3793=EDGE_CURVE('',#3202,#3203,#867,.T.);
#3794=EDGE_CURVE('',#3203,#3196,#2977,.T.);
#3795=EDGE_CURVE('',#3204,#3205,#868,.T.);
#3796=EDGE_CURVE('',#3205,#3206,#2978,.T.);
#3797=EDGE_CURVE('',#3206,#3207,#869,.T.);
#3798=EDGE_CURVE('',#3207,#3208,#2979,.T.);
#3799=EDGE_CURVE('',#3208,#3209,#870,.T.);
#3800=EDGE_CURVE('',#3209,#3210,#2980,.T.);
#3801=EDGE_CURVE('',#3210,#3211,#871,.T.);
#3802=EDGE_CURVE('',#3211,#3204,#2981,.T.);
#3803=EDGE_CURVE('',#3212,#3212,#2982,.T.);
#3804=EDGE_CURVE('',#3213,#3213,#2983,.T.);
#3805=EDGE_CURVE('',#3214,#3214,#2984,.T.);
#3806=EDGE_CURVE('',#3215,#3216,#872,.T.);
#3807=EDGE_CURVE('',#3217,#3216,#2985,.T.);
#3808=EDGE_CURVE('',#3217,#3218,#873,.T.);
#3809=EDGE_CURVE('',#3219,#3218,#2986,.T.);
#3810=EDGE_CURVE('',#3219,#3220,#874,.T.);
#3811=EDGE_CURVE('',#3221,#3220,#2987,.T.);
#3812=EDGE_CURVE('',#3221,#3222,#875,.T.);
#3813=EDGE_CURVE('',#3223,#3222,#2988,.T.);
#3814=EDGE_CURVE('',#3223,#3224,#876,.T.);
#3815=EDGE_CURVE('',#3224,#3225,#2989,.T.);
#3816=EDGE_CURVE('',#3225,#3226,#877,.T.);
#3817=EDGE_CURVE('',#3226,#3215,#2990,.T.);
#3818=EDGE_CURVE('',#3227,#3228,#348,.T.);
#3819=EDGE_CURVE('',#3228,#3229,#349,.T.);
#3820=EDGE_CURVE('',#3229,#3230,#878,.T.);
#3821=EDGE_CURVE('',#3230,#3231,#350,.T.);
#3822=EDGE_CURVE('',#3231,#3232,#879,.T.);
#3823=EDGE_CURVE('',#3232,#3233,#880,.T.);
#3824=EDGE_CURVE('',#3233,#3234,#881,.T.);
#3825=EDGE_CURVE('',#3234,#3235,#351,.T.);
#3826=EDGE_CURVE('',#3235,#3236,#882,.T.);
#3827=EDGE_CURVE('',#3236,#3237,#352,.T.);
#3828=EDGE_CURVE('',#3237,#3238,#353,.T.);
#3829=EDGE_CURVE('',#3238,#3239,#883,.T.);
#3830=EDGE_CURVE('',#3239,#3240,#884,.T.);
#3831=EDGE_CURVE('',#3240,#3241,#885,.T.);
#3832=EDGE_CURVE('',#3241,#3242,#354,.T.);
#3833=EDGE_CURVE('',#3242,#3243,#886,.T.);
#3834=EDGE_CURVE('',#3243,#3244,#355,.T.);
#3835=EDGE_CURVE('',#3244,#3245,#356,.T.);
#3836=EDGE_CURVE('',#3245,#3246,#887,.T.);
#3837=EDGE_CURVE('',#3246,#3247,#357,.T.);
#3838=EDGE_CURVE('',#3247,#3248,#888,.T.);
#3839=EDGE_CURVE('',#3248,#3249,#889,.T.);
#3840=EDGE_CURVE('',#3249,#3250,#358,.T.);
#3841=EDGE_CURVE('',#3250,#3251,#890,.T.);
#3842=EDGE_CURVE('',#3251,#3252,#359,.T.);
#3843=EDGE_CURVE('',#3252,#3253,#360,.T.);
#3844=EDGE_CURVE('',#3253,#3254,#891,.T.);
#3845=EDGE_CURVE('',#3254,#3255,#361,.T.);
#3846=EDGE_CURVE('',#3255,#3256,#892,.T.);
#3847=EDGE_CURVE('',#3256,#3257,#893,.T.);
#3848=EDGE_CURVE('',#3257,#3258,#894,.T.);
#3849=EDGE_CURVE('',#3258,#3259,#362,.T.);
#3850=EDGE_CURVE('',#3259,#3260,#363,.T.);
#3851=EDGE_CURVE('',#3260,#3261,#895,.T.);
#3852=EDGE_CURVE('',#3261,#3262,#364,.T.);
#3853=EDGE_CURVE('',#3262,#3263,#896,.T.);
#3854=EDGE_CURVE('',#3263,#3264,#897,.T.);
#3855=EDGE_CURVE('',#3264,#3265,#365,.T.);
#3856=EDGE_CURVE('',#3265,#3266,#898,.T.);
#3857=EDGE_CURVE('',#3266,#3267,#366,.T.);
#3858=EDGE_CURVE('',#3267,#3268,#899,.T.);
#3859=EDGE_CURVE('',#3268,#3269,#367,.T.);
#3860=EDGE_CURVE('',#3269,#3270,#368,.T.);
#3861=EDGE_CURVE('',#3270,#3271,#900,.T.);
#3862=EDGE_CURVE('',#3271,#3272,#901,.T.);
#3863=EDGE_CURVE('',#3272,#3273,#369,.T.);
#3864=EDGE_CURVE('',#3273,#3274,#370,.T.);
#3865=EDGE_CURVE('',#3274,#3275,#902,.T.);
#3866=EDGE_CURVE('',#3275,#3276,#371,.T.);
#3867=EDGE_CURVE('',#3276,#3277,#372,.T.);
#3868=EDGE_CURVE('',#3277,#3278,#903,.T.);
#3869=EDGE_CURVE('',#3278,#3279,#904,.T.);
#3870=EDGE_CURVE('',#3279,#3280,#905,.T.);
#3871=EDGE_CURVE('',#3280,#3281,#906,.T.);
#3872=EDGE_CURVE('',#3281,#3282,#373,.T.);
#3873=EDGE_CURVE('',#3282,#3283,#374,.T.);
#3874=EDGE_CURVE('',#3283,#3284,#907,.T.);
#3875=EDGE_CURVE('',#3284,#3285,#375,.T.);
#3876=EDGE_CURVE('',#3285,#3286,#376,.T.);
#3877=EDGE_CURVE('',#3286,#3287,#908,.T.);
#3878=EDGE_CURVE('',#3287,#3288,#909,.T.);
#3879=EDGE_CURVE('',#3288,#3289,#377,.T.);
#3880=EDGE_CURVE('',#3289,#3227,#910,.T.);
#3881=EDGE_CURVE('',#3054,#3290,#911,.T.);
#3882=EDGE_CURVE('',#3290,#3291,#912,.T.);
#3883=EDGE_CURVE('',#3055,#3291,#913,.T.);
#3884=EDGE_CURVE('',#3057,#3292,#914,.T.);
#3885=EDGE_CURVE('',#3292,#3290,#915,.T.);
#3886=EDGE_CURVE('',#3056,#3293,#916,.T.);
#3887=EDGE_CURVE('',#3293,#3292,#917,.T.);
#3888=EDGE_CURVE('',#3291,#3293,#918,.T.);
#3889=EDGE_CURVE('',#3058,#3294,#919,.T.);
#3890=EDGE_CURVE('',#3294,#3295,#920,.T.);
#3891=EDGE_CURVE('',#3059,#3295,#921,.T.);
#3892=EDGE_CURVE('',#3061,#3296,#922,.T.);
#3893=EDGE_CURVE('',#3296,#3294,#923,.T.);
#3894=EDGE_CURVE('',#3060,#3297,#924,.T.);
#3895=EDGE_CURVE('',#3297,#3296,#925,.T.);
#3896=EDGE_CURVE('',#3295,#3297,#926,.T.);
#3897=EDGE_CURVE('',#3062,#3298,#927,.T.);
#3898=EDGE_CURVE('',#3298,#3299,#928,.T.);
#3899=EDGE_CURVE('',#3063,#3299,#929,.T.);
#3900=EDGE_CURVE('',#3065,#3300,#930,.T.);
#3901=EDGE_CURVE('',#3300,#3298,#931,.T.);
#3902=EDGE_CURVE('',#3064,#3301,#932,.T.);
#3903=EDGE_CURVE('',#3301,#3300,#933,.T.);
#3904=EDGE_CURVE('',#3299,#3301,#934,.T.);
#3905=EDGE_CURVE('',#3066,#3302,#935,.T.);
#3906=EDGE_CURVE('',#3302,#3303,#936,.T.);
#3907=EDGE_CURVE('',#3067,#3303,#937,.T.);
#3908=EDGE_CURVE('',#3069,#3304,#938,.T.);
#3909=EDGE_CURVE('',#3304,#3302,#939,.T.);
#3910=EDGE_CURVE('',#3068,#3305,#940,.T.);
#3911=EDGE_CURVE('',#3305,#3304,#941,.T.);
#3912=EDGE_CURVE('',#3303,#3305,#942,.T.);
#3913=EDGE_CURVE('',#3070,#3306,#943,.T.);
#3914=EDGE_CURVE('',#3306,#3307,#944,.T.);
#3915=EDGE_CURVE('',#3071,#3307,#945,.T.);
#3916=EDGE_CURVE('',#3073,#3308,#946,.T.);
#3917=EDGE_CURVE('',#3308,#3306,#947,.T.);
#3918=EDGE_CURVE('',#3072,#3309,#948,.T.);
#3919=EDGE_CURVE('',#3309,#3308,#949,.T.);
#3920=EDGE_CURVE('',#3307,#3309,#950,.T.);
#3921=EDGE_CURVE('',#3074,#3310,#951,.T.);
#3922=EDGE_CURVE('',#3310,#3311,#952,.T.);
#3923=EDGE_CURVE('',#3075,#3311,#953,.T.);
#3924=EDGE_CURVE('',#3077,#3312,#954,.T.);
#3925=EDGE_CURVE('',#3312,#3310,#955,.T.);
#3926=EDGE_CURVE('',#3076,#3313,#956,.T.);
#3927=EDGE_CURVE('',#3313,#3312,#957,.T.);
#3928=EDGE_CURVE('',#3311,#3313,#958,.T.);
#3929=EDGE_CURVE('',#3078,#3314,#959,.T.);
#3930=EDGE_CURVE('',#3314,#3315,#960,.T.);
#3931=EDGE_CURVE('',#3079,#3315,#961,.T.);
#3932=EDGE_CURVE('',#3081,#3316,#962,.T.);
#3933=EDGE_CURVE('',#3316,#3314,#963,.T.);
#3934=EDGE_CURVE('',#3080,#3317,#964,.T.);
#3935=EDGE_CURVE('',#3317,#3316,#965,.T.);
#3936=EDGE_CURVE('',#3315,#3317,#966,.T.);
#3937=EDGE_CURVE('',#3082,#3318,#967,.T.);
#3938=EDGE_CURVE('',#3318,#3319,#968,.T.);
#3939=EDGE_CURVE('',#3083,#3319,#969,.T.);
#3940=EDGE_CURVE('',#3085,#3320,#970,.T.);
#3941=EDGE_CURVE('',#3320,#3318,#971,.T.);
#3942=EDGE_CURVE('',#3084,#3321,#972,.T.);
#3943=EDGE_CURVE('',#3321,#3320,#973,.T.);
#3944=EDGE_CURVE('',#3319,#3321,#974,.T.);
#3945=EDGE_CURVE('',#3086,#3322,#975,.T.);
#3946=EDGE_CURVE('',#3322,#3323,#976,.T.);
#3947=EDGE_CURVE('',#3087,#3323,#977,.T.);
#3948=EDGE_CURVE('',#3089,#3324,#978,.T.);
#3949=EDGE_CURVE('',#3324,#3322,#979,.T.);
#3950=EDGE_CURVE('',#3088,#3325,#980,.T.);
#3951=EDGE_CURVE('',#3325,#3324,#981,.T.);
#3952=EDGE_CURVE('',#3323,#3325,#982,.T.);
#3953=EDGE_CURVE('',#3090,#3326,#983,.T.);
#3954=EDGE_CURVE('',#3326,#3327,#984,.T.);
#3955=EDGE_CURVE('',#3091,#3327,#985,.T.);
#3956=EDGE_CURVE('',#3093,#3328,#986,.T.);
#3957=EDGE_CURVE('',#3328,#3326,#987,.T.);
#3958=EDGE_CURVE('',#3092,#3329,#988,.T.);
#3959=EDGE_CURVE('',#3329,#3328,#989,.T.);
#3960=EDGE_CURVE('',#3327,#3329,#990,.T.);
#3961=EDGE_CURVE('',#3094,#3330,#991,.T.);
#3962=EDGE_CURVE('',#3330,#3331,#992,.T.);
#3963=EDGE_CURVE('',#3095,#3331,#993,.T.);
#3964=EDGE_CURVE('',#3097,#3332,#994,.T.);
#3965=EDGE_CURVE('',#3332,#3330,#995,.T.);
#3966=EDGE_CURVE('',#3096,#3333,#996,.T.);
#3967=EDGE_CURVE('',#3333,#3332,#997,.T.);
#3968=EDGE_CURVE('',#3331,#3333,#998,.T.);
#3969=EDGE_CURVE('',#3098,#3334,#999,.T.);
#3970=EDGE_CURVE('',#3334,#3335,#1000,.T.);
#3971=EDGE_CURVE('',#3099,#3335,#1001,.T.);
#3972=EDGE_CURVE('',#3101,#3336,#1002,.T.);
#3973=EDGE_CURVE('',#3336,#3334,#1003,.T.);
#3974=EDGE_CURVE('',#3100,#3337,#1004,.T.);
#3975=EDGE_CURVE('',#3337,#3336,#1005,.T.);
#3976=EDGE_CURVE('',#3335,#3337,#1006,.T.);
#3977=EDGE_CURVE('',#3102,#3338,#1007,.T.);
#3978=EDGE_CURVE('',#3338,#3339,#1008,.T.);
#3979=EDGE_CURVE('',#3103,#3339,#1009,.T.);
#3980=EDGE_CURVE('',#3105,#3340,#1010,.T.);
#3981=EDGE_CURVE('',#3340,#3338,#1011,.T.);
#3982=EDGE_CURVE('',#3104,#3341,#1012,.T.);
#3983=EDGE_CURVE('',#3341,#3340,#1013,.T.);
#3984=EDGE_CURVE('',#3339,#3341,#1014,.T.);
#3985=EDGE_CURVE('',#3106,#3342,#1015,.T.);
#3986=EDGE_CURVE('',#3342,#3343,#1016,.T.);
#3987=EDGE_CURVE('',#3107,#3343,#1017,.T.);
#3988=EDGE_CURVE('',#3109,#3344,#1018,.T.);
#3989=EDGE_CURVE('',#3344,#3342,#1019,.T.);
#3990=EDGE_CURVE('',#3108,#3345,#1020,.T.);
#3991=EDGE_CURVE('',#3345,#3344,#1021,.T.);
#3992=EDGE_CURVE('',#3343,#3345,#1022,.T.);
#3993=EDGE_CURVE('',#3110,#3346,#1023,.T.);
#3994=EDGE_CURVE('',#3346,#3347,#1024,.T.);
#3995=EDGE_CURVE('',#3111,#3347,#1025,.T.);
#3996=EDGE_CURVE('',#3113,#3348,#1026,.T.);
#3997=EDGE_CURVE('',#3348,#3346,#1027,.T.);
#3998=EDGE_CURVE('',#3112,#3349,#1028,.T.);
#3999=EDGE_CURVE('',#3349,#3348,#1029,.T.);
#4000=EDGE_CURVE('',#3347,#3349,#1030,.T.);
#4001=EDGE_CURVE('',#3114,#3350,#1031,.T.);
#4002=EDGE_CURVE('',#3350,#3351,#1032,.T.);
#4003=EDGE_CURVE('',#3115,#3351,#1033,.T.);
#4004=EDGE_CURVE('',#3117,#3352,#1034,.T.);
#4005=EDGE_CURVE('',#3352,#3350,#1035,.T.);
#4006=EDGE_CURVE('',#3116,#3353,#1036,.T.);
#4007=EDGE_CURVE('',#3353,#3352,#1037,.T.);
#4008=EDGE_CURVE('',#3351,#3353,#1038,.T.);
#4009=EDGE_CURVE('',#3118,#3354,#1039,.T.);
#4010=EDGE_CURVE('',#3354,#3355,#1040,.T.);
#4011=EDGE_CURVE('',#3119,#3355,#1041,.T.);
#4012=EDGE_CURVE('',#3121,#3356,#1042,.T.);
#4013=EDGE_CURVE('',#3356,#3354,#1043,.T.);
#4014=EDGE_CURVE('',#3120,#3357,#1044,.T.);
#4015=EDGE_CURVE('',#3357,#3356,#1045,.T.);
#4016=EDGE_CURVE('',#3355,#3357,#1046,.T.);
#4017=EDGE_CURVE('',#3122,#3358,#1047,.T.);
#4018=EDGE_CURVE('',#3358,#3359,#1048,.T.);
#4019=EDGE_CURVE('',#3123,#3359,#1049,.T.);
#4020=EDGE_CURVE('',#3125,#3360,#1050,.T.);
#4021=EDGE_CURVE('',#3360,#3358,#1051,.T.);
#4022=EDGE_CURVE('',#3124,#3361,#1052,.T.);
#4023=EDGE_CURVE('',#3361,#3360,#1053,.T.);
#4024=EDGE_CURVE('',#3359,#3361,#1054,.T.);
#4025=EDGE_CURVE('',#3126,#3362,#1055,.T.);
#4026=EDGE_CURVE('',#3362,#3363,#1056,.T.);
#4027=EDGE_CURVE('',#3127,#3363,#1057,.T.);
#4028=EDGE_CURVE('',#3129,#3364,#1058,.T.);
#4029=EDGE_CURVE('',#3364,#3362,#1059,.T.);
#4030=EDGE_CURVE('',#3128,#3365,#1060,.T.);
#4031=EDGE_CURVE('',#3365,#3364,#1061,.T.);
#4032=EDGE_CURVE('',#3363,#3365,#1062,.T.);
#4033=EDGE_CURVE('',#3130,#3366,#1063,.T.);
#4034=EDGE_CURVE('',#3366,#3367,#1064,.T.);
#4035=EDGE_CURVE('',#3131,#3367,#1065,.T.);
#4036=EDGE_CURVE('',#3133,#3368,#1066,.T.);
#4037=EDGE_CURVE('',#3368,#3366,#1067,.T.);
#4038=EDGE_CURVE('',#3132,#3369,#1068,.T.);
#4039=EDGE_CURVE('',#3369,#3368,#1069,.T.);
#4040=EDGE_CURVE('',#3367,#3369,#1070,.T.);
#4041=EDGE_CURVE('',#3134,#3370,#1071,.T.);
#4042=EDGE_CURVE('',#3370,#3371,#1072,.T.);
#4043=EDGE_CURVE('',#3135,#3371,#1073,.T.);
#4044=EDGE_CURVE('',#3137,#3372,#1074,.T.);
#4045=EDGE_CURVE('',#3372,#3370,#1075,.T.);
#4046=EDGE_CURVE('',#3136,#3373,#1076,.T.);
#4047=EDGE_CURVE('',#3373,#3372,#1077,.T.);
#4048=EDGE_CURVE('',#3371,#3373,#1078,.T.);
#4049=EDGE_CURVE('',#3138,#3374,#1079,.T.);
#4050=EDGE_CURVE('',#3374,#3375,#1080,.T.);
#4051=EDGE_CURVE('',#3139,#3375,#1081,.T.);
#4052=EDGE_CURVE('',#3141,#3376,#1082,.T.);
#4053=EDGE_CURVE('',#3376,#3374,#1083,.T.);
#4054=EDGE_CURVE('',#3140,#3377,#1084,.T.);
#4055=EDGE_CURVE('',#3377,#3376,#1085,.T.);
#4056=EDGE_CURVE('',#3375,#3377,#1086,.T.);
#4057=EDGE_CURVE('',#3142,#3378,#1087,.T.);
#4058=EDGE_CURVE('',#3378,#3379,#1088,.T.);
#4059=EDGE_CURVE('',#3143,#3379,#1089,.T.);
#4060=EDGE_CURVE('',#3145,#3380,#1090,.T.);
#4061=EDGE_CURVE('',#3380,#3378,#1091,.T.);
#4062=EDGE_CURVE('',#3144,#3381,#1092,.T.);
#4063=EDGE_CURVE('',#3381,#3380,#1093,.T.);
#4064=EDGE_CURVE('',#3379,#3381,#1094,.T.);
#4065=EDGE_CURVE('',#3146,#3382,#1095,.T.);
#4066=EDGE_CURVE('',#3382,#3383,#1096,.T.);
#4067=EDGE_CURVE('',#3147,#3383,#1097,.T.);
#4068=EDGE_CURVE('',#3149,#3384,#1098,.T.);
#4069=EDGE_CURVE('',#3384,#3382,#1099,.T.);
#4070=EDGE_CURVE('',#3148,#3385,#1100,.T.);
#4071=EDGE_CURVE('',#3385,#3384,#1101,.T.);
#4072=EDGE_CURVE('',#3383,#3385,#1102,.T.);
#4073=EDGE_CURVE('',#3150,#3386,#1103,.T.);
#4074=EDGE_CURVE('',#3386,#3387,#1104,.T.);
#4075=EDGE_CURVE('',#3151,#3387,#1105,.T.);
#4076=EDGE_CURVE('',#3153,#3388,#1106,.T.);
#4077=EDGE_CURVE('',#3388,#3386,#1107,.T.);
#4078=EDGE_CURVE('',#3152,#3389,#1108,.T.);
#4079=EDGE_CURVE('',#3389,#3388,#1109,.T.);
#4080=EDGE_CURVE('',#3387,#3389,#1110,.T.);
#4081=EDGE_CURVE('',#3154,#3390,#1111,.T.);
#4082=EDGE_CURVE('',#3390,#3391,#1112,.T.);
#4083=EDGE_CURVE('',#3155,#3391,#1113,.T.);
#4084=EDGE_CURVE('',#3157,#3392,#1114,.T.);
#4085=EDGE_CURVE('',#3392,#3390,#1115,.T.);
#4086=EDGE_CURVE('',#3156,#3393,#1116,.T.);
#4087=EDGE_CURVE('',#3393,#3392,#1117,.T.);
#4088=EDGE_CURVE('',#3391,#3393,#1118,.T.);
#4089=EDGE_CURVE('',#3394,#3395,#1119,.T.);
#4090=EDGE_CURVE('',#3394,#3396,#1120,.T.);
#4091=EDGE_CURVE('',#3397,#3396,#1121,.T.);
#4092=EDGE_CURVE('',#3395,#3397,#1122,.T.);
#4093=EDGE_CURVE('',#3395,#3398,#1123,.T.);
#4094=EDGE_CURVE('',#3399,#3397,#1124,.T.);
#4095=EDGE_CURVE('',#3398,#3399,#1125,.T.);
#4096=EDGE_CURVE('',#3398,#3400,#1126,.T.);
#4097=EDGE_CURVE('',#3401,#3399,#1127,.T.);
#4098=EDGE_CURVE('',#3400,#3401,#1128,.T.);
#4099=EDGE_CURVE('',#3400,#3394,#1129,.T.);
#4100=EDGE_CURVE('',#3396,#3401,#1130,.T.);
#4101=EDGE_CURVE('',#3402,#3403,#1131,.T.);
#4102=EDGE_CURVE('',#3402,#3404,#1132,.T.);
#4103=EDGE_CURVE('',#3405,#3404,#1133,.T.);
#4104=EDGE_CURVE('',#3403,#3405,#1134,.T.);
#4105=EDGE_CURVE('',#3403,#3406,#1135,.T.);
#4106=EDGE_CURVE('',#3407,#3405,#1136,.T.);
#4107=EDGE_CURVE('',#3406,#3407,#1137,.T.);
#4108=EDGE_CURVE('',#3406,#3408,#1138,.T.);
#4109=EDGE_CURVE('',#3409,#3407,#1139,.T.);
#4110=EDGE_CURVE('',#3408,#3409,#1140,.T.);
#4111=EDGE_CURVE('',#3408,#3402,#1141,.T.);
#4112=EDGE_CURVE('',#3404,#3409,#1142,.T.);
#4113=EDGE_CURVE('',#3410,#3411,#1143,.T.);
#4114=EDGE_CURVE('',#3410,#3412,#1144,.T.);
#4115=EDGE_CURVE('',#3413,#3412,#1145,.T.);
#4116=EDGE_CURVE('',#3411,#3413,#1146,.T.);
#4117=EDGE_CURVE('',#3411,#3414,#1147,.T.);
#4118=EDGE_CURVE('',#3415,#3413,#1148,.T.);
#4119=EDGE_CURVE('',#3414,#3415,#1149,.T.);
#4120=EDGE_CURVE('',#3414,#3416,#1150,.T.);
#4121=EDGE_CURVE('',#3417,#3415,#1151,.T.);
#4122=EDGE_CURVE('',#3416,#3417,#1152,.T.);
#4123=EDGE_CURVE('',#3416,#3418,#1153,.T.);
#4124=EDGE_CURVE('',#3419,#3417,#1154,.T.);
#4125=EDGE_CURVE('',#3418,#3419,#1155,.T.);
#4126=EDGE_CURVE('',#3418,#3410,#1156,.T.);
#4127=EDGE_CURVE('',#3412,#3419,#1157,.T.);
#4128=EDGE_CURVE('',#3420,#3421,#1158,.T.);
#4129=EDGE_CURVE('',#3420,#3422,#1159,.T.);
#4130=EDGE_CURVE('',#3423,#3422,#1160,.T.);
#4131=EDGE_CURVE('',#3421,#3423,#1161,.T.);
#4132=EDGE_CURVE('',#3421,#3424,#1162,.T.);
#4133=EDGE_CURVE('',#3425,#3423,#1163,.T.);
#4134=EDGE_CURVE('',#3424,#3425,#1164,.T.);
#4135=EDGE_CURVE('',#3424,#3426,#1165,.T.);
#4136=EDGE_CURVE('',#3427,#3425,#1166,.T.);
#4137=EDGE_CURVE('',#3426,#3427,#1167,.T.);
#4138=EDGE_CURVE('',#3426,#3428,#1168,.T.);
#4139=EDGE_CURVE('',#3429,#3427,#1169,.T.);
#4140=EDGE_CURVE('',#3428,#3429,#1170,.T.);
#4141=EDGE_CURVE('',#3428,#3420,#1171,.T.);
#4142=EDGE_CURVE('',#3422,#3429,#1172,.T.);
#4143=EDGE_CURVE('',#3430,#3431,#1173,.T.);
#4144=EDGE_CURVE('',#3430,#3432,#1174,.T.);
#4145=EDGE_CURVE('',#3433,#3432,#1175,.T.);
#4146=EDGE_CURVE('',#3431,#3433,#1176,.T.);
#4147=EDGE_CURVE('',#3431,#3434,#1177,.T.);
#4148=EDGE_CURVE('',#3435,#3433,#1178,.T.);
#4149=EDGE_CURVE('',#3434,#3435,#1179,.T.);
#4150=EDGE_CURVE('',#3434,#3436,#1180,.T.);
#4151=EDGE_CURVE('',#3437,#3435,#1181,.T.);
#4152=EDGE_CURVE('',#3436,#3437,#1182,.T.);
#4153=EDGE_CURVE('',#3436,#3430,#1183,.T.);
#4154=EDGE_CURVE('',#3432,#3437,#1184,.T.);
#4155=EDGE_CURVE('',#3438,#3439,#1185,.T.);
#4156=EDGE_CURVE('',#3438,#3440,#1186,.T.);
#4157=EDGE_CURVE('',#3441,#3440,#1187,.T.);
#4158=EDGE_CURVE('',#3439,#3441,#1188,.T.);
#4159=EDGE_CURVE('',#3439,#3442,#1189,.T.);
#4160=EDGE_CURVE('',#3443,#3441,#1190,.T.);
#4161=EDGE_CURVE('',#3442,#3443,#1191,.T.);
#4162=EDGE_CURVE('',#3442,#3444,#1192,.T.);
#4163=EDGE_CURVE('',#3445,#3443,#1193,.T.);
#4164=EDGE_CURVE('',#3444,#3445,#1194,.T.);
#4165=EDGE_CURVE('',#3444,#3438,#1195,.T.);
#4166=EDGE_CURVE('',#3440,#3445,#1196,.T.);
#4167=EDGE_CURVE('',#3446,#3447,#1197,.T.);
#4168=EDGE_CURVE('',#3446,#3448,#1198,.T.);
#4169=EDGE_CURVE('',#3449,#3448,#1199,.T.);
#4170=EDGE_CURVE('',#3447,#3449,#1200,.T.);
#4171=EDGE_CURVE('',#3447,#3450,#1201,.T.);
#4172=EDGE_CURVE('',#3451,#3449,#1202,.T.);
#4173=EDGE_CURVE('',#3450,#3451,#1203,.T.);
#4174=EDGE_CURVE('',#3450,#3452,#1204,.T.);
#4175=EDGE_CURVE('',#3453,#3451,#1205,.T.);
#4176=EDGE_CURVE('',#3452,#3453,#1206,.T.);
#4177=EDGE_CURVE('',#3452,#3446,#1207,.T.);
#4178=EDGE_CURVE('',#3448,#3453,#1208,.T.);
#4179=EDGE_CURVE('',#3454,#3455,#1209,.T.);
#4180=EDGE_CURVE('',#3454,#3456,#1210,.T.);
#4181=EDGE_CURVE('',#3457,#3456,#1211,.T.);
#4182=EDGE_CURVE('',#3455,#3457,#1212,.T.);
#4183=EDGE_CURVE('',#3455,#3458,#1213,.T.);
#4184=EDGE_CURVE('',#3459,#3457,#1214,.T.);
#4185=EDGE_CURVE('',#3458,#3459,#1215,.T.);
#4186=EDGE_CURVE('',#3458,#3460,#1216,.T.);
#4187=EDGE_CURVE('',#3461,#3459,#1217,.T.);
#4188=EDGE_CURVE('',#3460,#3461,#1218,.T.);
#4189=EDGE_CURVE('',#3460,#3454,#1219,.T.);
#4190=EDGE_CURVE('',#3456,#3461,#1220,.T.);
#4191=EDGE_CURVE('',#3462,#3463,#1221,.T.);
#4192=EDGE_CURVE('',#3462,#3464,#1222,.T.);
#4193=EDGE_CURVE('',#3465,#3464,#1223,.T.);
#4194=EDGE_CURVE('',#3463,#3465,#1224,.T.);
#4195=EDGE_CURVE('',#3463,#3466,#1225,.T.);
#4196=EDGE_CURVE('',#3467,#3465,#1226,.T.);
#4197=EDGE_CURVE('',#3466,#3467,#1227,.T.);
#4198=EDGE_CURVE('',#3466,#3468,#1228,.T.);
#4199=EDGE_CURVE('',#3469,#3467,#1229,.T.);
#4200=EDGE_CURVE('',#3468,#3469,#1230,.T.);
#4201=EDGE_CURVE('',#3468,#3462,#1231,.T.);
#4202=EDGE_CURVE('',#3464,#3469,#1232,.T.);
#4203=EDGE_CURVE('',#3227,#3470,#1233,.T.);
#4204=EDGE_CURVE('',#3471,#3470,#378,.T.);
#4205=EDGE_CURVE('',#3228,#3471,#1234,.T.);
#4206=EDGE_CURVE('',#3472,#3471,#379,.T.);
#4207=EDGE_CURVE('',#3229,#3472,#1235,.T.);
#4208=EDGE_CURVE('',#3473,#3472,#1236,.T.);
#4209=EDGE_CURVE('',#3230,#3473,#1237,.T.);
#4210=EDGE_CURVE('',#3474,#3473,#380,.T.);
#4211=EDGE_CURVE('',#3231,#3474,#1238,.T.);
#4212=EDGE_CURVE('',#3475,#3474,#1239,.T.);
#4213=EDGE_CURVE('',#3232,#3475,#1240,.T.);
#4214=EDGE_CURVE('',#3476,#3475,#1241,.T.);
#4215=EDGE_CURVE('',#3233,#3476,#1242,.T.);
#4216=EDGE_CURVE('',#3477,#3476,#1243,.T.);
#4217=EDGE_CURVE('',#3234,#3477,#1244,.T.);
#4218=EDGE_CURVE('',#3478,#3477,#381,.T.);
#4219=EDGE_CURVE('',#3235,#3478,#1245,.T.);
#4220=EDGE_CURVE('',#3479,#3478,#1246,.T.);
#4221=EDGE_CURVE('',#3236,#3479,#1247,.T.);
#4222=EDGE_CURVE('',#3480,#3479,#382,.T.);
#4223=EDGE_CURVE('',#3237,#3480,#1248,.T.);
#4224=EDGE_CURVE('',#3481,#3480,#383,.T.);
#4225=EDGE_CURVE('',#3238,#3481,#1249,.T.);
#4226=EDGE_CURVE('',#3482,#3481,#1250,.T.);
#4227=EDGE_CURVE('',#3239,#3482,#1251,.T.);
#4228=EDGE_CURVE('',#3483,#3482,#1252,.T.);
#4229=EDGE_CURVE('',#3240,#3483,#1253,.T.);
#4230=EDGE_CURVE('',#3484,#3483,#1254,.T.);
#4231=EDGE_CURVE('',#3241,#3484,#1255,.T.);
#4232=EDGE_CURVE('',#3485,#3484,#384,.T.);
#4233=EDGE_CURVE('',#3242,#3485,#1256,.T.);
#4234=EDGE_CURVE('',#3486,#3485,#1257,.T.);
#4235=EDGE_CURVE('',#3243,#3486,#1258,.T.);
#4236=EDGE_CURVE('',#3487,#3486,#385,.T.);
#4237=EDGE_CURVE('',#3244,#3487,#1259,.T.);
#4238=EDGE_CURVE('',#3488,#3487,#386,.T.);
#4239=EDGE_CURVE('',#3245,#3488,#1260,.T.);
#4240=EDGE_CURVE('',#3489,#3488,#1261,.T.);
#4241=EDGE_CURVE('',#3246,#3489,#1262,.T.);
#4242=EDGE_CURVE('',#3490,#3489,#387,.T.);
#4243=EDGE_CURVE('',#3247,#3490,#1263,.T.);
#4244=EDGE_CURVE('',#3491,#3490,#1264,.T.);
#4245=EDGE_CURVE('',#3248,#3491,#1265,.T.);
#4246=EDGE_CURVE('',#3492,#3491,#1266,.T.);
#4247=EDGE_CURVE('',#3249,#3492,#1267,.T.);
#4248=EDGE_CURVE('',#3493,#3492,#388,.T.);
#4249=EDGE_CURVE('',#3250,#3493,#1268,.T.);
#4250=EDGE_CURVE('',#3494,#3493,#1269,.T.);
#4251=EDGE_CURVE('',#3251,#3494,#1270,.T.);
#4252=EDGE_CURVE('',#3495,#3494,#389,.T.);
#4253=EDGE_CURVE('',#3252,#3495,#1271,.T.);
#4254=EDGE_CURVE('',#3496,#3495,#390,.T.);
#4255=EDGE_CURVE('',#3253,#3496,#1272,.T.);
#4256=EDGE_CURVE('',#3497,#3496,#1273,.T.);
#4257=EDGE_CURVE('',#3254,#3497,#1274,.T.);
#4258=EDGE_CURVE('',#3498,#3497,#391,.T.);
#4259=EDGE_CURVE('',#3255,#3498,#1275,.T.);
#4260=EDGE_CURVE('',#3499,#3498,#1276,.T.);
#4261=EDGE_CURVE('',#3256,#3499,#1277,.T.);
#4262=EDGE_CURVE('',#3500,#3499,#1278,.T.);
#4263=EDGE_CURVE('',#3257,#3500,#1279,.T.);
#4264=EDGE_CURVE('',#3501,#3500,#1280,.T.);
#4265=EDGE_CURVE('',#3258,#3501,#1281,.T.);
#4266=EDGE_CURVE('',#3502,#3501,#392,.T.);
#4267=EDGE_CURVE('',#3259,#3502,#1282,.T.);
#4268=EDGE_CURVE('',#3503,#3502,#393,.T.);
#4269=EDGE_CURVE('',#3260,#3503,#1283,.T.);
#4270=EDGE_CURVE('',#3504,#3503,#1284,.T.);
#4271=EDGE_CURVE('',#3261,#3504,#1285,.T.);
#4272=EDGE_CURVE('',#3505,#3504,#394,.T.);
#4273=EDGE_CURVE('',#3262,#3505,#1286,.T.);
#4274=EDGE_CURVE('',#3506,#3505,#1287,.T.);
#4275=EDGE_CURVE('',#3263,#3506,#1288,.T.);
#4276=EDGE_CURVE('',#3507,#3506,#1289,.T.);
#4277=EDGE_CURVE('',#3264,#3507,#1290,.T.);
#4278=EDGE_CURVE('',#3508,#3507,#395,.T.);
#4279=EDGE_CURVE('',#3265,#3508,#1291,.T.);
#4280=EDGE_CURVE('',#3509,#3508,#1292,.T.);
#4281=EDGE_CURVE('',#3266,#3509,#1293,.T.);
#4282=EDGE_CURVE('',#3510,#3509,#396,.T.);
#4283=EDGE_CURVE('',#3267,#3510,#1294,.T.);
#4284=EDGE_CURVE('',#3511,#3510,#1295,.T.);
#4285=EDGE_CURVE('',#3268,#3511,#1296,.T.);
#4286=EDGE_CURVE('',#3512,#3511,#397,.T.);
#4287=EDGE_CURVE('',#3269,#3512,#1297,.T.);
#4288=EDGE_CURVE('',#3513,#3512,#398,.T.);
#4289=EDGE_CURVE('',#3270,#3513,#1298,.T.);
#4290=EDGE_CURVE('',#3514,#3513,#1299,.T.);
#4291=EDGE_CURVE('',#3271,#3514,#1300,.T.);
#4292=EDGE_CURVE('',#3515,#3514,#1301,.T.);
#4293=EDGE_CURVE('',#3272,#3515,#1302,.T.);
#4294=EDGE_CURVE('',#3516,#3515,#399,.T.);
#4295=EDGE_CURVE('',#3273,#3516,#1303,.T.);
#4296=EDGE_CURVE('',#3517,#3516,#400,.T.);
#4297=EDGE_CURVE('',#3274,#3517,#1304,.T.);
#4298=EDGE_CURVE('',#3518,#3517,#1305,.T.);
#4299=EDGE_CURVE('',#3275,#3518,#1306,.T.);
#4300=EDGE_CURVE('',#3519,#3518,#401,.T.);
#4301=EDGE_CURVE('',#3276,#3519,#1307,.T.);
#4302=EDGE_CURVE('',#3520,#3519,#402,.T.);
#4303=EDGE_CURVE('',#3277,#3520,#1308,.T.);
#4304=EDGE_CURVE('',#3521,#3520,#1309,.T.);
#4305=EDGE_CURVE('',#3278,#3521,#1310,.T.);
#4306=EDGE_CURVE('',#3522,#3521,#1311,.T.);
#4307=EDGE_CURVE('',#3279,#3522,#1312,.T.);
#4308=EDGE_CURVE('',#3523,#3522,#1313,.T.);
#4309=EDGE_CURVE('',#3280,#3523,#1314,.T.);
#4310=EDGE_CURVE('',#3524,#3523,#1315,.T.);
#4311=EDGE_CURVE('',#3281,#3524,#1316,.T.);
#4312=EDGE_CURVE('',#3525,#3524,#403,.T.);
#4313=EDGE_CURVE('',#3282,#3525,#1317,.T.);
#4314=EDGE_CURVE('',#3526,#3525,#404,.T.);
#4315=EDGE_CURVE('',#3283,#3526,#1318,.T.);
#4316=EDGE_CURVE('',#3527,#3526,#1319,.T.);
#4317=EDGE_CURVE('',#3284,#3527,#1320,.T.);
#4318=EDGE_CURVE('',#3528,#3527,#405,.T.);
#4319=EDGE_CURVE('',#3285,#3528,#1321,.T.);
#4320=EDGE_CURVE('',#3529,#3528,#406,.T.);
#4321=EDGE_CURVE('',#3286,#3529,#1322,.T.);
#4322=EDGE_CURVE('',#3530,#3529,#1323,.T.);
#4323=EDGE_CURVE('',#3287,#3530,#1324,.T.);
#4324=EDGE_CURVE('',#3531,#3530,#1325,.T.);
#4325=EDGE_CURVE('',#3288,#3531,#1326,.T.);
#4326=EDGE_CURVE('',#3532,#3531,#407,.T.);
#4327=EDGE_CURVE('',#3289,#3532,#1327,.T.);
#4328=EDGE_CURVE('',#3470,#3532,#1328,.T.);
#4329=EDGE_CURVE('',#3218,#3533,#1329,.T.);
#4330=EDGE_CURVE('',#3533,#3534,#2991,.T.);
#4331=EDGE_CURVE('',#3534,#3219,#1330,.T.);
#4332=EDGE_CURVE('',#3535,#3217,#1331,.T.);
#4333=EDGE_CURVE('',#3533,#3535,#1332,.T.);
#4334=EDGE_CURVE('',#3536,#3535,#2992,.T.);
#4335=EDGE_CURVE('',#3216,#3536,#1333,.T.);
#4336=EDGE_CURVE('',#3215,#3537,#1334,.T.);
#4337=EDGE_CURVE('',#3536,#3537,#1335,.T.);
#4338=EDGE_CURVE('',#3538,#3534,#1336,.T.);
#4339=EDGE_CURVE('',#3220,#3538,#1337,.T.);
#4340=EDGE_CURVE('',#3159,#3539,#1338,.T.);
#4341=EDGE_CURVE('',#3539,#3540,#1339,.T.);
#4342=EDGE_CURVE('',#3540,#3158,#1340,.T.);
#4343=EDGE_CURVE('',#3541,#3539,#1341,.T.);
#4344=EDGE_CURVE('',#3161,#3541,#1342,.T.);
#4345=EDGE_CURVE('',#3540,#3542,#1343,.T.);
#4346=EDGE_CURVE('',#3160,#3542,#1344,.T.);
#4347=EDGE_CURVE('',#3542,#3541,#1345,.T.);
#4348=EDGE_CURVE('',#3540,#3543,#1346,.T.);
#4349=EDGE_CURVE('',#3544,#3543,#1347,.T.);
#4350=EDGE_CURVE('',#3542,#3544,#1348,.T.);
#4351=EDGE_CURVE('',#3539,#3545,#1349,.T.);
#4352=EDGE_CURVE('',#3543,#3545,#1350,.T.);
#4353=EDGE_CURVE('',#3541,#3546,#1351,.T.);
#4354=EDGE_CURVE('',#3545,#3546,#1352,.T.);
#4355=EDGE_CURVE('',#3546,#3544,#1353,.T.);
#4356=EDGE_CURVE('',#3547,#3547,#2993,.T.);
#4357=EDGE_CURVE('',#3547,#3548,#2994,.T.);
#4358=EDGE_CURVE('',#3548,#3548,#2995,.T.);
#4359=EDGE_CURVE('',#3549,#3550,#2996,.T.);
#4360=EDGE_CURVE('',#3550,#3549,#2997,.T.);
#4361=EDGE_CURVE('',#3550,#3548,#1354,.T.);
#4362=EDGE_CURVE('',#3053,#3551,#1355,.T.);
#4363=EDGE_CURVE('',#3552,#3551,#2998,.T.);
#4364=EDGE_CURVE('',#3552,#3553,#1356,.T.);
#4365=EDGE_CURVE('',#3050,#3553,#2999,.T.);
#4366=EDGE_CURVE('',#3537,#3554,#3000,.T.);
#4367=EDGE_CURVE('',#3554,#3555,#1357,.T.);
#4368=EDGE_CURVE('',#3555,#3556,#3001,.T.);
#4369=EDGE_CURVE('',#3556,#3557,#1358,.T.);
#4370=EDGE_CURVE('',#3558,#3557,#3002,.T.);
#4371=EDGE_CURVE('',#3558,#3559,#1359,.T.);
#4372=EDGE_CURVE('',#3538,#3559,#3003,.T.);
#4373=EDGE_CURVE('',#3560,#3560,#3004,.T.);
#4374=EDGE_CURVE('',#3561,#3561,#3005,.T.);
#4375=EDGE_CURVE('',#3562,#3563,#1360,.T.);
#4376=EDGE_CURVE('',#3563,#3564,#3006,.T.);
#4377=EDGE_CURVE('',#3564,#3565,#1361,.T.);
#4378=EDGE_CURVE('',#3565,#3566,#3007,.T.);
#4379=EDGE_CURVE('',#3566,#3567,#1362,.T.);
#4380=EDGE_CURVE('',#3567,#3568,#3008,.T.);
#4381=EDGE_CURVE('',#3568,#3569,#1363,.T.);
#4382=EDGE_CURVE('',#3569,#3562,#3009,.T.);
#4383=EDGE_CURVE('',#3570,#3571,#1364,.T.);
#4384=EDGE_CURVE('',#3571,#3572,#3010,.T.);
#4385=EDGE_CURVE('',#3572,#3573,#1365,.T.);
#4386=EDGE_CURVE('',#3573,#3574,#3011,.T.);
#4387=EDGE_CURVE('',#3574,#3575,#1366,.T.);
#4388=EDGE_CURVE('',#3575,#3576,#3012,.T.);
#4389=EDGE_CURVE('',#3576,#3577,#1367,.T.);
#4390=EDGE_CURVE('',#3577,#3570,#3013,.T.);
#4391=EDGE_CURVE('',#3578,#3579,#1368,.T.);
#4392=EDGE_CURVE('',#3579,#3580,#3014,.T.);
#4393=EDGE_CURVE('',#3580,#3581,#1369,.T.);
#4394=EDGE_CURVE('',#3581,#3582,#3015,.T.);
#4395=EDGE_CURVE('',#3582,#3583,#1370,.T.);
#4396=EDGE_CURVE('',#3583,#3584,#3016,.T.);
#4397=EDGE_CURVE('',#3584,#3585,#1371,.T.);
#4398=EDGE_CURVE('',#3585,#3578,#3017,.T.);
#4399=EDGE_CURVE('',#3586,#3587,#1372,.T.);
#4400=EDGE_CURVE('',#3587,#3588,#3018,.T.);
#4401=EDGE_CURVE('',#3588,#3589,#1373,.T.);
#4402=EDGE_CURVE('',#3589,#3590,#3019,.T.);
#4403=EDGE_CURVE('',#3590,#3591,#1374,.T.);
#4404=EDGE_CURVE('',#3591,#3592,#3020,.T.);
#4405=EDGE_CURVE('',#3592,#3593,#1375,.T.);
#4406=EDGE_CURVE('',#3593,#3586,#3021,.T.);
#4407=EDGE_CURVE('',#3594,#3595,#1376,.T.);
#4408=EDGE_CURVE('',#3595,#3596,#3022,.T.);
#4409=EDGE_CURVE('',#3596,#3597,#1377,.T.);
#4410=EDGE_CURVE('',#3597,#3598,#3023,.T.);
#4411=EDGE_CURVE('',#3598,#3599,#1378,.T.);
#4412=EDGE_CURVE('',#3599,#3600,#3024,.T.);
#4413=EDGE_CURVE('',#3600,#3601,#1379,.T.);
#4414=EDGE_CURVE('',#3601,#3594,#3025,.T.);
#4415=EDGE_CURVE('',#3602,#3603,#1380,.T.);
#4416=EDGE_CURVE('',#3603,#3604,#3026,.T.);
#4417=EDGE_CURVE('',#3604,#3605,#1381,.T.);
#4418=EDGE_CURVE('',#3605,#3606,#3027,.T.);
#4419=EDGE_CURVE('',#3606,#3607,#1382,.T.);
#4420=EDGE_CURVE('',#3607,#3608,#3028,.T.);
#4421=EDGE_CURVE('',#3608,#3609,#1383,.T.);
#4422=EDGE_CURVE('',#3609,#3602,#3029,.T.);
#4423=EDGE_CURVE('',#3610,#3610,#3030,.T.);
#4424=EDGE_CURVE('',#3611,#3611,#3031,.T.);
#4425=EDGE_CURVE('',#3214,#3549,#3032,.T.);
#4426=EDGE_CURVE('',#3162,#3611,#1384,.T.);
#4427=EDGE_CURVE('',#3213,#3560,#1385,.T.);
#4428=EDGE_CURVE('',#3163,#3610,#1386,.T.);
#4429=EDGE_CURVE('',#3212,#3561,#1387,.T.);
#4430=EDGE_CURVE('',#3553,#3042,#1388,.T.);
#4431=EDGE_CURVE('',#3040,#3552,#1389,.T.);
#4432=EDGE_CURVE('',#3551,#3038,#1390,.T.);
#4433=EDGE_CURVE('',#3222,#3558,#1391,.T.);
#4434=EDGE_CURVE('',#3557,#3223,#1392,.T.);
#4435=EDGE_CURVE('',#3559,#3221,#1393,.T.);
#4436=EDGE_CURVE('',#3224,#3556,#1394,.T.);
#4437=EDGE_CURVE('',#3226,#3554,#1395,.T.);
#4438=EDGE_CURVE('',#3225,#3555,#1396,.T.);
#4439=EDGE_CURVE('',#3168,#3605,#1397,.T.);
#4440=EDGE_CURVE('',#3169,#3604,#1398,.T.);
#4441=EDGE_CURVE('',#3170,#3603,#1399,.T.);
#4442=EDGE_CURVE('',#3171,#3602,#1400,.T.);
#4443=EDGE_CURVE('',#3609,#3164,#1401,.T.);
#4444=EDGE_CURVE('',#3165,#3608,#1402,.T.);
#4445=EDGE_CURVE('',#3166,#3607,#1403,.T.);
#4446=EDGE_CURVE('',#3167,#3606,#1404,.T.);
#4447=EDGE_CURVE('',#3176,#3589,#1405,.T.);
#4448=EDGE_CURVE('',#3177,#3588,#1406,.T.);
#4449=EDGE_CURVE('',#3178,#3587,#1407,.T.);
#4450=EDGE_CURVE('',#3179,#3586,#1408,.T.);
#4451=EDGE_CURVE('',#3593,#3172,#1409,.T.);
#4452=EDGE_CURVE('',#3173,#3592,#1410,.T.);
#4453=EDGE_CURVE('',#3174,#3591,#1411,.T.);
#4454=EDGE_CURVE('',#3175,#3590,#1412,.T.);
#4455=EDGE_CURVE('',#3184,#3565,#1413,.T.);
#4456=EDGE_CURVE('',#3185,#3564,#1414,.T.);
#4457=EDGE_CURVE('',#3186,#3563,#1415,.T.);
#4458=EDGE_CURVE('',#3187,#3562,#1416,.T.);
#4459=EDGE_CURVE('',#3569,#3180,#1417,.T.);
#4460=EDGE_CURVE('',#3181,#3568,#1418,.T.);
#4461=EDGE_CURVE('',#3182,#3567,#1419,.T.);
#4462=EDGE_CURVE('',#3183,#3566,#1420,.T.);
#4463=EDGE_CURVE('',#3192,#3581,#1421,.T.);
#4464=EDGE_CURVE('',#3193,#3580,#1422,.T.);
#4465=EDGE_CURVE('',#3194,#3579,#1423,.T.);
#4466=EDGE_CURVE('',#3195,#3578,#1424,.T.);
#4467=EDGE_CURVE('',#3585,#3188,#1425,.T.);
#4468=EDGE_CURVE('',#3189,#3584,#1426,.T.);
#4469=EDGE_CURVE('',#3190,#3583,#1427,.T.);
#4470=EDGE_CURVE('',#3191,#3582,#1428,.T.);
#4471=EDGE_CURVE('',#3200,#3573,#1429,.T.);
#4472=EDGE_CURVE('',#3201,#3572,#1430,.T.);
#4473=EDGE_CURVE('',#3202,#3571,#1431,.T.);
#4474=EDGE_CURVE('',#3203,#3570,#1432,.T.);
#4475=EDGE_CURVE('',#3577,#3196,#1433,.T.);
#4476=EDGE_CURVE('',#3197,#3576,#1434,.T.);
#4477=EDGE_CURVE('',#3198,#3575,#1435,.T.);
#4478=EDGE_CURVE('',#3199,#3574,#1436,.T.);
#4479=EDGE_CURVE('',#3208,#3597,#1437,.T.);
#4480=EDGE_CURVE('',#3209,#3596,#1438,.T.);
#4481=EDGE_CURVE('',#3210,#3595,#1439,.T.);
#4482=EDGE_CURVE('',#3211,#3594,#1440,.T.);
#4483=EDGE_CURVE('',#3601,#3204,#1441,.T.);
#4484=EDGE_CURVE('',#3205,#3600,#1442,.T.);
#4485=EDGE_CURVE('',#3206,#3599,#1443,.T.);
#4486=EDGE_CURVE('',#3207,#3598,#1444,.T.);
#4487=ORIENTED_EDGE('',*,*,#3612,.T.);
#4488=ORIENTED_EDGE('',*,*,#3613,.T.);
#4489=ORIENTED_EDGE('',*,*,#3614,.T.);
#4490=ORIENTED_EDGE('',*,*,#3615,.T.);
#4491=ORIENTED_EDGE('',*,*,#3616,.T.);
#4492=ORIENTED_EDGE('',*,*,#3617,.T.);
#4493=ORIENTED_EDGE('',*,*,#3614,.F.);
#4494=ORIENTED_EDGE('',*,*,#3618,.T.);
#4495=ORIENTED_EDGE('',*,*,#3619,.T.);
#4496=ORIENTED_EDGE('',*,*,#3620,.T.);
#4497=ORIENTED_EDGE('',*,*,#3616,.F.);
#4498=ORIENTED_EDGE('',*,*,#3621,.T.);
#4499=ORIENTED_EDGE('',*,*,#3622,.T.);
#4500=ORIENTED_EDGE('',*,*,#3623,.T.);
#4501=ORIENTED_EDGE('',*,*,#3619,.F.);
#4502=ORIENTED_EDGE('',*,*,#3624,.T.);
#4503=ORIENTED_EDGE('',*,*,#3625,.T.);
#4504=ORIENTED_EDGE('',*,*,#3626,.T.);
#4505=ORIENTED_EDGE('',*,*,#3622,.F.);
#4506=ORIENTED_EDGE('',*,*,#3627,.T.);
#4507=ORIENTED_EDGE('',*,*,#3628,.T.);
#4508=ORIENTED_EDGE('',*,*,#3629,.T.);
#4509=ORIENTED_EDGE('',*,*,#3625,.F.);
#4510=ORIENTED_EDGE('',*,*,#3630,.T.);
#4511=ORIENTED_EDGE('',*,*,#3631,.T.);
#4512=ORIENTED_EDGE('',*,*,#3632,.T.);
#4513=ORIENTED_EDGE('',*,*,#3628,.F.);
#4514=ORIENTED_EDGE('',*,*,#3633,.T.);
#4515=ORIENTED_EDGE('',*,*,#3631,.F.);
#4516=ORIENTED_EDGE('',*,*,#3634,.T.);
#4517=ORIENTED_EDGE('',*,*,#3612,.F.);
#4518=ORIENTED_EDGE('',*,*,#3635,.T.);
#4519=ORIENTED_EDGE('',*,*,#3629,.F.);
#4520=ORIENTED_EDGE('',*,*,#3636,.F.);
#4521=ORIENTED_EDGE('',*,*,#3637,.F.);
#4522=ORIENTED_EDGE('',*,*,#3638,.F.);
#4523=ORIENTED_EDGE('',*,*,#3632,.F.);
#4524=ORIENTED_EDGE('',*,*,#3639,.T.);
#4525=ORIENTED_EDGE('',*,*,#3640,.T.);
#4526=ORIENTED_EDGE('',*,*,#3636,.T.);
#4527=ORIENTED_EDGE('',*,*,#3635,.F.);
#4528=ORIENTED_EDGE('',*,*,#3641,.F.);
#4529=ORIENTED_EDGE('',*,*,#3642,.F.);
#4530=ORIENTED_EDGE('',*,*,#3639,.F.);
#4531=ORIENTED_EDGE('',*,*,#3615,.F.);
#4532=ORIENTED_EDGE('',*,*,#3643,.T.);
#4533=ORIENTED_EDGE('',*,*,#3644,.T.);
#4534=ORIENTED_EDGE('',*,*,#3641,.T.);
#4535=ORIENTED_EDGE('',*,*,#3613,.F.);
#4536=ORIENTED_EDGE('',*,*,#3634,.F.);
#4537=ORIENTED_EDGE('',*,*,#3633,.F.);
#4538=ORIENTED_EDGE('',*,*,#3630,.F.);
#4539=ORIENTED_EDGE('',*,*,#3627,.F.);
#4540=ORIENTED_EDGE('',*,*,#3624,.F.);
#4541=ORIENTED_EDGE('',*,*,#3621,.F.);
#4542=ORIENTED_EDGE('',*,*,#3618,.F.);
#4543=ORIENTED_EDGE('',*,*,#3645,.T.);
#4544=ORIENTED_EDGE('',*,*,#3646,.T.);
#4545=ORIENTED_EDGE('',*,*,#3647,.T.);
#4546=ORIENTED_EDGE('',*,*,#3648,.T.);
#4547=ORIENTED_EDGE('',*,*,#3649,.T.);
#4548=ORIENTED_EDGE('',*,*,#3650,.T.);
#4549=ORIENTED_EDGE('',*,*,#3651,.T.);
#4550=ORIENTED_EDGE('',*,*,#3652,.T.);
#4551=ORIENTED_EDGE('',*,*,#3653,.T.);
#4552=ORIENTED_EDGE('',*,*,#3654,.T.);
#4553=ORIENTED_EDGE('',*,*,#3655,.T.);
#4554=ORIENTED_EDGE('',*,*,#3656,.T.);
#4555=ORIENTED_EDGE('',*,*,#3657,.T.);
#4556=ORIENTED_EDGE('',*,*,#3658,.T.);
#4557=ORIENTED_EDGE('',*,*,#3659,.T.);
#4558=ORIENTED_EDGE('',*,*,#3660,.T.);
#4559=ORIENTED_EDGE('',*,*,#3661,.T.);
#4560=ORIENTED_EDGE('',*,*,#3662,.T.);
#4561=ORIENTED_EDGE('',*,*,#3663,.T.);
#4562=ORIENTED_EDGE('',*,*,#3664,.T.);
#4563=ORIENTED_EDGE('',*,*,#3665,.T.);
#4564=ORIENTED_EDGE('',*,*,#3666,.T.);
#4565=ORIENTED_EDGE('',*,*,#3667,.T.);
#4566=ORIENTED_EDGE('',*,*,#3668,.T.);
#4567=ORIENTED_EDGE('',*,*,#3669,.T.);
#4568=ORIENTED_EDGE('',*,*,#3670,.T.);
#4569=ORIENTED_EDGE('',*,*,#3671,.T.);
#4570=ORIENTED_EDGE('',*,*,#3672,.T.);
#4571=ORIENTED_EDGE('',*,*,#3673,.T.);
#4572=ORIENTED_EDGE('',*,*,#3674,.T.);
#4573=ORIENTED_EDGE('',*,*,#3675,.T.);
#4574=ORIENTED_EDGE('',*,*,#3676,.T.);
#4575=ORIENTED_EDGE('',*,*,#3677,.T.);
#4576=ORIENTED_EDGE('',*,*,#3678,.T.);
#4577=ORIENTED_EDGE('',*,*,#3679,.T.);
#4578=ORIENTED_EDGE('',*,*,#3680,.T.);
#4579=ORIENTED_EDGE('',*,*,#3681,.T.);
#4580=ORIENTED_EDGE('',*,*,#3682,.T.);
#4581=ORIENTED_EDGE('',*,*,#3683,.T.);
#4582=ORIENTED_EDGE('',*,*,#3684,.T.);
#4583=ORIENTED_EDGE('',*,*,#3685,.T.);
#4584=ORIENTED_EDGE('',*,*,#3686,.T.);
#4585=ORIENTED_EDGE('',*,*,#3687,.T.);
#4586=ORIENTED_EDGE('',*,*,#3688,.T.);
#4587=ORIENTED_EDGE('',*,*,#3689,.T.);
#4588=ORIENTED_EDGE('',*,*,#3690,.T.);
#4589=ORIENTED_EDGE('',*,*,#3691,.T.);
#4590=ORIENTED_EDGE('',*,*,#3692,.T.);
#4591=ORIENTED_EDGE('',*,*,#3693,.T.);
#4592=ORIENTED_EDGE('',*,*,#3694,.T.);
#4593=ORIENTED_EDGE('',*,*,#3695,.T.);
#4594=ORIENTED_EDGE('',*,*,#3696,.T.);
#4595=ORIENTED_EDGE('',*,*,#3697,.T.);
#4596=ORIENTED_EDGE('',*,*,#3698,.T.);
#4597=ORIENTED_EDGE('',*,*,#3699,.T.);
#4598=ORIENTED_EDGE('',*,*,#3700,.T.);
#4599=ORIENTED_EDGE('',*,*,#3701,.T.);
#4600=ORIENTED_EDGE('',*,*,#3702,.T.);
#4601=ORIENTED_EDGE('',*,*,#3703,.T.);
#4602=ORIENTED_EDGE('',*,*,#3704,.T.);
#4603=ORIENTED_EDGE('',*,*,#3705,.T.);
#4604=ORIENTED_EDGE('',*,*,#3706,.T.);
#4605=ORIENTED_EDGE('',*,*,#3707,.T.);
#4606=ORIENTED_EDGE('',*,*,#3708,.T.);
#4607=ORIENTED_EDGE('',*,*,#3709,.T.);
#4608=ORIENTED_EDGE('',*,*,#3710,.T.);
#4609=ORIENTED_EDGE('',*,*,#3711,.T.);
#4610=ORIENTED_EDGE('',*,*,#3712,.T.);
#4611=ORIENTED_EDGE('',*,*,#3713,.T.);
#4612=ORIENTED_EDGE('',*,*,#3714,.T.);
#4613=ORIENTED_EDGE('',*,*,#3715,.T.);
#4614=ORIENTED_EDGE('',*,*,#3716,.T.);
#4615=ORIENTED_EDGE('',*,*,#3717,.T.);
#4616=ORIENTED_EDGE('',*,*,#3718,.T.);
#4617=ORIENTED_EDGE('',*,*,#3719,.T.);
#4618=ORIENTED_EDGE('',*,*,#3720,.T.);
#4619=ORIENTED_EDGE('',*,*,#3721,.T.);
#4620=ORIENTED_EDGE('',*,*,#3722,.T.);
#4621=ORIENTED_EDGE('',*,*,#3723,.T.);
#4622=ORIENTED_EDGE('',*,*,#3724,.T.);
#4623=ORIENTED_EDGE('',*,*,#3725,.T.);
#4624=ORIENTED_EDGE('',*,*,#3726,.T.);
#4625=ORIENTED_EDGE('',*,*,#3727,.T.);
#4626=ORIENTED_EDGE('',*,*,#3728,.T.);
#4627=ORIENTED_EDGE('',*,*,#3729,.T.);
#4628=ORIENTED_EDGE('',*,*,#3730,.T.);
#4629=ORIENTED_EDGE('',*,*,#3731,.T.);
#4630=ORIENTED_EDGE('',*,*,#3732,.T.);
#4631=ORIENTED_EDGE('',*,*,#3733,.T.);
#4632=ORIENTED_EDGE('',*,*,#3734,.T.);
#4633=ORIENTED_EDGE('',*,*,#3735,.T.);
#4634=ORIENTED_EDGE('',*,*,#3736,.T.);
#4635=ORIENTED_EDGE('',*,*,#3737,.T.);
#4636=ORIENTED_EDGE('',*,*,#3738,.T.);
#4637=ORIENTED_EDGE('',*,*,#3739,.T.);
#4638=ORIENTED_EDGE('',*,*,#3740,.T.);
#4639=ORIENTED_EDGE('',*,*,#3741,.T.);
#4640=ORIENTED_EDGE('',*,*,#3742,.T.);
#4641=ORIENTED_EDGE('',*,*,#3743,.T.);
#4642=ORIENTED_EDGE('',*,*,#3744,.T.);
#4643=ORIENTED_EDGE('',*,*,#3745,.T.);
#4644=ORIENTED_EDGE('',*,*,#3746,.T.);
#4645=ORIENTED_EDGE('',*,*,#3747,.T.);
#4646=ORIENTED_EDGE('',*,*,#3748,.T.);
#4647=ORIENTED_EDGE('',*,*,#3749,.F.);
#4648=ORIENTED_EDGE('',*,*,#3750,.F.);
#4649=ORIENTED_EDGE('',*,*,#3751,.F.);
#4650=ORIENTED_EDGE('',*,*,#3752,.F.);
#4651=ORIENTED_EDGE('',*,*,#3753,.T.);
#4652=ORIENTED_EDGE('',*,*,#3754,.T.);
#4653=ORIENTED_EDGE('',*,*,#3755,.T.);
#4654=ORIENTED_EDGE('',*,*,#3756,.T.);
#4655=ORIENTED_EDGE('',*,*,#3757,.T.);
#4656=ORIENTED_EDGE('',*,*,#3758,.T.);
#4657=ORIENTED_EDGE('',*,*,#3759,.T.);
#4658=ORIENTED_EDGE('',*,*,#3760,.T.);
#4659=ORIENTED_EDGE('',*,*,#3761,.T.);
#4660=ORIENTED_EDGE('',*,*,#3762,.T.);
#4661=ORIENTED_EDGE('',*,*,#3763,.T.);
#4662=ORIENTED_EDGE('',*,*,#3764,.T.);
#4663=ORIENTED_EDGE('',*,*,#3765,.T.);
#4664=ORIENTED_EDGE('',*,*,#3766,.T.);
#4665=ORIENTED_EDGE('',*,*,#3767,.T.);
#4666=ORIENTED_EDGE('',*,*,#3768,.T.);
#4667=ORIENTED_EDGE('',*,*,#3769,.T.);
#4668=ORIENTED_EDGE('',*,*,#3770,.T.);
#4669=ORIENTED_EDGE('',*,*,#3771,.T.);
#4670=ORIENTED_EDGE('',*,*,#3772,.T.);
#4671=ORIENTED_EDGE('',*,*,#3773,.T.);
#4672=ORIENTED_EDGE('',*,*,#3774,.T.);
#4673=ORIENTED_EDGE('',*,*,#3775,.T.);
#4674=ORIENTED_EDGE('',*,*,#3776,.T.);
#4675=ORIENTED_EDGE('',*,*,#3777,.T.);
#4676=ORIENTED_EDGE('',*,*,#3778,.T.);
#4677=ORIENTED_EDGE('',*,*,#3779,.T.);
#4678=ORIENTED_EDGE('',*,*,#3780,.T.);
#4679=ORIENTED_EDGE('',*,*,#3781,.T.);
#4680=ORIENTED_EDGE('',*,*,#3782,.T.);
#4681=ORIENTED_EDGE('',*,*,#3783,.T.);
#4682=ORIENTED_EDGE('',*,*,#3784,.T.);
#4683=ORIENTED_EDGE('',*,*,#3785,.T.);
#4684=ORIENTED_EDGE('',*,*,#3786,.T.);
#4685=ORIENTED_EDGE('',*,*,#3787,.T.);
#4686=ORIENTED_EDGE('',*,*,#3788,.T.);
#4687=ORIENTED_EDGE('',*,*,#3789,.T.);
#4688=ORIENTED_EDGE('',*,*,#3790,.T.);
#4689=ORIENTED_EDGE('',*,*,#3791,.T.);
#4690=ORIENTED_EDGE('',*,*,#3792,.T.);
#4691=ORIENTED_EDGE('',*,*,#3793,.T.);
#4692=ORIENTED_EDGE('',*,*,#3794,.T.);
#4693=ORIENTED_EDGE('',*,*,#3795,.T.);
#4694=ORIENTED_EDGE('',*,*,#3796,.T.);
#4695=ORIENTED_EDGE('',*,*,#3797,.T.);
#4696=ORIENTED_EDGE('',*,*,#3798,.T.);
#4697=ORIENTED_EDGE('',*,*,#3799,.T.);
#4698=ORIENTED_EDGE('',*,*,#3800,.T.);
#4699=ORIENTED_EDGE('',*,*,#3801,.T.);
#4700=ORIENTED_EDGE('',*,*,#3802,.T.);
#4701=ORIENTED_EDGE('',*,*,#3803,.T.);
#4702=ORIENTED_EDGE('',*,*,#3804,.T.);
#4703=ORIENTED_EDGE('',*,*,#3805,.F.);
#4704=ORIENTED_EDGE('',*,*,#3806,.T.);
#4705=ORIENTED_EDGE('',*,*,#3807,.F.);
#4706=ORIENTED_EDGE('',*,*,#3808,.T.);
#4707=ORIENTED_EDGE('',*,*,#3809,.F.);
#4708=ORIENTED_EDGE('',*,*,#3810,.T.);
#4709=ORIENTED_EDGE('',*,*,#3811,.F.);
#4710=ORIENTED_EDGE('',*,*,#3812,.T.);
#4711=ORIENTED_EDGE('',*,*,#3813,.F.);
#4712=ORIENTED_EDGE('',*,*,#3814,.T.);
#4713=ORIENTED_EDGE('',*,*,#3815,.T.);
#4714=ORIENTED_EDGE('',*,*,#3816,.T.);
#4715=ORIENTED_EDGE('',*,*,#3817,.T.);
#4716=ORIENTED_EDGE('',*,*,#3818,.T.);
#4717=ORIENTED_EDGE('',*,*,#3819,.T.);
#4718=ORIENTED_EDGE('',*,*,#3820,.T.);
#4719=ORIENTED_EDGE('',*,*,#3821,.T.);
#4720=ORIENTED_EDGE('',*,*,#3822,.T.);
#4721=ORIENTED_EDGE('',*,*,#3823,.T.);
#4722=ORIENTED_EDGE('',*,*,#3824,.T.);
#4723=ORIENTED_EDGE('',*,*,#3825,.T.);
#4724=ORIENTED_EDGE('',*,*,#3826,.T.);
#4725=ORIENTED_EDGE('',*,*,#3827,.T.);
#4726=ORIENTED_EDGE('',*,*,#3828,.T.);
#4727=ORIENTED_EDGE('',*,*,#3829,.T.);
#4728=ORIENTED_EDGE('',*,*,#3830,.T.);
#4729=ORIENTED_EDGE('',*,*,#3831,.T.);
#4730=ORIENTED_EDGE('',*,*,#3832,.T.);
#4731=ORIENTED_EDGE('',*,*,#3833,.T.);
#4732=ORIENTED_EDGE('',*,*,#3834,.T.);
#4733=ORIENTED_EDGE('',*,*,#3835,.T.);
#4734=ORIENTED_EDGE('',*,*,#3836,.T.);
#4735=ORIENTED_EDGE('',*,*,#3837,.T.);
#4736=ORIENTED_EDGE('',*,*,#3838,.T.);
#4737=ORIENTED_EDGE('',*,*,#3839,.T.);
#4738=ORIENTED_EDGE('',*,*,#3840,.T.);
#4739=ORIENTED_EDGE('',*,*,#3841,.T.);
#4740=ORIENTED_EDGE('',*,*,#3842,.T.);
#4741=ORIENTED_EDGE('',*,*,#3843,.T.);
#4742=ORIENTED_EDGE('',*,*,#3844,.T.);
#4743=ORIENTED_EDGE('',*,*,#3845,.T.);
#4744=ORIENTED_EDGE('',*,*,#3846,.T.);
#4745=ORIENTED_EDGE('',*,*,#3847,.T.);
#4746=ORIENTED_EDGE('',*,*,#3848,.T.);
#4747=ORIENTED_EDGE('',*,*,#3849,.T.);
#4748=ORIENTED_EDGE('',*,*,#3850,.T.);
#4749=ORIENTED_EDGE('',*,*,#3851,.T.);
#4750=ORIENTED_EDGE('',*,*,#3852,.T.);
#4751=ORIENTED_EDGE('',*,*,#3853,.T.);
#4752=ORIENTED_EDGE('',*,*,#3854,.T.);
#4753=ORIENTED_EDGE('',*,*,#3855,.T.);
#4754=ORIENTED_EDGE('',*,*,#3856,.T.);
#4755=ORIENTED_EDGE('',*,*,#3857,.T.);
#4756=ORIENTED_EDGE('',*,*,#3858,.T.);
#4757=ORIENTED_EDGE('',*,*,#3859,.T.);
#4758=ORIENTED_EDGE('',*,*,#3860,.T.);
#4759=ORIENTED_EDGE('',*,*,#3861,.T.);
#4760=ORIENTED_EDGE('',*,*,#3862,.T.);
#4761=ORIENTED_EDGE('',*,*,#3863,.T.);
#4762=ORIENTED_EDGE('',*,*,#3864,.T.);
#4763=ORIENTED_EDGE('',*,*,#3865,.T.);
#4764=ORIENTED_EDGE('',*,*,#3866,.T.);
#4765=ORIENTED_EDGE('',*,*,#3867,.T.);
#4766=ORIENTED_EDGE('',*,*,#3868,.T.);
#4767=ORIENTED_EDGE('',*,*,#3869,.T.);
#4768=ORIENTED_EDGE('',*,*,#3870,.T.);
#4769=ORIENTED_EDGE('',*,*,#3871,.T.);
#4770=ORIENTED_EDGE('',*,*,#3872,.T.);
#4771=ORIENTED_EDGE('',*,*,#3873,.T.);
#4772=ORIENTED_EDGE('',*,*,#3874,.T.);
#4773=ORIENTED_EDGE('',*,*,#3875,.T.);
#4774=ORIENTED_EDGE('',*,*,#3876,.T.);
#4775=ORIENTED_EDGE('',*,*,#3877,.T.);
#4776=ORIENTED_EDGE('',*,*,#3878,.T.);
#4777=ORIENTED_EDGE('',*,*,#3879,.T.);
#4778=ORIENTED_EDGE('',*,*,#3880,.T.);
#4779=ORIENTED_EDGE('',*,*,#3645,.F.);
#4780=ORIENTED_EDGE('',*,*,#3881,.T.);
#4781=ORIENTED_EDGE('',*,*,#3882,.T.);
#4782=ORIENTED_EDGE('',*,*,#3883,.F.);
#4783=ORIENTED_EDGE('',*,*,#3648,.F.);
#4784=ORIENTED_EDGE('',*,*,#3884,.T.);
#4785=ORIENTED_EDGE('',*,*,#3885,.T.);
#4786=ORIENTED_EDGE('',*,*,#3881,.F.);
#4787=ORIENTED_EDGE('',*,*,#3647,.F.);
#4788=ORIENTED_EDGE('',*,*,#3886,.T.);
#4789=ORIENTED_EDGE('',*,*,#3887,.T.);
#4790=ORIENTED_EDGE('',*,*,#3884,.F.);
#4791=ORIENTED_EDGE('',*,*,#3646,.F.);
#4792=ORIENTED_EDGE('',*,*,#3883,.T.);
#4793=ORIENTED_EDGE('',*,*,#3888,.T.);
#4794=ORIENTED_EDGE('',*,*,#3886,.F.);
#4795=ORIENTED_EDGE('',*,*,#3888,.F.);
#4796=ORIENTED_EDGE('',*,*,#3882,.F.);
#4797=ORIENTED_EDGE('',*,*,#3885,.F.);
#4798=ORIENTED_EDGE('',*,*,#3887,.F.);
#4799=ORIENTED_EDGE('',*,*,#3649,.F.);
#4800=ORIENTED_EDGE('',*,*,#3889,.T.);
#4801=ORIENTED_EDGE('',*,*,#3890,.T.);
#4802=ORIENTED_EDGE('',*,*,#3891,.F.);
#4803=ORIENTED_EDGE('',*,*,#3652,.F.);
#4804=ORIENTED_EDGE('',*,*,#3892,.T.);
#4805=ORIENTED_EDGE('',*,*,#3893,.T.);
#4806=ORIENTED_EDGE('',*,*,#3889,.F.);
#4807=ORIENTED_EDGE('',*,*,#3651,.F.);
#4808=ORIENTED_EDGE('',*,*,#3894,.T.);
#4809=ORIENTED_EDGE('',*,*,#3895,.T.);
#4810=ORIENTED_EDGE('',*,*,#3892,.F.);
#4811=ORIENTED_EDGE('',*,*,#3650,.F.);
#4812=ORIENTED_EDGE('',*,*,#3891,.T.);
#4813=ORIENTED_EDGE('',*,*,#3896,.T.);
#4814=ORIENTED_EDGE('',*,*,#3894,.F.);
#4815=ORIENTED_EDGE('',*,*,#3896,.F.);
#4816=ORIENTED_EDGE('',*,*,#3890,.F.);
#4817=ORIENTED_EDGE('',*,*,#3893,.F.);
#4818=ORIENTED_EDGE('',*,*,#3895,.F.);
#4819=ORIENTED_EDGE('',*,*,#3653,.F.);
#4820=ORIENTED_EDGE('',*,*,#3897,.T.);
#4821=ORIENTED_EDGE('',*,*,#3898,.T.);
#4822=ORIENTED_EDGE('',*,*,#3899,.F.);
#4823=ORIENTED_EDGE('',*,*,#3656,.F.);
#4824=ORIENTED_EDGE('',*,*,#3900,.T.);
#4825=ORIENTED_EDGE('',*,*,#3901,.T.);
#4826=ORIENTED_EDGE('',*,*,#3897,.F.);
#4827=ORIENTED_EDGE('',*,*,#3655,.F.);
#4828=ORIENTED_EDGE('',*,*,#3902,.T.);
#4829=ORIENTED_EDGE('',*,*,#3903,.T.);
#4830=ORIENTED_EDGE('',*,*,#3900,.F.);
#4831=ORIENTED_EDGE('',*,*,#3654,.F.);
#4832=ORIENTED_EDGE('',*,*,#3899,.T.);
#4833=ORIENTED_EDGE('',*,*,#3904,.T.);
#4834=ORIENTED_EDGE('',*,*,#3902,.F.);
#4835=ORIENTED_EDGE('',*,*,#3904,.F.);
#4836=ORIENTED_EDGE('',*,*,#3898,.F.);
#4837=ORIENTED_EDGE('',*,*,#3901,.F.);
#4838=ORIENTED_EDGE('',*,*,#3903,.F.);
#4839=ORIENTED_EDGE('',*,*,#3657,.F.);
#4840=ORIENTED_EDGE('',*,*,#3905,.T.);
#4841=ORIENTED_EDGE('',*,*,#3906,.T.);
#4842=ORIENTED_EDGE('',*,*,#3907,.F.);
#4843=ORIENTED_EDGE('',*,*,#3660,.F.);
#4844=ORIENTED_EDGE('',*,*,#3908,.T.);
#4845=ORIENTED_EDGE('',*,*,#3909,.T.);
#4846=ORIENTED_EDGE('',*,*,#3905,.F.);
#4847=ORIENTED_EDGE('',*,*,#3659,.F.);
#4848=ORIENTED_EDGE('',*,*,#3910,.T.);
#4849=ORIENTED_EDGE('',*,*,#3911,.T.);
#4850=ORIENTED_EDGE('',*,*,#3908,.F.);
#4851=ORIENTED_EDGE('',*,*,#3658,.F.);
#4852=ORIENTED_EDGE('',*,*,#3907,.T.);
#4853=ORIENTED_EDGE('',*,*,#3912,.T.);
#4854=ORIENTED_EDGE('',*,*,#3910,.F.);
#4855=ORIENTED_EDGE('',*,*,#3912,.F.);
#4856=ORIENTED_EDGE('',*,*,#3906,.F.);
#4857=ORIENTED_EDGE('',*,*,#3909,.F.);
#4858=ORIENTED_EDGE('',*,*,#3911,.F.);
#4859=ORIENTED_EDGE('',*,*,#3661,.F.);
#4860=ORIENTED_EDGE('',*,*,#3913,.T.);
#4861=ORIENTED_EDGE('',*,*,#3914,.T.);
#4862=ORIENTED_EDGE('',*,*,#3915,.F.);
#4863=ORIENTED_EDGE('',*,*,#3664,.F.);
#4864=ORIENTED_EDGE('',*,*,#3916,.T.);
#4865=ORIENTED_EDGE('',*,*,#3917,.T.);
#4866=ORIENTED_EDGE('',*,*,#3913,.F.);
#4867=ORIENTED_EDGE('',*,*,#3663,.F.);
#4868=ORIENTED_EDGE('',*,*,#3918,.T.);
#4869=ORIENTED_EDGE('',*,*,#3919,.T.);
#4870=ORIENTED_EDGE('',*,*,#3916,.F.);
#4871=ORIENTED_EDGE('',*,*,#3662,.F.);
#4872=ORIENTED_EDGE('',*,*,#3915,.T.);
#4873=ORIENTED_EDGE('',*,*,#3920,.T.);
#4874=ORIENTED_EDGE('',*,*,#3918,.F.);
#4875=ORIENTED_EDGE('',*,*,#3920,.F.);
#4876=ORIENTED_EDGE('',*,*,#3914,.F.);
#4877=ORIENTED_EDGE('',*,*,#3917,.F.);
#4878=ORIENTED_EDGE('',*,*,#3919,.F.);
#4879=ORIENTED_EDGE('',*,*,#3665,.F.);
#4880=ORIENTED_EDGE('',*,*,#3921,.T.);
#4881=ORIENTED_EDGE('',*,*,#3922,.T.);
#4882=ORIENTED_EDGE('',*,*,#3923,.F.);
#4883=ORIENTED_EDGE('',*,*,#3668,.F.);
#4884=ORIENTED_EDGE('',*,*,#3924,.T.);
#4885=ORIENTED_EDGE('',*,*,#3925,.T.);
#4886=ORIENTED_EDGE('',*,*,#3921,.F.);
#4887=ORIENTED_EDGE('',*,*,#3667,.F.);
#4888=ORIENTED_EDGE('',*,*,#3926,.T.);
#4889=ORIENTED_EDGE('',*,*,#3927,.T.);
#4890=ORIENTED_EDGE('',*,*,#3924,.F.);
#4891=ORIENTED_EDGE('',*,*,#3666,.F.);
#4892=ORIENTED_EDGE('',*,*,#3923,.T.);
#4893=ORIENTED_EDGE('',*,*,#3928,.T.);
#4894=ORIENTED_EDGE('',*,*,#3926,.F.);
#4895=ORIENTED_EDGE('',*,*,#3928,.F.);
#4896=ORIENTED_EDGE('',*,*,#3922,.F.);
#4897=ORIENTED_EDGE('',*,*,#3925,.F.);
#4898=ORIENTED_EDGE('',*,*,#3927,.F.);
#4899=ORIENTED_EDGE('',*,*,#3669,.F.);
#4900=ORIENTED_EDGE('',*,*,#3929,.T.);
#4901=ORIENTED_EDGE('',*,*,#3930,.T.);
#4902=ORIENTED_EDGE('',*,*,#3931,.F.);
#4903=ORIENTED_EDGE('',*,*,#3672,.F.);
#4904=ORIENTED_EDGE('',*,*,#3932,.T.);
#4905=ORIENTED_EDGE('',*,*,#3933,.T.);
#4906=ORIENTED_EDGE('',*,*,#3929,.F.);
#4907=ORIENTED_EDGE('',*,*,#3671,.F.);
#4908=ORIENTED_EDGE('',*,*,#3934,.T.);
#4909=ORIENTED_EDGE('',*,*,#3935,.T.);
#4910=ORIENTED_EDGE('',*,*,#3932,.F.);
#4911=ORIENTED_EDGE('',*,*,#3670,.F.);
#4912=ORIENTED_EDGE('',*,*,#3931,.T.);
#4913=ORIENTED_EDGE('',*,*,#3936,.T.);
#4914=ORIENTED_EDGE('',*,*,#3934,.F.);
#4915=ORIENTED_EDGE('',*,*,#3936,.F.);
#4916=ORIENTED_EDGE('',*,*,#3930,.F.);
#4917=ORIENTED_EDGE('',*,*,#3933,.F.);
#4918=ORIENTED_EDGE('',*,*,#3935,.F.);
#4919=ORIENTED_EDGE('',*,*,#3673,.F.);
#4920=ORIENTED_EDGE('',*,*,#3937,.T.);
#4921=ORIENTED_EDGE('',*,*,#3938,.T.);
#4922=ORIENTED_EDGE('',*,*,#3939,.F.);
#4923=ORIENTED_EDGE('',*,*,#3676,.F.);
#4924=ORIENTED_EDGE('',*,*,#3940,.T.);
#4925=ORIENTED_EDGE('',*,*,#3941,.T.);
#4926=ORIENTED_EDGE('',*,*,#3937,.F.);
#4927=ORIENTED_EDGE('',*,*,#3675,.F.);
#4928=ORIENTED_EDGE('',*,*,#3942,.T.);
#4929=ORIENTED_EDGE('',*,*,#3943,.T.);
#4930=ORIENTED_EDGE('',*,*,#3940,.F.);
#4931=ORIENTED_EDGE('',*,*,#3674,.F.);
#4932=ORIENTED_EDGE('',*,*,#3939,.T.);
#4933=ORIENTED_EDGE('',*,*,#3944,.T.);
#4934=ORIENTED_EDGE('',*,*,#3942,.F.);
#4935=ORIENTED_EDGE('',*,*,#3944,.F.);
#4936=ORIENTED_EDGE('',*,*,#3938,.F.);
#4937=ORIENTED_EDGE('',*,*,#3941,.F.);
#4938=ORIENTED_EDGE('',*,*,#3943,.F.);
#4939=ORIENTED_EDGE('',*,*,#3677,.F.);
#4940=ORIENTED_EDGE('',*,*,#3945,.T.);
#4941=ORIENTED_EDGE('',*,*,#3946,.T.);
#4942=ORIENTED_EDGE('',*,*,#3947,.F.);
#4943=ORIENTED_EDGE('',*,*,#3680,.F.);
#4944=ORIENTED_EDGE('',*,*,#3948,.T.);
#4945=ORIENTED_EDGE('',*,*,#3949,.T.);
#4946=ORIENTED_EDGE('',*,*,#3945,.F.);
#4947=ORIENTED_EDGE('',*,*,#3679,.F.);
#4948=ORIENTED_EDGE('',*,*,#3950,.T.);
#4949=ORIENTED_EDGE('',*,*,#3951,.T.);
#4950=ORIENTED_EDGE('',*,*,#3948,.F.);
#4951=ORIENTED_EDGE('',*,*,#3678,.F.);
#4952=ORIENTED_EDGE('',*,*,#3947,.T.);
#4953=ORIENTED_EDGE('',*,*,#3952,.T.);
#4954=ORIENTED_EDGE('',*,*,#3950,.F.);
#4955=ORIENTED_EDGE('',*,*,#3952,.F.);
#4956=ORIENTED_EDGE('',*,*,#3946,.F.);
#4957=ORIENTED_EDGE('',*,*,#3949,.F.);
#4958=ORIENTED_EDGE('',*,*,#3951,.F.);
#4959=ORIENTED_EDGE('',*,*,#3681,.F.);
#4960=ORIENTED_EDGE('',*,*,#3953,.T.);
#4961=ORIENTED_EDGE('',*,*,#3954,.T.);
#4962=ORIENTED_EDGE('',*,*,#3955,.F.);
#4963=ORIENTED_EDGE('',*,*,#3684,.F.);
#4964=ORIENTED_EDGE('',*,*,#3956,.T.);
#4965=ORIENTED_EDGE('',*,*,#3957,.T.);
#4966=ORIENTED_EDGE('',*,*,#3953,.F.);
#4967=ORIENTED_EDGE('',*,*,#3683,.F.);
#4968=ORIENTED_EDGE('',*,*,#3958,.T.);
#4969=ORIENTED_EDGE('',*,*,#3959,.T.);
#4970=ORIENTED_EDGE('',*,*,#3956,.F.);
#4971=ORIENTED_EDGE('',*,*,#3682,.F.);
#4972=ORIENTED_EDGE('',*,*,#3955,.T.);
#4973=ORIENTED_EDGE('',*,*,#3960,.T.);
#4974=ORIENTED_EDGE('',*,*,#3958,.F.);
#4975=ORIENTED_EDGE('',*,*,#3960,.F.);
#4976=ORIENTED_EDGE('',*,*,#3954,.F.);
#4977=ORIENTED_EDGE('',*,*,#3957,.F.);
#4978=ORIENTED_EDGE('',*,*,#3959,.F.);
#4979=ORIENTED_EDGE('',*,*,#3685,.F.);
#4980=ORIENTED_EDGE('',*,*,#3961,.T.);
#4981=ORIENTED_EDGE('',*,*,#3962,.T.);
#4982=ORIENTED_EDGE('',*,*,#3963,.F.);
#4983=ORIENTED_EDGE('',*,*,#3688,.F.);
#4984=ORIENTED_EDGE('',*,*,#3964,.T.);
#4985=ORIENTED_EDGE('',*,*,#3965,.T.);
#4986=ORIENTED_EDGE('',*,*,#3961,.F.);
#4987=ORIENTED_EDGE('',*,*,#3687,.F.);
#4988=ORIENTED_EDGE('',*,*,#3966,.T.);
#4989=ORIENTED_EDGE('',*,*,#3967,.T.);
#4990=ORIENTED_EDGE('',*,*,#3964,.F.);
#4991=ORIENTED_EDGE('',*,*,#3686,.F.);
#4992=ORIENTED_EDGE('',*,*,#3963,.T.);
#4993=ORIENTED_EDGE('',*,*,#3968,.T.);
#4994=ORIENTED_EDGE('',*,*,#3966,.F.);
#4995=ORIENTED_EDGE('',*,*,#3968,.F.);
#4996=ORIENTED_EDGE('',*,*,#3962,.F.);
#4997=ORIENTED_EDGE('',*,*,#3965,.F.);
#4998=ORIENTED_EDGE('',*,*,#3967,.F.);
#4999=ORIENTED_EDGE('',*,*,#3689,.F.);
#5000=ORIENTED_EDGE('',*,*,#3969,.T.);
#5001=ORIENTED_EDGE('',*,*,#3970,.T.);
#5002=ORIENTED_EDGE('',*,*,#3971,.F.);
#5003=ORIENTED_EDGE('',*,*,#3692,.F.);
#5004=ORIENTED_EDGE('',*,*,#3972,.T.);
#5005=ORIENTED_EDGE('',*,*,#3973,.T.);
#5006=ORIENTED_EDGE('',*,*,#3969,.F.);
#5007=ORIENTED_EDGE('',*,*,#3691,.F.);
#5008=ORIENTED_EDGE('',*,*,#3974,.T.);
#5009=ORIENTED_EDGE('',*,*,#3975,.T.);
#5010=ORIENTED_EDGE('',*,*,#3972,.F.);
#5011=ORIENTED_EDGE('',*,*,#3690,.F.);
#5012=ORIENTED_EDGE('',*,*,#3971,.T.);
#5013=ORIENTED_EDGE('',*,*,#3976,.T.);
#5014=ORIENTED_EDGE('',*,*,#3974,.F.);
#5015=ORIENTED_EDGE('',*,*,#3976,.F.);
#5016=ORIENTED_EDGE('',*,*,#3970,.F.);
#5017=ORIENTED_EDGE('',*,*,#3973,.F.);
#5018=ORIENTED_EDGE('',*,*,#3975,.F.);
#5019=ORIENTED_EDGE('',*,*,#3693,.F.);
#5020=ORIENTED_EDGE('',*,*,#3977,.T.);
#5021=ORIENTED_EDGE('',*,*,#3978,.T.);
#5022=ORIENTED_EDGE('',*,*,#3979,.F.);
#5023=ORIENTED_EDGE('',*,*,#3696,.F.);
#5024=ORIENTED_EDGE('',*,*,#3980,.T.);
#5025=ORIENTED_EDGE('',*,*,#3981,.T.);
#5026=ORIENTED_EDGE('',*,*,#3977,.F.);
#5027=ORIENTED_EDGE('',*,*,#3695,.F.);
#5028=ORIENTED_EDGE('',*,*,#3982,.T.);
#5029=ORIENTED_EDGE('',*,*,#3983,.T.);
#5030=ORIENTED_EDGE('',*,*,#3980,.F.);
#5031=ORIENTED_EDGE('',*,*,#3694,.F.);
#5032=ORIENTED_EDGE('',*,*,#3979,.T.);
#5033=ORIENTED_EDGE('',*,*,#3984,.T.);
#5034=ORIENTED_EDGE('',*,*,#3982,.F.);
#5035=ORIENTED_EDGE('',*,*,#3984,.F.);
#5036=ORIENTED_EDGE('',*,*,#3978,.F.);
#5037=ORIENTED_EDGE('',*,*,#3981,.F.);
#5038=ORIENTED_EDGE('',*,*,#3983,.F.);
#5039=ORIENTED_EDGE('',*,*,#3697,.F.);
#5040=ORIENTED_EDGE('',*,*,#3985,.T.);
#5041=ORIENTED_EDGE('',*,*,#3986,.T.);
#5042=ORIENTED_EDGE('',*,*,#3987,.F.);
#5043=ORIENTED_EDGE('',*,*,#3700,.F.);
#5044=ORIENTED_EDGE('',*,*,#3988,.T.);
#5045=ORIENTED_EDGE('',*,*,#3989,.T.);
#5046=ORIENTED_EDGE('',*,*,#3985,.F.);
#5047=ORIENTED_EDGE('',*,*,#3699,.F.);
#5048=ORIENTED_EDGE('',*,*,#3990,.T.);
#5049=ORIENTED_EDGE('',*,*,#3991,.T.);
#5050=ORIENTED_EDGE('',*,*,#3988,.F.);
#5051=ORIENTED_EDGE('',*,*,#3698,.F.);
#5052=ORIENTED_EDGE('',*,*,#3987,.T.);
#5053=ORIENTED_EDGE('',*,*,#3992,.T.);
#5054=ORIENTED_EDGE('',*,*,#3990,.F.);
#5055=ORIENTED_EDGE('',*,*,#3992,.F.);
#5056=ORIENTED_EDGE('',*,*,#3986,.F.);
#5057=ORIENTED_EDGE('',*,*,#3989,.F.);
#5058=ORIENTED_EDGE('',*,*,#3991,.F.);
#5059=ORIENTED_EDGE('',*,*,#3701,.F.);
#5060=ORIENTED_EDGE('',*,*,#3993,.T.);
#5061=ORIENTED_EDGE('',*,*,#3994,.T.);
#5062=ORIENTED_EDGE('',*,*,#3995,.F.);
#5063=ORIENTED_EDGE('',*,*,#3704,.F.);
#5064=ORIENTED_EDGE('',*,*,#3996,.T.);
#5065=ORIENTED_EDGE('',*,*,#3997,.T.);
#5066=ORIENTED_EDGE('',*,*,#3993,.F.);
#5067=ORIENTED_EDGE('',*,*,#3703,.F.);
#5068=ORIENTED_EDGE('',*,*,#3998,.T.);
#5069=ORIENTED_EDGE('',*,*,#3999,.T.);
#5070=ORIENTED_EDGE('',*,*,#3996,.F.);
#5071=ORIENTED_EDGE('',*,*,#3702,.F.);
#5072=ORIENTED_EDGE('',*,*,#3995,.T.);
#5073=ORIENTED_EDGE('',*,*,#4000,.T.);
#5074=ORIENTED_EDGE('',*,*,#3998,.F.);
#5075=ORIENTED_EDGE('',*,*,#4000,.F.);
#5076=ORIENTED_EDGE('',*,*,#3994,.F.);
#5077=ORIENTED_EDGE('',*,*,#3997,.F.);
#5078=ORIENTED_EDGE('',*,*,#3999,.F.);
#5079=ORIENTED_EDGE('',*,*,#3705,.F.);
#5080=ORIENTED_EDGE('',*,*,#4001,.T.);
#5081=ORIENTED_EDGE('',*,*,#4002,.T.);
#5082=ORIENTED_EDGE('',*,*,#4003,.F.);
#5083=ORIENTED_EDGE('',*,*,#3708,.F.);
#5084=ORIENTED_EDGE('',*,*,#4004,.T.);
#5085=ORIENTED_EDGE('',*,*,#4005,.T.);
#5086=ORIENTED_EDGE('',*,*,#4001,.F.);
#5087=ORIENTED_EDGE('',*,*,#3707,.F.);
#5088=ORIENTED_EDGE('',*,*,#4006,.T.);
#5089=ORIENTED_EDGE('',*,*,#4007,.T.);
#5090=ORIENTED_EDGE('',*,*,#4004,.F.);
#5091=ORIENTED_EDGE('',*,*,#3706,.F.);
#5092=ORIENTED_EDGE('',*,*,#4003,.T.);
#5093=ORIENTED_EDGE('',*,*,#4008,.T.);
#5094=ORIENTED_EDGE('',*,*,#4006,.F.);
#5095=ORIENTED_EDGE('',*,*,#4008,.F.);
#5096=ORIENTED_EDGE('',*,*,#4002,.F.);
#5097=ORIENTED_EDGE('',*,*,#4005,.F.);
#5098=ORIENTED_EDGE('',*,*,#4007,.F.);
#5099=ORIENTED_EDGE('',*,*,#3709,.F.);
#5100=ORIENTED_EDGE('',*,*,#4009,.T.);
#5101=ORIENTED_EDGE('',*,*,#4010,.T.);
#5102=ORIENTED_EDGE('',*,*,#4011,.F.);
#5103=ORIENTED_EDGE('',*,*,#3712,.F.);
#5104=ORIENTED_EDGE('',*,*,#4012,.T.);
#5105=ORIENTED_EDGE('',*,*,#4013,.T.);
#5106=ORIENTED_EDGE('',*,*,#4009,.F.);
#5107=ORIENTED_EDGE('',*,*,#3711,.F.);
#5108=ORIENTED_EDGE('',*,*,#4014,.T.);
#5109=ORIENTED_EDGE('',*,*,#4015,.T.);
#5110=ORIENTED_EDGE('',*,*,#4012,.F.);
#5111=ORIENTED_EDGE('',*,*,#3710,.F.);
#5112=ORIENTED_EDGE('',*,*,#4011,.T.);
#5113=ORIENTED_EDGE('',*,*,#4016,.T.);
#5114=ORIENTED_EDGE('',*,*,#4014,.F.);
#5115=ORIENTED_EDGE('',*,*,#4016,.F.);
#5116=ORIENTED_EDGE('',*,*,#4010,.F.);
#5117=ORIENTED_EDGE('',*,*,#4013,.F.);
#5118=ORIENTED_EDGE('',*,*,#4015,.F.);
#5119=ORIENTED_EDGE('',*,*,#3713,.F.);
#5120=ORIENTED_EDGE('',*,*,#4017,.T.);
#5121=ORIENTED_EDGE('',*,*,#4018,.T.);
#5122=ORIENTED_EDGE('',*,*,#4019,.F.);
#5123=ORIENTED_EDGE('',*,*,#3716,.F.);
#5124=ORIENTED_EDGE('',*,*,#4020,.T.);
#5125=ORIENTED_EDGE('',*,*,#4021,.T.);
#5126=ORIENTED_EDGE('',*,*,#4017,.F.);
#5127=ORIENTED_EDGE('',*,*,#3715,.F.);
#5128=ORIENTED_EDGE('',*,*,#4022,.T.);
#5129=ORIENTED_EDGE('',*,*,#4023,.T.);
#5130=ORIENTED_EDGE('',*,*,#4020,.F.);
#5131=ORIENTED_EDGE('',*,*,#3714,.F.);
#5132=ORIENTED_EDGE('',*,*,#4019,.T.);
#5133=ORIENTED_EDGE('',*,*,#4024,.T.);
#5134=ORIENTED_EDGE('',*,*,#4022,.F.);
#5135=ORIENTED_EDGE('',*,*,#4024,.F.);
#5136=ORIENTED_EDGE('',*,*,#4018,.F.);
#5137=ORIENTED_EDGE('',*,*,#4021,.F.);
#5138=ORIENTED_EDGE('',*,*,#4023,.F.);
#5139=ORIENTED_EDGE('',*,*,#3717,.F.);
#5140=ORIENTED_EDGE('',*,*,#4025,.T.);
#5141=ORIENTED_EDGE('',*,*,#4026,.T.);
#5142=ORIENTED_EDGE('',*,*,#4027,.F.);
#5143=ORIENTED_EDGE('',*,*,#3720,.F.);
#5144=ORIENTED_EDGE('',*,*,#4028,.T.);
#5145=ORIENTED_EDGE('',*,*,#4029,.T.);
#5146=ORIENTED_EDGE('',*,*,#4025,.F.);
#5147=ORIENTED_EDGE('',*,*,#3719,.F.);
#5148=ORIENTED_EDGE('',*,*,#4030,.T.);
#5149=ORIENTED_EDGE('',*,*,#4031,.T.);
#5150=ORIENTED_EDGE('',*,*,#4028,.F.);
#5151=ORIENTED_EDGE('',*,*,#3718,.F.);
#5152=ORIENTED_EDGE('',*,*,#4027,.T.);
#5153=ORIENTED_EDGE('',*,*,#4032,.T.);
#5154=ORIENTED_EDGE('',*,*,#4030,.F.);
#5155=ORIENTED_EDGE('',*,*,#4032,.F.);
#5156=ORIENTED_EDGE('',*,*,#4026,.F.);
#5157=ORIENTED_EDGE('',*,*,#4029,.F.);
#5158=ORIENTED_EDGE('',*,*,#4031,.F.);
#5159=ORIENTED_EDGE('',*,*,#3721,.F.);
#5160=ORIENTED_EDGE('',*,*,#4033,.T.);
#5161=ORIENTED_EDGE('',*,*,#4034,.T.);
#5162=ORIENTED_EDGE('',*,*,#4035,.F.);
#5163=ORIENTED_EDGE('',*,*,#3724,.F.);
#5164=ORIENTED_EDGE('',*,*,#4036,.T.);
#5165=ORIENTED_EDGE('',*,*,#4037,.T.);
#5166=ORIENTED_EDGE('',*,*,#4033,.F.);
#5167=ORIENTED_EDGE('',*,*,#3723,.F.);
#5168=ORIENTED_EDGE('',*,*,#4038,.T.);
#5169=ORIENTED_EDGE('',*,*,#4039,.T.);
#5170=ORIENTED_EDGE('',*,*,#4036,.F.);
#5171=ORIENTED_EDGE('',*,*,#3722,.F.);
#5172=ORIENTED_EDGE('',*,*,#4035,.T.);
#5173=ORIENTED_EDGE('',*,*,#4040,.T.);
#5174=ORIENTED_EDGE('',*,*,#4038,.F.);
#5175=ORIENTED_EDGE('',*,*,#4040,.F.);
#5176=ORIENTED_EDGE('',*,*,#4034,.F.);
#5177=ORIENTED_EDGE('',*,*,#4037,.F.);
#5178=ORIENTED_EDGE('',*,*,#4039,.F.);
#5179=ORIENTED_EDGE('',*,*,#3725,.F.);
#5180=ORIENTED_EDGE('',*,*,#4041,.T.);
#5181=ORIENTED_EDGE('',*,*,#4042,.T.);
#5182=ORIENTED_EDGE('',*,*,#4043,.F.);
#5183=ORIENTED_EDGE('',*,*,#3728,.F.);
#5184=ORIENTED_EDGE('',*,*,#4044,.T.);
#5185=ORIENTED_EDGE('',*,*,#4045,.T.);
#5186=ORIENTED_EDGE('',*,*,#4041,.F.);
#5187=ORIENTED_EDGE('',*,*,#3727,.F.);
#5188=ORIENTED_EDGE('',*,*,#4046,.T.);
#5189=ORIENTED_EDGE('',*,*,#4047,.T.);
#5190=ORIENTED_EDGE('',*,*,#4044,.F.);
#5191=ORIENTED_EDGE('',*,*,#3726,.F.);
#5192=ORIENTED_EDGE('',*,*,#4043,.T.);
#5193=ORIENTED_EDGE('',*,*,#4048,.T.);
#5194=ORIENTED_EDGE('',*,*,#4046,.F.);
#5195=ORIENTED_EDGE('',*,*,#4048,.F.);
#5196=ORIENTED_EDGE('',*,*,#4042,.F.);
#5197=ORIENTED_EDGE('',*,*,#4045,.F.);
#5198=ORIENTED_EDGE('',*,*,#4047,.F.);
#5199=ORIENTED_EDGE('',*,*,#3729,.F.);
#5200=ORIENTED_EDGE('',*,*,#4049,.T.);
#5201=ORIENTED_EDGE('',*,*,#4050,.T.);
#5202=ORIENTED_EDGE('',*,*,#4051,.F.);
#5203=ORIENTED_EDGE('',*,*,#3732,.F.);
#5204=ORIENTED_EDGE('',*,*,#4052,.T.);
#5205=ORIENTED_EDGE('',*,*,#4053,.T.);
#5206=ORIENTED_EDGE('',*,*,#4049,.F.);
#5207=ORIENTED_EDGE('',*,*,#3731,.F.);
#5208=ORIENTED_EDGE('',*,*,#4054,.T.);
#5209=ORIENTED_EDGE('',*,*,#4055,.T.);
#5210=ORIENTED_EDGE('',*,*,#4052,.F.);
#5211=ORIENTED_EDGE('',*,*,#3730,.F.);
#5212=ORIENTED_EDGE('',*,*,#4051,.T.);
#5213=ORIENTED_EDGE('',*,*,#4056,.T.);
#5214=ORIENTED_EDGE('',*,*,#4054,.F.);
#5215=ORIENTED_EDGE('',*,*,#4056,.F.);
#5216=ORIENTED_EDGE('',*,*,#4050,.F.);
#5217=ORIENTED_EDGE('',*,*,#4053,.F.);
#5218=ORIENTED_EDGE('',*,*,#4055,.F.);
#5219=ORIENTED_EDGE('',*,*,#3733,.F.);
#5220=ORIENTED_EDGE('',*,*,#4057,.T.);
#5221=ORIENTED_EDGE('',*,*,#4058,.T.);
#5222=ORIENTED_EDGE('',*,*,#4059,.F.);
#5223=ORIENTED_EDGE('',*,*,#3736,.F.);
#5224=ORIENTED_EDGE('',*,*,#4060,.T.);
#5225=ORIENTED_EDGE('',*,*,#4061,.T.);
#5226=ORIENTED_EDGE('',*,*,#4057,.F.);
#5227=ORIENTED_EDGE('',*,*,#3735,.F.);
#5228=ORIENTED_EDGE('',*,*,#4062,.T.);
#5229=ORIENTED_EDGE('',*,*,#4063,.T.);
#5230=ORIENTED_EDGE('',*,*,#4060,.F.);
#5231=ORIENTED_EDGE('',*,*,#3734,.F.);
#5232=ORIENTED_EDGE('',*,*,#4059,.T.);
#5233=ORIENTED_EDGE('',*,*,#4064,.T.);
#5234=ORIENTED_EDGE('',*,*,#4062,.F.);
#5235=ORIENTED_EDGE('',*,*,#4064,.F.);
#5236=ORIENTED_EDGE('',*,*,#4058,.F.);
#5237=ORIENTED_EDGE('',*,*,#4061,.F.);
#5238=ORIENTED_EDGE('',*,*,#4063,.F.);
#5239=ORIENTED_EDGE('',*,*,#3737,.F.);
#5240=ORIENTED_EDGE('',*,*,#4065,.T.);
#5241=ORIENTED_EDGE('',*,*,#4066,.T.);
#5242=ORIENTED_EDGE('',*,*,#4067,.F.);
#5243=ORIENTED_EDGE('',*,*,#3740,.F.);
#5244=ORIENTED_EDGE('',*,*,#4068,.T.);
#5245=ORIENTED_EDGE('',*,*,#4069,.T.);
#5246=ORIENTED_EDGE('',*,*,#4065,.F.);
#5247=ORIENTED_EDGE('',*,*,#3739,.F.);
#5248=ORIENTED_EDGE('',*,*,#4070,.T.);
#5249=ORIENTED_EDGE('',*,*,#4071,.T.);
#5250=ORIENTED_EDGE('',*,*,#4068,.F.);
#5251=ORIENTED_EDGE('',*,*,#3738,.F.);
#5252=ORIENTED_EDGE('',*,*,#4067,.T.);
#5253=ORIENTED_EDGE('',*,*,#4072,.T.);
#5254=ORIENTED_EDGE('',*,*,#4070,.F.);
#5255=ORIENTED_EDGE('',*,*,#4072,.F.);
#5256=ORIENTED_EDGE('',*,*,#4066,.F.);
#5257=ORIENTED_EDGE('',*,*,#4069,.F.);
#5258=ORIENTED_EDGE('',*,*,#4071,.F.);
#5259=ORIENTED_EDGE('',*,*,#3741,.F.);
#5260=ORIENTED_EDGE('',*,*,#4073,.T.);
#5261=ORIENTED_EDGE('',*,*,#4074,.T.);
#5262=ORIENTED_EDGE('',*,*,#4075,.F.);
#5263=ORIENTED_EDGE('',*,*,#3744,.F.);
#5264=ORIENTED_EDGE('',*,*,#4076,.T.);
#5265=ORIENTED_EDGE('',*,*,#4077,.T.);
#5266=ORIENTED_EDGE('',*,*,#4073,.F.);
#5267=ORIENTED_EDGE('',*,*,#3743,.F.);
#5268=ORIENTED_EDGE('',*,*,#4078,.T.);
#5269=ORIENTED_EDGE('',*,*,#4079,.T.);
#5270=ORIENTED_EDGE('',*,*,#4076,.F.);
#5271=ORIENTED_EDGE('',*,*,#3742,.F.);
#5272=ORIENTED_EDGE('',*,*,#4075,.T.);
#5273=ORIENTED_EDGE('',*,*,#4080,.T.);
#5274=ORIENTED_EDGE('',*,*,#4078,.F.);
#5275=ORIENTED_EDGE('',*,*,#4080,.F.);
#5276=ORIENTED_EDGE('',*,*,#4074,.F.);
#5277=ORIENTED_EDGE('',*,*,#4077,.F.);
#5278=ORIENTED_EDGE('',*,*,#4079,.F.);
#5279=ORIENTED_EDGE('',*,*,#3745,.F.);
#5280=ORIENTED_EDGE('',*,*,#4081,.T.);
#5281=ORIENTED_EDGE('',*,*,#4082,.T.);
#5282=ORIENTED_EDGE('',*,*,#4083,.F.);
#5283=ORIENTED_EDGE('',*,*,#3748,.F.);
#5284=ORIENTED_EDGE('',*,*,#4084,.T.);
#5285=ORIENTED_EDGE('',*,*,#4085,.T.);
#5286=ORIENTED_EDGE('',*,*,#4081,.F.);
#5287=ORIENTED_EDGE('',*,*,#3747,.F.);
#5288=ORIENTED_EDGE('',*,*,#4086,.T.);
#5289=ORIENTED_EDGE('',*,*,#4087,.T.);
#5290=ORIENTED_EDGE('',*,*,#4084,.F.);
#5291=ORIENTED_EDGE('',*,*,#3746,.F.);
#5292=ORIENTED_EDGE('',*,*,#4083,.T.);
#5293=ORIENTED_EDGE('',*,*,#4088,.T.);
#5294=ORIENTED_EDGE('',*,*,#4086,.F.);
#5295=ORIENTED_EDGE('',*,*,#4088,.F.);
#5296=ORIENTED_EDGE('',*,*,#4082,.F.);
#5297=ORIENTED_EDGE('',*,*,#4085,.F.);
#5298=ORIENTED_EDGE('',*,*,#4087,.F.);
#5299=ORIENTED_EDGE('',*,*,#4089,.F.);
#5300=ORIENTED_EDGE('',*,*,#4090,.T.);
#5301=ORIENTED_EDGE('',*,*,#4091,.F.);
#5302=ORIENTED_EDGE('',*,*,#4092,.F.);
#5303=ORIENTED_EDGE('',*,*,#4093,.F.);
#5304=ORIENTED_EDGE('',*,*,#4092,.T.);
#5305=ORIENTED_EDGE('',*,*,#4094,.F.);
#5306=ORIENTED_EDGE('',*,*,#4095,.F.);
#5307=ORIENTED_EDGE('',*,*,#4096,.F.);
#5308=ORIENTED_EDGE('',*,*,#4095,.T.);
#5309=ORIENTED_EDGE('',*,*,#4097,.F.);
#5310=ORIENTED_EDGE('',*,*,#4098,.F.);
#5311=ORIENTED_EDGE('',*,*,#4099,.F.);
#5312=ORIENTED_EDGE('',*,*,#4098,.T.);
#5313=ORIENTED_EDGE('',*,*,#4100,.F.);
#5314=ORIENTED_EDGE('',*,*,#4090,.F.);
#5315=ORIENTED_EDGE('',*,*,#4101,.F.);
#5316=ORIENTED_EDGE('',*,*,#4102,.T.);
#5317=ORIENTED_EDGE('',*,*,#4103,.F.);
#5318=ORIENTED_EDGE('',*,*,#4104,.F.);
#5319=ORIENTED_EDGE('',*,*,#4105,.F.);
#5320=ORIENTED_EDGE('',*,*,#4104,.T.);
#5321=ORIENTED_EDGE('',*,*,#4106,.F.);
#5322=ORIENTED_EDGE('',*,*,#4107,.F.);
#5323=ORIENTED_EDGE('',*,*,#4108,.F.);
#5324=ORIENTED_EDGE('',*,*,#4107,.T.);
#5325=ORIENTED_EDGE('',*,*,#4109,.F.);
#5326=ORIENTED_EDGE('',*,*,#4110,.F.);
#5327=ORIENTED_EDGE('',*,*,#4111,.F.);
#5328=ORIENTED_EDGE('',*,*,#4110,.T.);
#5329=ORIENTED_EDGE('',*,*,#4112,.F.);
#5330=ORIENTED_EDGE('',*,*,#4102,.F.);
#5331=ORIENTED_EDGE('',*,*,#4113,.F.);
#5332=ORIENTED_EDGE('',*,*,#4114,.T.);
#5333=ORIENTED_EDGE('',*,*,#4115,.F.);
#5334=ORIENTED_EDGE('',*,*,#4116,.F.);
#5335=ORIENTED_EDGE('',*,*,#4117,.F.);
#5336=ORIENTED_EDGE('',*,*,#4116,.T.);
#5337=ORIENTED_EDGE('',*,*,#4118,.F.);
#5338=ORIENTED_EDGE('',*,*,#4119,.F.);
#5339=ORIENTED_EDGE('',*,*,#4120,.F.);
#5340=ORIENTED_EDGE('',*,*,#4119,.T.);
#5341=ORIENTED_EDGE('',*,*,#4121,.F.);
#5342=ORIENTED_EDGE('',*,*,#4122,.F.);
#5343=ORIENTED_EDGE('',*,*,#4123,.F.);
#5344=ORIENTED_EDGE('',*,*,#4122,.T.);
#5345=ORIENTED_EDGE('',*,*,#4124,.F.);
#5346=ORIENTED_EDGE('',*,*,#4125,.F.);
#5347=ORIENTED_EDGE('',*,*,#4126,.F.);
#5348=ORIENTED_EDGE('',*,*,#4125,.T.);
#5349=ORIENTED_EDGE('',*,*,#4127,.F.);
#5350=ORIENTED_EDGE('',*,*,#4114,.F.);
#5351=ORIENTED_EDGE('',*,*,#4128,.F.);
#5352=ORIENTED_EDGE('',*,*,#4129,.T.);
#5353=ORIENTED_EDGE('',*,*,#4130,.F.);
#5354=ORIENTED_EDGE('',*,*,#4131,.F.);
#5355=ORIENTED_EDGE('',*,*,#4132,.F.);
#5356=ORIENTED_EDGE('',*,*,#4131,.T.);
#5357=ORIENTED_EDGE('',*,*,#4133,.F.);
#5358=ORIENTED_EDGE('',*,*,#4134,.F.);
#5359=ORIENTED_EDGE('',*,*,#4135,.F.);
#5360=ORIENTED_EDGE('',*,*,#4134,.T.);
#5361=ORIENTED_EDGE('',*,*,#4136,.F.);
#5362=ORIENTED_EDGE('',*,*,#4137,.F.);
#5363=ORIENTED_EDGE('',*,*,#4138,.F.);
#5364=ORIENTED_EDGE('',*,*,#4137,.T.);
#5365=ORIENTED_EDGE('',*,*,#4139,.F.);
#5366=ORIENTED_EDGE('',*,*,#4140,.F.);
#5367=ORIENTED_EDGE('',*,*,#4141,.F.);
#5368=ORIENTED_EDGE('',*,*,#4140,.T.);
#5369=ORIENTED_EDGE('',*,*,#4142,.F.);
#5370=ORIENTED_EDGE('',*,*,#4129,.F.);
#5371=ORIENTED_EDGE('',*,*,#4143,.F.);
#5372=ORIENTED_EDGE('',*,*,#4144,.T.);
#5373=ORIENTED_EDGE('',*,*,#4145,.F.);
#5374=ORIENTED_EDGE('',*,*,#4146,.F.);
#5375=ORIENTED_EDGE('',*,*,#4147,.F.);
#5376=ORIENTED_EDGE('',*,*,#4146,.T.);
#5377=ORIENTED_EDGE('',*,*,#4148,.F.);
#5378=ORIENTED_EDGE('',*,*,#4149,.F.);
#5379=ORIENTED_EDGE('',*,*,#4150,.F.);
#5380=ORIENTED_EDGE('',*,*,#4149,.T.);
#5381=ORIENTED_EDGE('',*,*,#4151,.F.);
#5382=ORIENTED_EDGE('',*,*,#4152,.F.);
#5383=ORIENTED_EDGE('',*,*,#4153,.F.);
#5384=ORIENTED_EDGE('',*,*,#4152,.T.);
#5385=ORIENTED_EDGE('',*,*,#4154,.F.);
#5386=ORIENTED_EDGE('',*,*,#4144,.F.);
#5387=ORIENTED_EDGE('',*,*,#4155,.F.);
#5388=ORIENTED_EDGE('',*,*,#4156,.T.);
#5389=ORIENTED_EDGE('',*,*,#4157,.F.);
#5390=ORIENTED_EDGE('',*,*,#4158,.F.);
#5391=ORIENTED_EDGE('',*,*,#4159,.F.);
#5392=ORIENTED_EDGE('',*,*,#4158,.T.);
#5393=ORIENTED_EDGE('',*,*,#4160,.F.);
#5394=ORIENTED_EDGE('',*,*,#4161,.F.);
#5395=ORIENTED_EDGE('',*,*,#4162,.F.);
#5396=ORIENTED_EDGE('',*,*,#4161,.T.);
#5397=ORIENTED_EDGE('',*,*,#4163,.F.);
#5398=ORIENTED_EDGE('',*,*,#4164,.F.);
#5399=ORIENTED_EDGE('',*,*,#4165,.F.);
#5400=ORIENTED_EDGE('',*,*,#4164,.T.);
#5401=ORIENTED_EDGE('',*,*,#4166,.F.);
#5402=ORIENTED_EDGE('',*,*,#4156,.F.);
#5403=ORIENTED_EDGE('',*,*,#4167,.F.);
#5404=ORIENTED_EDGE('',*,*,#4168,.T.);
#5405=ORIENTED_EDGE('',*,*,#4169,.F.);
#5406=ORIENTED_EDGE('',*,*,#4170,.F.);
#5407=ORIENTED_EDGE('',*,*,#4171,.F.);
#5408=ORIENTED_EDGE('',*,*,#4170,.T.);
#5409=ORIENTED_EDGE('',*,*,#4172,.F.);
#5410=ORIENTED_EDGE('',*,*,#4173,.F.);
#5411=ORIENTED_EDGE('',*,*,#4174,.F.);
#5412=ORIENTED_EDGE('',*,*,#4173,.T.);
#5413=ORIENTED_EDGE('',*,*,#4175,.F.);
#5414=ORIENTED_EDGE('',*,*,#4176,.F.);
#5415=ORIENTED_EDGE('',*,*,#4177,.F.);
#5416=ORIENTED_EDGE('',*,*,#4176,.T.);
#5417=ORIENTED_EDGE('',*,*,#4178,.F.);
#5418=ORIENTED_EDGE('',*,*,#4168,.F.);
#5419=ORIENTED_EDGE('',*,*,#4179,.F.);
#5420=ORIENTED_EDGE('',*,*,#4180,.T.);
#5421=ORIENTED_EDGE('',*,*,#4181,.F.);
#5422=ORIENTED_EDGE('',*,*,#4182,.F.);
#5423=ORIENTED_EDGE('',*,*,#4183,.F.);
#5424=ORIENTED_EDGE('',*,*,#4182,.T.);
#5425=ORIENTED_EDGE('',*,*,#4184,.F.);
#5426=ORIENTED_EDGE('',*,*,#4185,.F.);
#5427=ORIENTED_EDGE('',*,*,#4186,.F.);
#5428=ORIENTED_EDGE('',*,*,#4185,.T.);
#5429=ORIENTED_EDGE('',*,*,#4187,.F.);
#5430=ORIENTED_EDGE('',*,*,#4188,.F.);
#5431=ORIENTED_EDGE('',*,*,#4189,.F.);
#5432=ORIENTED_EDGE('',*,*,#4188,.T.);
#5433=ORIENTED_EDGE('',*,*,#4190,.F.);
#5434=ORIENTED_EDGE('',*,*,#4180,.F.);
#5435=ORIENTED_EDGE('',*,*,#4191,.F.);
#5436=ORIENTED_EDGE('',*,*,#4192,.T.);
#5437=ORIENTED_EDGE('',*,*,#4193,.F.);
#5438=ORIENTED_EDGE('',*,*,#4194,.F.);
#5439=ORIENTED_EDGE('',*,*,#4195,.F.);
#5440=ORIENTED_EDGE('',*,*,#4194,.T.);
#5441=ORIENTED_EDGE('',*,*,#4196,.F.);
#5442=ORIENTED_EDGE('',*,*,#4197,.F.);
#5443=ORIENTED_EDGE('',*,*,#4198,.F.);
#5444=ORIENTED_EDGE('',*,*,#4197,.T.);
#5445=ORIENTED_EDGE('',*,*,#4199,.F.);
#5446=ORIENTED_EDGE('',*,*,#4200,.F.);
#5447=ORIENTED_EDGE('',*,*,#4201,.F.);
#5448=ORIENTED_EDGE('',*,*,#4200,.T.);
#5449=ORIENTED_EDGE('',*,*,#4202,.F.);
#5450=ORIENTED_EDGE('',*,*,#4192,.F.);
#5451=ORIENTED_EDGE('',*,*,#3818,.F.);
#5452=ORIENTED_EDGE('',*,*,#4203,.T.);
#5453=ORIENTED_EDGE('',*,*,#4204,.F.);
#5454=ORIENTED_EDGE('',*,*,#4205,.F.);
#5455=ORIENTED_EDGE('',*,*,#3819,.F.);
#5456=ORIENTED_EDGE('',*,*,#4205,.T.);
#5457=ORIENTED_EDGE('',*,*,#4206,.F.);
#5458=ORIENTED_EDGE('',*,*,#4207,.F.);
#5459=ORIENTED_EDGE('',*,*,#3820,.F.);
#5460=ORIENTED_EDGE('',*,*,#4207,.T.);
#5461=ORIENTED_EDGE('',*,*,#4208,.F.);
#5462=ORIENTED_EDGE('',*,*,#4209,.F.);
#5463=ORIENTED_EDGE('',*,*,#3821,.F.);
#5464=ORIENTED_EDGE('',*,*,#4209,.T.);
#5465=ORIENTED_EDGE('',*,*,#4210,.F.);
#5466=ORIENTED_EDGE('',*,*,#4211,.F.);
#5467=ORIENTED_EDGE('',*,*,#3822,.F.);
#5468=ORIENTED_EDGE('',*,*,#4211,.T.);
#5469=ORIENTED_EDGE('',*,*,#4212,.F.);
#5470=ORIENTED_EDGE('',*,*,#4213,.F.);
#5471=ORIENTED_EDGE('',*,*,#3823,.F.);
#5472=ORIENTED_EDGE('',*,*,#4213,.T.);
#5473=ORIENTED_EDGE('',*,*,#4214,.F.);
#5474=ORIENTED_EDGE('',*,*,#4215,.F.);
#5475=ORIENTED_EDGE('',*,*,#3824,.F.);
#5476=ORIENTED_EDGE('',*,*,#4215,.T.);
#5477=ORIENTED_EDGE('',*,*,#4216,.F.);
#5478=ORIENTED_EDGE('',*,*,#4217,.F.);
#5479=ORIENTED_EDGE('',*,*,#3825,.F.);
#5480=ORIENTED_EDGE('',*,*,#4217,.T.);
#5481=ORIENTED_EDGE('',*,*,#4218,.F.);
#5482=ORIENTED_EDGE('',*,*,#4219,.F.);
#5483=ORIENTED_EDGE('',*,*,#3826,.F.);
#5484=ORIENTED_EDGE('',*,*,#4219,.T.);
#5485=ORIENTED_EDGE('',*,*,#4220,.F.);
#5486=ORIENTED_EDGE('',*,*,#4221,.F.);
#5487=ORIENTED_EDGE('',*,*,#3827,.F.);
#5488=ORIENTED_EDGE('',*,*,#4221,.T.);
#5489=ORIENTED_EDGE('',*,*,#4222,.F.);
#5490=ORIENTED_EDGE('',*,*,#4223,.F.);
#5491=ORIENTED_EDGE('',*,*,#3828,.F.);
#5492=ORIENTED_EDGE('',*,*,#4223,.T.);
#5493=ORIENTED_EDGE('',*,*,#4224,.F.);
#5494=ORIENTED_EDGE('',*,*,#4225,.F.);
#5495=ORIENTED_EDGE('',*,*,#3829,.F.);
#5496=ORIENTED_EDGE('',*,*,#4225,.T.);
#5497=ORIENTED_EDGE('',*,*,#4226,.F.);
#5498=ORIENTED_EDGE('',*,*,#4227,.F.);
#5499=ORIENTED_EDGE('',*,*,#3830,.F.);
#5500=ORIENTED_EDGE('',*,*,#4227,.T.);
#5501=ORIENTED_EDGE('',*,*,#4228,.F.);
#5502=ORIENTED_EDGE('',*,*,#4229,.F.);
#5503=ORIENTED_EDGE('',*,*,#3831,.F.);
#5504=ORIENTED_EDGE('',*,*,#4229,.T.);
#5505=ORIENTED_EDGE('',*,*,#4230,.F.);
#5506=ORIENTED_EDGE('',*,*,#4231,.F.);
#5507=ORIENTED_EDGE('',*,*,#3832,.F.);
#5508=ORIENTED_EDGE('',*,*,#4231,.T.);
#5509=ORIENTED_EDGE('',*,*,#4232,.F.);
#5510=ORIENTED_EDGE('',*,*,#4233,.F.);
#5511=ORIENTED_EDGE('',*,*,#3833,.F.);
#5512=ORIENTED_EDGE('',*,*,#4233,.T.);
#5513=ORIENTED_EDGE('',*,*,#4234,.F.);
#5514=ORIENTED_EDGE('',*,*,#4235,.F.);
#5515=ORIENTED_EDGE('',*,*,#3834,.F.);
#5516=ORIENTED_EDGE('',*,*,#4235,.T.);
#5517=ORIENTED_EDGE('',*,*,#4236,.F.);
#5518=ORIENTED_EDGE('',*,*,#4237,.F.);
#5519=ORIENTED_EDGE('',*,*,#3835,.F.);
#5520=ORIENTED_EDGE('',*,*,#4237,.T.);
#5521=ORIENTED_EDGE('',*,*,#4238,.F.);
#5522=ORIENTED_EDGE('',*,*,#4239,.F.);
#5523=ORIENTED_EDGE('',*,*,#3836,.F.);
#5524=ORIENTED_EDGE('',*,*,#4239,.T.);
#5525=ORIENTED_EDGE('',*,*,#4240,.F.);
#5526=ORIENTED_EDGE('',*,*,#4241,.F.);
#5527=ORIENTED_EDGE('',*,*,#3837,.F.);
#5528=ORIENTED_EDGE('',*,*,#4241,.T.);
#5529=ORIENTED_EDGE('',*,*,#4242,.F.);
#5530=ORIENTED_EDGE('',*,*,#4243,.F.);
#5531=ORIENTED_EDGE('',*,*,#3838,.F.);
#5532=ORIENTED_EDGE('',*,*,#4243,.T.);
#5533=ORIENTED_EDGE('',*,*,#4244,.F.);
#5534=ORIENTED_EDGE('',*,*,#4245,.F.);
#5535=ORIENTED_EDGE('',*,*,#3839,.F.);
#5536=ORIENTED_EDGE('',*,*,#4245,.T.);
#5537=ORIENTED_EDGE('',*,*,#4246,.F.);
#5538=ORIENTED_EDGE('',*,*,#4247,.F.);
#5539=ORIENTED_EDGE('',*,*,#3840,.F.);
#5540=ORIENTED_EDGE('',*,*,#4247,.T.);
#5541=ORIENTED_EDGE('',*,*,#4248,.F.);
#5542=ORIENTED_EDGE('',*,*,#4249,.F.);
#5543=ORIENTED_EDGE('',*,*,#3841,.F.);
#5544=ORIENTED_EDGE('',*,*,#4249,.T.);
#5545=ORIENTED_EDGE('',*,*,#4250,.F.);
#5546=ORIENTED_EDGE('',*,*,#4251,.F.);
#5547=ORIENTED_EDGE('',*,*,#3842,.F.);
#5548=ORIENTED_EDGE('',*,*,#4251,.T.);
#5549=ORIENTED_EDGE('',*,*,#4252,.F.);
#5550=ORIENTED_EDGE('',*,*,#4253,.F.);
#5551=ORIENTED_EDGE('',*,*,#3843,.F.);
#5552=ORIENTED_EDGE('',*,*,#4253,.T.);
#5553=ORIENTED_EDGE('',*,*,#4254,.F.);
#5554=ORIENTED_EDGE('',*,*,#4255,.F.);
#5555=ORIENTED_EDGE('',*,*,#3844,.F.);
#5556=ORIENTED_EDGE('',*,*,#4255,.T.);
#5557=ORIENTED_EDGE('',*,*,#4256,.F.);
#5558=ORIENTED_EDGE('',*,*,#4257,.F.);
#5559=ORIENTED_EDGE('',*,*,#3845,.F.);
#5560=ORIENTED_EDGE('',*,*,#4257,.T.);
#5561=ORIENTED_EDGE('',*,*,#4258,.F.);
#5562=ORIENTED_EDGE('',*,*,#4259,.F.);
#5563=ORIENTED_EDGE('',*,*,#3846,.F.);
#5564=ORIENTED_EDGE('',*,*,#4259,.T.);
#5565=ORIENTED_EDGE('',*,*,#4260,.F.);
#5566=ORIENTED_EDGE('',*,*,#4261,.F.);
#5567=ORIENTED_EDGE('',*,*,#3847,.F.);
#5568=ORIENTED_EDGE('',*,*,#4261,.T.);
#5569=ORIENTED_EDGE('',*,*,#4262,.F.);
#5570=ORIENTED_EDGE('',*,*,#4263,.F.);
#5571=ORIENTED_EDGE('',*,*,#3848,.F.);
#5572=ORIENTED_EDGE('',*,*,#4263,.T.);
#5573=ORIENTED_EDGE('',*,*,#4264,.F.);
#5574=ORIENTED_EDGE('',*,*,#4265,.F.);
#5575=ORIENTED_EDGE('',*,*,#3849,.F.);
#5576=ORIENTED_EDGE('',*,*,#4265,.T.);
#5577=ORIENTED_EDGE('',*,*,#4266,.F.);
#5578=ORIENTED_EDGE('',*,*,#4267,.F.);
#5579=ORIENTED_EDGE('',*,*,#3850,.F.);
#5580=ORIENTED_EDGE('',*,*,#4267,.T.);
#5581=ORIENTED_EDGE('',*,*,#4268,.F.);
#5582=ORIENTED_EDGE('',*,*,#4269,.F.);
#5583=ORIENTED_EDGE('',*,*,#3851,.F.);
#5584=ORIENTED_EDGE('',*,*,#4269,.T.);
#5585=ORIENTED_EDGE('',*,*,#4270,.F.);
#5586=ORIENTED_EDGE('',*,*,#4271,.F.);
#5587=ORIENTED_EDGE('',*,*,#3852,.F.);
#5588=ORIENTED_EDGE('',*,*,#4271,.T.);
#5589=ORIENTED_EDGE('',*,*,#4272,.F.);
#5590=ORIENTED_EDGE('',*,*,#4273,.F.);
#5591=ORIENTED_EDGE('',*,*,#3853,.F.);
#5592=ORIENTED_EDGE('',*,*,#4273,.T.);
#5593=ORIENTED_EDGE('',*,*,#4274,.F.);
#5594=ORIENTED_EDGE('',*,*,#4275,.F.);
#5595=ORIENTED_EDGE('',*,*,#3854,.F.);
#5596=ORIENTED_EDGE('',*,*,#4275,.T.);
#5597=ORIENTED_EDGE('',*,*,#4276,.F.);
#5598=ORIENTED_EDGE('',*,*,#4277,.F.);
#5599=ORIENTED_EDGE('',*,*,#3855,.F.);
#5600=ORIENTED_EDGE('',*,*,#4277,.T.);
#5601=ORIENTED_EDGE('',*,*,#4278,.F.);
#5602=ORIENTED_EDGE('',*,*,#4279,.F.);
#5603=ORIENTED_EDGE('',*,*,#3856,.F.);
#5604=ORIENTED_EDGE('',*,*,#4279,.T.);
#5605=ORIENTED_EDGE('',*,*,#4280,.F.);
#5606=ORIENTED_EDGE('',*,*,#4281,.F.);
#5607=ORIENTED_EDGE('',*,*,#3857,.F.);
#5608=ORIENTED_EDGE('',*,*,#4281,.T.);
#5609=ORIENTED_EDGE('',*,*,#4282,.F.);
#5610=ORIENTED_EDGE('',*,*,#4283,.F.);
#5611=ORIENTED_EDGE('',*,*,#3858,.F.);
#5612=ORIENTED_EDGE('',*,*,#4283,.T.);
#5613=ORIENTED_EDGE('',*,*,#4284,.F.);
#5614=ORIENTED_EDGE('',*,*,#4285,.F.);
#5615=ORIENTED_EDGE('',*,*,#3859,.F.);
#5616=ORIENTED_EDGE('',*,*,#4285,.T.);
#5617=ORIENTED_EDGE('',*,*,#4286,.F.);
#5618=ORIENTED_EDGE('',*,*,#4287,.F.);
#5619=ORIENTED_EDGE('',*,*,#3860,.F.);
#5620=ORIENTED_EDGE('',*,*,#4287,.T.);
#5621=ORIENTED_EDGE('',*,*,#4288,.F.);
#5622=ORIENTED_EDGE('',*,*,#4289,.F.);
#5623=ORIENTED_EDGE('',*,*,#3861,.F.);
#5624=ORIENTED_EDGE('',*,*,#4289,.T.);
#5625=ORIENTED_EDGE('',*,*,#4290,.F.);
#5626=ORIENTED_EDGE('',*,*,#4291,.F.);
#5627=ORIENTED_EDGE('',*,*,#3862,.F.);
#5628=ORIENTED_EDGE('',*,*,#4291,.T.);
#5629=ORIENTED_EDGE('',*,*,#4292,.F.);
#5630=ORIENTED_EDGE('',*,*,#4293,.F.);
#5631=ORIENTED_EDGE('',*,*,#3863,.F.);
#5632=ORIENTED_EDGE('',*,*,#4293,.T.);
#5633=ORIENTED_EDGE('',*,*,#4294,.F.);
#5634=ORIENTED_EDGE('',*,*,#4295,.F.);
#5635=ORIENTED_EDGE('',*,*,#3864,.F.);
#5636=ORIENTED_EDGE('',*,*,#4295,.T.);
#5637=ORIENTED_EDGE('',*,*,#4296,.F.);
#5638=ORIENTED_EDGE('',*,*,#4297,.F.);
#5639=ORIENTED_EDGE('',*,*,#3865,.F.);
#5640=ORIENTED_EDGE('',*,*,#4297,.T.);
#5641=ORIENTED_EDGE('',*,*,#4298,.F.);
#5642=ORIENTED_EDGE('',*,*,#4299,.F.);
#5643=ORIENTED_EDGE('',*,*,#3866,.F.);
#5644=ORIENTED_EDGE('',*,*,#4299,.T.);
#5645=ORIENTED_EDGE('',*,*,#4300,.F.);
#5646=ORIENTED_EDGE('',*,*,#4301,.F.);
#5647=ORIENTED_EDGE('',*,*,#3867,.F.);
#5648=ORIENTED_EDGE('',*,*,#4301,.T.);
#5649=ORIENTED_EDGE('',*,*,#4302,.F.);
#5650=ORIENTED_EDGE('',*,*,#4303,.F.);
#5651=ORIENTED_EDGE('',*,*,#3868,.F.);
#5652=ORIENTED_EDGE('',*,*,#4303,.T.);
#5653=ORIENTED_EDGE('',*,*,#4304,.F.);
#5654=ORIENTED_EDGE('',*,*,#4305,.F.);
#5655=ORIENTED_EDGE('',*,*,#3869,.F.);
#5656=ORIENTED_EDGE('',*,*,#4305,.T.);
#5657=ORIENTED_EDGE('',*,*,#4306,.F.);
#5658=ORIENTED_EDGE('',*,*,#4307,.F.);
#5659=ORIENTED_EDGE('',*,*,#3870,.F.);
#5660=ORIENTED_EDGE('',*,*,#4307,.T.);
#5661=ORIENTED_EDGE('',*,*,#4308,.F.);
#5662=ORIENTED_EDGE('',*,*,#4309,.F.);
#5663=ORIENTED_EDGE('',*,*,#3871,.F.);
#5664=ORIENTED_EDGE('',*,*,#4309,.T.);
#5665=ORIENTED_EDGE('',*,*,#4310,.F.);
#5666=ORIENTED_EDGE('',*,*,#4311,.F.);
#5667=ORIENTED_EDGE('',*,*,#3872,.F.);
#5668=ORIENTED_EDGE('',*,*,#4311,.T.);
#5669=ORIENTED_EDGE('',*,*,#4312,.F.);
#5670=ORIENTED_EDGE('',*,*,#4313,.F.);
#5671=ORIENTED_EDGE('',*,*,#3873,.F.);
#5672=ORIENTED_EDGE('',*,*,#4313,.T.);
#5673=ORIENTED_EDGE('',*,*,#4314,.F.);
#5674=ORIENTED_EDGE('',*,*,#4315,.F.);
#5675=ORIENTED_EDGE('',*,*,#3874,.F.);
#5676=ORIENTED_EDGE('',*,*,#4315,.T.);
#5677=ORIENTED_EDGE('',*,*,#4316,.F.);
#5678=ORIENTED_EDGE('',*,*,#4317,.F.);
#5679=ORIENTED_EDGE('',*,*,#3875,.F.);
#5680=ORIENTED_EDGE('',*,*,#4317,.T.);
#5681=ORIENTED_EDGE('',*,*,#4318,.F.);
#5682=ORIENTED_EDGE('',*,*,#4319,.F.);
#5683=ORIENTED_EDGE('',*,*,#3876,.F.);
#5684=ORIENTED_EDGE('',*,*,#4319,.T.);
#5685=ORIENTED_EDGE('',*,*,#4320,.F.);
#5686=ORIENTED_EDGE('',*,*,#4321,.F.);
#5687=ORIENTED_EDGE('',*,*,#3877,.F.);
#5688=ORIENTED_EDGE('',*,*,#4321,.T.);
#5689=ORIENTED_EDGE('',*,*,#4322,.F.);
#5690=ORIENTED_EDGE('',*,*,#4323,.F.);
#5691=ORIENTED_EDGE('',*,*,#3878,.F.);
#5692=ORIENTED_EDGE('',*,*,#4323,.T.);
#5693=ORIENTED_EDGE('',*,*,#4324,.F.);
#5694=ORIENTED_EDGE('',*,*,#4325,.F.);
#5695=ORIENTED_EDGE('',*,*,#3879,.F.);
#5696=ORIENTED_EDGE('',*,*,#4325,.T.);
#5697=ORIENTED_EDGE('',*,*,#4326,.F.);
#5698=ORIENTED_EDGE('',*,*,#4327,.F.);
#5699=ORIENTED_EDGE('',*,*,#3880,.F.);
#5700=ORIENTED_EDGE('',*,*,#4327,.T.);
#5701=ORIENTED_EDGE('',*,*,#4328,.F.);
#5702=ORIENTED_EDGE('',*,*,#4203,.F.);
#5703=ORIENTED_EDGE('',*,*,#4328,.T.);
#5704=ORIENTED_EDGE('',*,*,#4326,.T.);
#5705=ORIENTED_EDGE('',*,*,#4324,.T.);
#5706=ORIENTED_EDGE('',*,*,#4322,.T.);
#5707=ORIENTED_EDGE('',*,*,#4320,.T.);
#5708=ORIENTED_EDGE('',*,*,#4318,.T.);
#5709=ORIENTED_EDGE('',*,*,#4316,.T.);
#5710=ORIENTED_EDGE('',*,*,#4314,.T.);
#5711=ORIENTED_EDGE('',*,*,#4312,.T.);
#5712=ORIENTED_EDGE('',*,*,#4310,.T.);
#5713=ORIENTED_EDGE('',*,*,#4308,.T.);
#5714=ORIENTED_EDGE('',*,*,#4306,.T.);
#5715=ORIENTED_EDGE('',*,*,#4304,.T.);
#5716=ORIENTED_EDGE('',*,*,#4302,.T.);
#5717=ORIENTED_EDGE('',*,*,#4300,.T.);
#5718=ORIENTED_EDGE('',*,*,#4298,.T.);
#5719=ORIENTED_EDGE('',*,*,#4296,.T.);
#5720=ORIENTED_EDGE('',*,*,#4294,.T.);
#5721=ORIENTED_EDGE('',*,*,#4292,.T.);
#5722=ORIENTED_EDGE('',*,*,#4290,.T.);
#5723=ORIENTED_EDGE('',*,*,#4288,.T.);
#5724=ORIENTED_EDGE('',*,*,#4286,.T.);
#5725=ORIENTED_EDGE('',*,*,#4284,.T.);
#5726=ORIENTED_EDGE('',*,*,#4282,.T.);
#5727=ORIENTED_EDGE('',*,*,#4280,.T.);
#5728=ORIENTED_EDGE('',*,*,#4278,.T.);
#5729=ORIENTED_EDGE('',*,*,#4276,.T.);
#5730=ORIENTED_EDGE('',*,*,#4274,.T.);
#5731=ORIENTED_EDGE('',*,*,#4272,.T.);
#5732=ORIENTED_EDGE('',*,*,#4270,.T.);
#5733=ORIENTED_EDGE('',*,*,#4268,.T.);
#5734=ORIENTED_EDGE('',*,*,#4266,.T.);
#5735=ORIENTED_EDGE('',*,*,#4264,.T.);
#5736=ORIENTED_EDGE('',*,*,#4262,.T.);
#5737=ORIENTED_EDGE('',*,*,#4260,.T.);
#5738=ORIENTED_EDGE('',*,*,#4258,.T.);
#5739=ORIENTED_EDGE('',*,*,#4256,.T.);
#5740=ORIENTED_EDGE('',*,*,#4254,.T.);
#5741=ORIENTED_EDGE('',*,*,#4252,.T.);
#5742=ORIENTED_EDGE('',*,*,#4250,.T.);
#5743=ORIENTED_EDGE('',*,*,#4248,.T.);
#5744=ORIENTED_EDGE('',*,*,#4246,.T.);
#5745=ORIENTED_EDGE('',*,*,#4244,.T.);
#5746=ORIENTED_EDGE('',*,*,#4242,.T.);
#5747=ORIENTED_EDGE('',*,*,#4240,.T.);
#5748=ORIENTED_EDGE('',*,*,#4238,.T.);
#5749=ORIENTED_EDGE('',*,*,#4236,.T.);
#5750=ORIENTED_EDGE('',*,*,#4234,.T.);
#5751=ORIENTED_EDGE('',*,*,#4232,.T.);
#5752=ORIENTED_EDGE('',*,*,#4230,.T.);
#5753=ORIENTED_EDGE('',*,*,#4228,.T.);
#5754=ORIENTED_EDGE('',*,*,#4226,.T.);
#5755=ORIENTED_EDGE('',*,*,#4224,.T.);
#5756=ORIENTED_EDGE('',*,*,#4222,.T.);
#5757=ORIENTED_EDGE('',*,*,#4220,.T.);
#5758=ORIENTED_EDGE('',*,*,#4218,.T.);
#5759=ORIENTED_EDGE('',*,*,#4216,.T.);
#5760=ORIENTED_EDGE('',*,*,#4214,.T.);
#5761=ORIENTED_EDGE('',*,*,#4212,.T.);
#5762=ORIENTED_EDGE('',*,*,#4210,.T.);
#5763=ORIENTED_EDGE('',*,*,#4208,.T.);
#5764=ORIENTED_EDGE('',*,*,#4206,.T.);
#5765=ORIENTED_EDGE('',*,*,#4204,.T.);
#5766=ORIENTED_EDGE('',*,*,#4202,.T.);
#5767=ORIENTED_EDGE('',*,*,#4199,.T.);
#5768=ORIENTED_EDGE('',*,*,#4196,.T.);
#5769=ORIENTED_EDGE('',*,*,#4193,.T.);
#5770=ORIENTED_EDGE('',*,*,#4190,.T.);
#5771=ORIENTED_EDGE('',*,*,#4187,.T.);
#5772=ORIENTED_EDGE('',*,*,#4184,.T.);
#5773=ORIENTED_EDGE('',*,*,#4181,.T.);
#5774=ORIENTED_EDGE('',*,*,#4178,.T.);
#5775=ORIENTED_EDGE('',*,*,#4175,.T.);
#5776=ORIENTED_EDGE('',*,*,#4172,.T.);
#5777=ORIENTED_EDGE('',*,*,#4169,.T.);
#5778=ORIENTED_EDGE('',*,*,#4166,.T.);
#5779=ORIENTED_EDGE('',*,*,#4163,.T.);
#5780=ORIENTED_EDGE('',*,*,#4160,.T.);
#5781=ORIENTED_EDGE('',*,*,#4157,.T.);
#5782=ORIENTED_EDGE('',*,*,#4154,.T.);
#5783=ORIENTED_EDGE('',*,*,#4151,.T.);
#5784=ORIENTED_EDGE('',*,*,#4148,.T.);
#5785=ORIENTED_EDGE('',*,*,#4145,.T.);
#5786=ORIENTED_EDGE('',*,*,#4142,.T.);
#5787=ORIENTED_EDGE('',*,*,#4139,.T.);
#5788=ORIENTED_EDGE('',*,*,#4136,.T.);
#5789=ORIENTED_EDGE('',*,*,#4133,.T.);
#5790=ORIENTED_EDGE('',*,*,#4130,.T.);
#5791=ORIENTED_EDGE('',*,*,#4127,.T.);
#5792=ORIENTED_EDGE('',*,*,#4124,.T.);
#5793=ORIENTED_EDGE('',*,*,#4121,.T.);
#5794=ORIENTED_EDGE('',*,*,#4118,.T.);
#5795=ORIENTED_EDGE('',*,*,#4115,.T.);
#5796=ORIENTED_EDGE('',*,*,#4112,.T.);
#5797=ORIENTED_EDGE('',*,*,#4109,.T.);
#5798=ORIENTED_EDGE('',*,*,#4106,.T.);
#5799=ORIENTED_EDGE('',*,*,#4103,.T.);
#5800=ORIENTED_EDGE('',*,*,#4100,.T.);
#5801=ORIENTED_EDGE('',*,*,#4097,.T.);
#5802=ORIENTED_EDGE('',*,*,#4094,.T.);
#5803=ORIENTED_EDGE('',*,*,#4091,.T.);
#5804=ORIENTED_EDGE('',*,*,#4191,.T.);
#5805=ORIENTED_EDGE('',*,*,#4195,.T.);
#5806=ORIENTED_EDGE('',*,*,#4198,.T.);
#5807=ORIENTED_EDGE('',*,*,#4201,.T.);
#5808=ORIENTED_EDGE('',*,*,#4179,.T.);
#5809=ORIENTED_EDGE('',*,*,#4183,.T.);
#5810=ORIENTED_EDGE('',*,*,#4186,.T.);
#5811=ORIENTED_EDGE('',*,*,#4189,.T.);
#5812=ORIENTED_EDGE('',*,*,#4167,.T.);
#5813=ORIENTED_EDGE('',*,*,#4171,.T.);
#5814=ORIENTED_EDGE('',*,*,#4174,.T.);
#5815=ORIENTED_EDGE('',*,*,#4177,.T.);
#5816=ORIENTED_EDGE('',*,*,#4155,.T.);
#5817=ORIENTED_EDGE('',*,*,#4159,.T.);
#5818=ORIENTED_EDGE('',*,*,#4162,.T.);
#5819=ORIENTED_EDGE('',*,*,#4165,.T.);
#5820=ORIENTED_EDGE('',*,*,#4143,.T.);
#5821=ORIENTED_EDGE('',*,*,#4147,.T.);
#5822=ORIENTED_EDGE('',*,*,#4150,.T.);
#5823=ORIENTED_EDGE('',*,*,#4153,.T.);
#5824=ORIENTED_EDGE('',*,*,#4128,.T.);
#5825=ORIENTED_EDGE('',*,*,#4132,.T.);
#5826=ORIENTED_EDGE('',*,*,#4135,.T.);
#5827=ORIENTED_EDGE('',*,*,#4138,.T.);
#5828=ORIENTED_EDGE('',*,*,#4141,.T.);
#5829=ORIENTED_EDGE('',*,*,#4113,.T.);
#5830=ORIENTED_EDGE('',*,*,#4117,.T.);
#5831=ORIENTED_EDGE('',*,*,#4120,.T.);
#5832=ORIENTED_EDGE('',*,*,#4123,.T.);
#5833=ORIENTED_EDGE('',*,*,#4126,.T.);
#5834=ORIENTED_EDGE('',*,*,#4101,.T.);
#5835=ORIENTED_EDGE('',*,*,#4105,.T.);
#5836=ORIENTED_EDGE('',*,*,#4108,.T.);
#5837=ORIENTED_EDGE('',*,*,#4111,.T.);
#5838=ORIENTED_EDGE('',*,*,#4089,.T.);
#5839=ORIENTED_EDGE('',*,*,#4093,.T.);
#5840=ORIENTED_EDGE('',*,*,#4096,.T.);
#5841=ORIENTED_EDGE('',*,*,#4099,.T.);
#5842=ORIENTED_EDGE('',*,*,#3809,.T.);
#5843=ORIENTED_EDGE('',*,*,#4329,.T.);
#5844=ORIENTED_EDGE('',*,*,#4330,.T.);
#5845=ORIENTED_EDGE('',*,*,#4331,.T.);
#5846=ORIENTED_EDGE('',*,*,#4329,.F.);
#5847=ORIENTED_EDGE('',*,*,#3808,.F.);
#5848=ORIENTED_EDGE('',*,*,#4332,.F.);
#5849=ORIENTED_EDGE('',*,*,#4333,.F.);
#5850=ORIENTED_EDGE('',*,*,#4334,.T.);
#5851=ORIENTED_EDGE('',*,*,#4332,.T.);
#5852=ORIENTED_EDGE('',*,*,#3807,.T.);
#5853=ORIENTED_EDGE('',*,*,#4335,.T.);
#5854=ORIENTED_EDGE('',*,*,#4335,.F.);
#5855=ORIENTED_EDGE('',*,*,#3806,.F.);
#5856=ORIENTED_EDGE('',*,*,#4336,.T.);
#5857=ORIENTED_EDGE('',*,*,#4337,.F.);
#5858=ORIENTED_EDGE('',*,*,#4331,.F.);
#5859=ORIENTED_EDGE('',*,*,#4338,.F.);
#5860=ORIENTED_EDGE('',*,*,#4339,.F.);
#5861=ORIENTED_EDGE('',*,*,#3810,.F.);
#5862=ORIENTED_EDGE('',*,*,#3749,.T.);
#5863=ORIENTED_EDGE('',*,*,#4340,.T.);
#5864=ORIENTED_EDGE('',*,*,#4341,.T.);
#5865=ORIENTED_EDGE('',*,*,#4342,.T.);
#5866=ORIENTED_EDGE('',*,*,#4343,.T.);
#5867=ORIENTED_EDGE('',*,*,#4340,.F.);
#5868=ORIENTED_EDGE('',*,*,#3752,.T.);
#5869=ORIENTED_EDGE('',*,*,#4344,.T.);
#5870=ORIENTED_EDGE('',*,*,#3750,.T.);
#5871=ORIENTED_EDGE('',*,*,#4342,.F.);
#5872=ORIENTED_EDGE('',*,*,#4345,.T.);
#5873=ORIENTED_EDGE('',*,*,#4346,.F.);
#5874=ORIENTED_EDGE('',*,*,#4347,.T.);
#5875=ORIENTED_EDGE('',*,*,#4344,.F.);
#5876=ORIENTED_EDGE('',*,*,#3751,.T.);
#5877=ORIENTED_EDGE('',*,*,#4346,.T.);
#5878=ORIENTED_EDGE('',*,*,#4345,.F.);
#5879=ORIENTED_EDGE('',*,*,#4348,.T.);
#5880=ORIENTED_EDGE('',*,*,#4349,.F.);
#5881=ORIENTED_EDGE('',*,*,#4350,.F.);
#5882=ORIENTED_EDGE('',*,*,#4341,.F.);
#5883=ORIENTED_EDGE('',*,*,#4351,.T.);
#5884=ORIENTED_EDGE('',*,*,#4352,.F.);
#5885=ORIENTED_EDGE('',*,*,#4348,.F.);
#5886=ORIENTED_EDGE('',*,*,#4343,.F.);
#5887=ORIENTED_EDGE('',*,*,#4353,.T.);
#5888=ORIENTED_EDGE('',*,*,#4354,.F.);
#5889=ORIENTED_EDGE('',*,*,#4351,.F.);
#5890=ORIENTED_EDGE('',*,*,#4347,.F.);
#5891=ORIENTED_EDGE('',*,*,#4350,.T.);
#5892=ORIENTED_EDGE('',*,*,#4355,.F.);
#5893=ORIENTED_EDGE('',*,*,#4353,.F.);
#5894=ORIENTED_EDGE('',*,*,#4356,.T.);
#5895=ORIENTED_EDGE('',*,*,#4357,.T.);
#5896=ORIENTED_EDGE('',*,*,#4358,.T.);
#5897=ORIENTED_EDGE('',*,*,#4357,.F.);
#5898=ORIENTED_EDGE('',*,*,#4359,.F.);
#5899=ORIENTED_EDGE('',*,*,#4360,.F.);
#5900=ORIENTED_EDGE('',*,*,#4361,.T.);
#5901=ORIENTED_EDGE('',*,*,#4358,.F.);
#5902=ORIENTED_EDGE('',*,*,#4361,.F.);
#5903=ORIENTED_EDGE('',*,*,#3640,.F.);
#5904=ORIENTED_EDGE('',*,*,#3642,.T.);
#5905=ORIENTED_EDGE('',*,*,#3644,.F.);
#5906=ORIENTED_EDGE('',*,*,#4362,.T.);
#5907=ORIENTED_EDGE('',*,*,#4363,.F.);
#5908=ORIENTED_EDGE('',*,*,#4364,.T.);
#5909=ORIENTED_EDGE('',*,*,#4365,.F.);
#5910=ORIENTED_EDGE('',*,*,#3637,.T.);
#5911=ORIENTED_EDGE('',*,*,#4337,.T.);
#5912=ORIENTED_EDGE('',*,*,#4366,.T.);
#5913=ORIENTED_EDGE('',*,*,#4367,.T.);
#5914=ORIENTED_EDGE('',*,*,#4368,.T.);
#5915=ORIENTED_EDGE('',*,*,#4369,.T.);
#5916=ORIENTED_EDGE('',*,*,#4370,.F.);
#5917=ORIENTED_EDGE('',*,*,#4371,.T.);
#5918=ORIENTED_EDGE('',*,*,#4372,.F.);
#5919=ORIENTED_EDGE('',*,*,#4338,.T.);
#5920=ORIENTED_EDGE('',*,*,#4330,.F.);
#5921=ORIENTED_EDGE('',*,*,#4333,.T.);
#5922=ORIENTED_EDGE('',*,*,#4334,.F.);
#5923=ORIENTED_EDGE('',*,*,#4373,.T.);
#5924=ORIENTED_EDGE('',*,*,#4374,.T.);
#5925=ORIENTED_EDGE('',*,*,#4352,.T.);
#5926=ORIENTED_EDGE('',*,*,#4354,.T.);
#5927=ORIENTED_EDGE('',*,*,#4355,.T.);
#5928=ORIENTED_EDGE('',*,*,#4349,.T.);
#5929=ORIENTED_EDGE('',*,*,#4375,.T.);
#5930=ORIENTED_EDGE('',*,*,#4376,.T.);
#5931=ORIENTED_EDGE('',*,*,#4377,.T.);
#5932=ORIENTED_EDGE('',*,*,#4378,.T.);
#5933=ORIENTED_EDGE('',*,*,#4379,.T.);
#5934=ORIENTED_EDGE('',*,*,#4380,.T.);
#5935=ORIENTED_EDGE('',*,*,#4381,.T.);
#5936=ORIENTED_EDGE('',*,*,#4382,.T.);
#5937=ORIENTED_EDGE('',*,*,#4383,.T.);
#5938=ORIENTED_EDGE('',*,*,#4384,.T.);
#5939=ORIENTED_EDGE('',*,*,#4385,.T.);
#5940=ORIENTED_EDGE('',*,*,#4386,.T.);
#5941=ORIENTED_EDGE('',*,*,#4387,.T.);
#5942=ORIENTED_EDGE('',*,*,#4388,.T.);
#5943=ORIENTED_EDGE('',*,*,#4389,.T.);
#5944=ORIENTED_EDGE('',*,*,#4390,.T.);
#5945=ORIENTED_EDGE('',*,*,#4391,.T.);
#5946=ORIENTED_EDGE('',*,*,#4392,.T.);
#5947=ORIENTED_EDGE('',*,*,#4393,.T.);
#5948=ORIENTED_EDGE('',*,*,#4394,.T.);
#5949=ORIENTED_EDGE('',*,*,#4395,.T.);
#5950=ORIENTED_EDGE('',*,*,#4396,.T.);
#5951=ORIENTED_EDGE('',*,*,#4397,.T.);
#5952=ORIENTED_EDGE('',*,*,#4398,.T.);
#5953=ORIENTED_EDGE('',*,*,#4399,.T.);
#5954=ORIENTED_EDGE('',*,*,#4400,.T.);
#5955=ORIENTED_EDGE('',*,*,#4401,.T.);
#5956=ORIENTED_EDGE('',*,*,#4402,.T.);
#5957=ORIENTED_EDGE('',*,*,#4403,.T.);
#5958=ORIENTED_EDGE('',*,*,#4404,.T.);
#5959=ORIENTED_EDGE('',*,*,#4405,.T.);
#5960=ORIENTED_EDGE('',*,*,#4406,.T.);
#5961=ORIENTED_EDGE('',*,*,#4407,.T.);
#5962=ORIENTED_EDGE('',*,*,#4408,.T.);
#5963=ORIENTED_EDGE('',*,*,#4409,.T.);
#5964=ORIENTED_EDGE('',*,*,#4410,.T.);
#5965=ORIENTED_EDGE('',*,*,#4411,.T.);
#5966=ORIENTED_EDGE('',*,*,#4412,.T.);
#5967=ORIENTED_EDGE('',*,*,#4413,.T.);
#5968=ORIENTED_EDGE('',*,*,#4414,.T.);
#5969=ORIENTED_EDGE('',*,*,#4415,.T.);
#5970=ORIENTED_EDGE('',*,*,#4416,.T.);
#5971=ORIENTED_EDGE('',*,*,#4417,.T.);
#5972=ORIENTED_EDGE('',*,*,#4418,.T.);
#5973=ORIENTED_EDGE('',*,*,#4419,.T.);
#5974=ORIENTED_EDGE('',*,*,#4420,.T.);
#5975=ORIENTED_EDGE('',*,*,#4421,.T.);
#5976=ORIENTED_EDGE('',*,*,#4422,.T.);
#5977=ORIENTED_EDGE('',*,*,#4423,.T.);
#5978=ORIENTED_EDGE('',*,*,#4424,.T.);
#5979=ORIENTED_EDGE('',*,*,#4356,.F.);
#5980=ORIENTED_EDGE('',*,*,#3805,.T.);
#5981=ORIENTED_EDGE('',*,*,#4425,.T.);
#5982=ORIENTED_EDGE('',*,*,#4359,.T.);
#5983=ORIENTED_EDGE('',*,*,#4360,.T.);
#5984=ORIENTED_EDGE('',*,*,#4425,.F.);
#5985=ORIENTED_EDGE('',*,*,#3753,.F.);
#5986=ORIENTED_EDGE('',*,*,#4426,.T.);
#5987=ORIENTED_EDGE('',*,*,#4424,.F.);
#5988=ORIENTED_EDGE('',*,*,#4426,.F.);
#5989=ORIENTED_EDGE('',*,*,#3804,.F.);
#5990=ORIENTED_EDGE('',*,*,#4427,.T.);
#5991=ORIENTED_EDGE('',*,*,#4373,.F.);
#5992=ORIENTED_EDGE('',*,*,#4427,.F.);
#5993=ORIENTED_EDGE('',*,*,#3754,.F.);
#5994=ORIENTED_EDGE('',*,*,#4428,.T.);
#5995=ORIENTED_EDGE('',*,*,#4423,.F.);
#5996=ORIENTED_EDGE('',*,*,#4428,.F.);
#5997=ORIENTED_EDGE('',*,*,#3803,.F.);
#5998=ORIENTED_EDGE('',*,*,#4429,.T.);
#5999=ORIENTED_EDGE('',*,*,#4374,.F.);
#6000=ORIENTED_EDGE('',*,*,#4429,.F.);
#6001=ORIENTED_EDGE('',*,*,#3626,.F.);
#6002=ORIENTED_EDGE('',*,*,#3638,.T.);
#6003=ORIENTED_EDGE('',*,*,#4365,.T.);
#6004=ORIENTED_EDGE('',*,*,#4430,.T.);
#6005=ORIENTED_EDGE('',*,*,#3623,.F.);
#6006=ORIENTED_EDGE('',*,*,#4430,.F.);
#6007=ORIENTED_EDGE('',*,*,#4364,.F.);
#6008=ORIENTED_EDGE('',*,*,#4431,.F.);
#6009=ORIENTED_EDGE('',*,*,#3620,.F.);
#6010=ORIENTED_EDGE('',*,*,#4431,.T.);
#6011=ORIENTED_EDGE('',*,*,#4363,.T.);
#6012=ORIENTED_EDGE('',*,*,#4432,.T.);
#6013=ORIENTED_EDGE('',*,*,#3813,.T.);
#6014=ORIENTED_EDGE('',*,*,#4433,.T.);
#6015=ORIENTED_EDGE('',*,*,#4370,.T.);
#6016=ORIENTED_EDGE('',*,*,#4434,.T.);
#6017=ORIENTED_EDGE('',*,*,#4433,.F.);
#6018=ORIENTED_EDGE('',*,*,#3812,.F.);
#6019=ORIENTED_EDGE('',*,*,#4435,.F.);
#6020=ORIENTED_EDGE('',*,*,#4371,.F.);
#6021=ORIENTED_EDGE('',*,*,#4372,.T.);
#6022=ORIENTED_EDGE('',*,*,#4435,.T.);
#6023=ORIENTED_EDGE('',*,*,#3811,.T.);
#6024=ORIENTED_EDGE('',*,*,#4339,.T.);
#6025=ORIENTED_EDGE('',*,*,#4434,.F.);
#6026=ORIENTED_EDGE('',*,*,#4369,.F.);
#6027=ORIENTED_EDGE('',*,*,#4436,.F.);
#6028=ORIENTED_EDGE('',*,*,#3814,.F.);
#6029=ORIENTED_EDGE('',*,*,#3817,.F.);
#6030=ORIENTED_EDGE('',*,*,#4437,.T.);
#6031=ORIENTED_EDGE('',*,*,#4366,.F.);
#6032=ORIENTED_EDGE('',*,*,#4336,.F.);
#6033=ORIENTED_EDGE('',*,*,#3816,.F.);
#6034=ORIENTED_EDGE('',*,*,#4438,.T.);
#6035=ORIENTED_EDGE('',*,*,#4367,.F.);
#6036=ORIENTED_EDGE('',*,*,#4437,.F.);
#6037=ORIENTED_EDGE('',*,*,#3815,.F.);
#6038=ORIENTED_EDGE('',*,*,#4436,.T.);
#6039=ORIENTED_EDGE('',*,*,#4368,.F.);
#6040=ORIENTED_EDGE('',*,*,#4438,.F.);
#6041=ORIENTED_EDGE('',*,*,#3759,.F.);
#6042=ORIENTED_EDGE('',*,*,#4439,.T.);
#6043=ORIENTED_EDGE('',*,*,#4417,.F.);
#6044=ORIENTED_EDGE('',*,*,#4440,.F.);
#6045=ORIENTED_EDGE('',*,*,#3760,.F.);
#6046=ORIENTED_EDGE('',*,*,#4440,.T.);
#6047=ORIENTED_EDGE('',*,*,#4416,.F.);
#6048=ORIENTED_EDGE('',*,*,#4441,.F.);
#6049=ORIENTED_EDGE('',*,*,#3761,.F.);
#6050=ORIENTED_EDGE('',*,*,#4441,.T.);
#6051=ORIENTED_EDGE('',*,*,#4415,.F.);
#6052=ORIENTED_EDGE('',*,*,#4442,.F.);
#6053=ORIENTED_EDGE('',*,*,#3762,.F.);
#6054=ORIENTED_EDGE('',*,*,#4442,.T.);
#6055=ORIENTED_EDGE('',*,*,#4422,.F.);
#6056=ORIENTED_EDGE('',*,*,#4443,.T.);
#6057=ORIENTED_EDGE('',*,*,#3755,.F.);
#6058=ORIENTED_EDGE('',*,*,#4443,.F.);
#6059=ORIENTED_EDGE('',*,*,#4421,.F.);
#6060=ORIENTED_EDGE('',*,*,#4444,.F.);
#6061=ORIENTED_EDGE('',*,*,#3756,.F.);
#6062=ORIENTED_EDGE('',*,*,#4444,.T.);
#6063=ORIENTED_EDGE('',*,*,#4420,.F.);
#6064=ORIENTED_EDGE('',*,*,#4445,.F.);
#6065=ORIENTED_EDGE('',*,*,#3757,.F.);
#6066=ORIENTED_EDGE('',*,*,#4445,.T.);
#6067=ORIENTED_EDGE('',*,*,#4419,.F.);
#6068=ORIENTED_EDGE('',*,*,#4446,.F.);
#6069=ORIENTED_EDGE('',*,*,#3758,.F.);
#6070=ORIENTED_EDGE('',*,*,#4446,.T.);
#6071=ORIENTED_EDGE('',*,*,#4418,.F.);
#6072=ORIENTED_EDGE('',*,*,#4439,.F.);
#6073=ORIENTED_EDGE('',*,*,#3767,.F.);
#6074=ORIENTED_EDGE('',*,*,#4447,.T.);
#6075=ORIENTED_EDGE('',*,*,#4401,.F.);
#6076=ORIENTED_EDGE('',*,*,#4448,.F.);
#6077=ORIENTED_EDGE('',*,*,#3768,.F.);
#6078=ORIENTED_EDGE('',*,*,#4448,.T.);
#6079=ORIENTED_EDGE('',*,*,#4400,.F.);
#6080=ORIENTED_EDGE('',*,*,#4449,.F.);
#6081=ORIENTED_EDGE('',*,*,#3769,.F.);
#6082=ORIENTED_EDGE('',*,*,#4449,.T.);
#6083=ORIENTED_EDGE('',*,*,#4399,.F.);
#6084=ORIENTED_EDGE('',*,*,#4450,.F.);
#6085=ORIENTED_EDGE('',*,*,#3770,.F.);
#6086=ORIENTED_EDGE('',*,*,#4450,.T.);
#6087=ORIENTED_EDGE('',*,*,#4406,.F.);
#6088=ORIENTED_EDGE('',*,*,#4451,.T.);
#6089=ORIENTED_EDGE('',*,*,#3763,.F.);
#6090=ORIENTED_EDGE('',*,*,#4451,.F.);
#6091=ORIENTED_EDGE('',*,*,#4405,.F.);
#6092=ORIENTED_EDGE('',*,*,#4452,.F.);
#6093=ORIENTED_EDGE('',*,*,#3764,.F.);
#6094=ORIENTED_EDGE('',*,*,#4452,.T.);
#6095=ORIENTED_EDGE('',*,*,#4404,.F.);
#6096=ORIENTED_EDGE('',*,*,#4453,.F.);
#6097=ORIENTED_EDGE('',*,*,#3765,.F.);
#6098=ORIENTED_EDGE('',*,*,#4453,.T.);
#6099=ORIENTED_EDGE('',*,*,#4403,.F.);
#6100=ORIENTED_EDGE('',*,*,#4454,.F.);
#6101=ORIENTED_EDGE('',*,*,#3766,.F.);
#6102=ORIENTED_EDGE('',*,*,#4454,.T.);
#6103=ORIENTED_EDGE('',*,*,#4402,.F.);
#6104=ORIENTED_EDGE('',*,*,#4447,.F.);
#6105=ORIENTED_EDGE('',*,*,#3775,.F.);
#6106=ORIENTED_EDGE('',*,*,#4455,.T.);
#6107=ORIENTED_EDGE('',*,*,#4377,.F.);
#6108=ORIENTED_EDGE('',*,*,#4456,.F.);
#6109=ORIENTED_EDGE('',*,*,#3776,.F.);
#6110=ORIENTED_EDGE('',*,*,#4456,.T.);
#6111=ORIENTED_EDGE('',*,*,#4376,.F.);
#6112=ORIENTED_EDGE('',*,*,#4457,.F.);
#6113=ORIENTED_EDGE('',*,*,#3777,.F.);
#6114=ORIENTED_EDGE('',*,*,#4457,.T.);
#6115=ORIENTED_EDGE('',*,*,#4375,.F.);
#6116=ORIENTED_EDGE('',*,*,#4458,.F.);
#6117=ORIENTED_EDGE('',*,*,#3778,.F.);
#6118=ORIENTED_EDGE('',*,*,#4458,.T.);
#6119=ORIENTED_EDGE('',*,*,#4382,.F.);
#6120=ORIENTED_EDGE('',*,*,#4459,.T.);
#6121=ORIENTED_EDGE('',*,*,#3771,.F.);
#6122=ORIENTED_EDGE('',*,*,#4459,.F.);
#6123=ORIENTED_EDGE('',*,*,#4381,.F.);
#6124=ORIENTED_EDGE('',*,*,#4460,.F.);
#6125=ORIENTED_EDGE('',*,*,#3772,.F.);
#6126=ORIENTED_EDGE('',*,*,#4460,.T.);
#6127=ORIENTED_EDGE('',*,*,#4380,.F.);
#6128=ORIENTED_EDGE('',*,*,#4461,.F.);
#6129=ORIENTED_EDGE('',*,*,#3773,.F.);
#6130=ORIENTED_EDGE('',*,*,#4461,.T.);
#6131=ORIENTED_EDGE('',*,*,#4379,.F.);
#6132=ORIENTED_EDGE('',*,*,#4462,.F.);
#6133=ORIENTED_EDGE('',*,*,#3774,.F.);
#6134=ORIENTED_EDGE('',*,*,#4462,.T.);
#6135=ORIENTED_EDGE('',*,*,#4378,.F.);
#6136=ORIENTED_EDGE('',*,*,#4455,.F.);
#6137=ORIENTED_EDGE('',*,*,#3783,.F.);
#6138=ORIENTED_EDGE('',*,*,#4463,.T.);
#6139=ORIENTED_EDGE('',*,*,#4393,.F.);
#6140=ORIENTED_EDGE('',*,*,#4464,.F.);
#6141=ORIENTED_EDGE('',*,*,#3784,.F.);
#6142=ORIENTED_EDGE('',*,*,#4464,.T.);
#6143=ORIENTED_EDGE('',*,*,#4392,.F.);
#6144=ORIENTED_EDGE('',*,*,#4465,.F.);
#6145=ORIENTED_EDGE('',*,*,#3785,.F.);
#6146=ORIENTED_EDGE('',*,*,#4465,.T.);
#6147=ORIENTED_EDGE('',*,*,#4391,.F.);
#6148=ORIENTED_EDGE('',*,*,#4466,.F.);
#6149=ORIENTED_EDGE('',*,*,#3786,.F.);
#6150=ORIENTED_EDGE('',*,*,#4466,.T.);
#6151=ORIENTED_EDGE('',*,*,#4398,.F.);
#6152=ORIENTED_EDGE('',*,*,#4467,.T.);
#6153=ORIENTED_EDGE('',*,*,#3779,.F.);
#6154=ORIENTED_EDGE('',*,*,#4467,.F.);
#6155=ORIENTED_EDGE('',*,*,#4397,.F.);
#6156=ORIENTED_EDGE('',*,*,#4468,.F.);
#6157=ORIENTED_EDGE('',*,*,#3780,.F.);
#6158=ORIENTED_EDGE('',*,*,#4468,.T.);
#6159=ORIENTED_EDGE('',*,*,#4396,.F.);
#6160=ORIENTED_EDGE('',*,*,#4469,.F.);
#6161=ORIENTED_EDGE('',*,*,#3781,.F.);
#6162=ORIENTED_EDGE('',*,*,#4469,.T.);
#6163=ORIENTED_EDGE('',*,*,#4395,.F.);
#6164=ORIENTED_EDGE('',*,*,#4470,.F.);
#6165=ORIENTED_EDGE('',*,*,#3782,.F.);
#6166=ORIENTED_EDGE('',*,*,#4470,.T.);
#6167=ORIENTED_EDGE('',*,*,#4394,.F.);
#6168=ORIENTED_EDGE('',*,*,#4463,.F.);
#6169=ORIENTED_EDGE('',*,*,#3791,.F.);
#6170=ORIENTED_EDGE('',*,*,#4471,.T.);
#6171=ORIENTED_EDGE('',*,*,#4385,.F.);
#6172=ORIENTED_EDGE('',*,*,#4472,.F.);
#6173=ORIENTED_EDGE('',*,*,#3792,.F.);
#6174=ORIENTED_EDGE('',*,*,#4472,.T.);
#6175=ORIENTED_EDGE('',*,*,#4384,.F.);
#6176=ORIENTED_EDGE('',*,*,#4473,.F.);
#6177=ORIENTED_EDGE('',*,*,#3793,.F.);
#6178=ORIENTED_EDGE('',*,*,#4473,.T.);
#6179=ORIENTED_EDGE('',*,*,#4383,.F.);
#6180=ORIENTED_EDGE('',*,*,#4474,.F.);
#6181=ORIENTED_EDGE('',*,*,#3794,.F.);
#6182=ORIENTED_EDGE('',*,*,#4474,.T.);
#6183=ORIENTED_EDGE('',*,*,#4390,.F.);
#6184=ORIENTED_EDGE('',*,*,#4475,.T.);
#6185=ORIENTED_EDGE('',*,*,#3787,.F.);
#6186=ORIENTED_EDGE('',*,*,#4475,.F.);
#6187=ORIENTED_EDGE('',*,*,#4389,.F.);
#6188=ORIENTED_EDGE('',*,*,#4476,.F.);
#6189=ORIENTED_EDGE('',*,*,#3788,.F.);
#6190=ORIENTED_EDGE('',*,*,#4476,.T.);
#6191=ORIENTED_EDGE('',*,*,#4388,.F.);
#6192=ORIENTED_EDGE('',*,*,#4477,.F.);
#6193=ORIENTED_EDGE('',*,*,#3789,.F.);
#6194=ORIENTED_EDGE('',*,*,#4477,.T.);
#6195=ORIENTED_EDGE('',*,*,#4387,.F.);
#6196=ORIENTED_EDGE('',*,*,#4478,.F.);
#6197=ORIENTED_EDGE('',*,*,#3790,.F.);
#6198=ORIENTED_EDGE('',*,*,#4478,.T.);
#6199=ORIENTED_EDGE('',*,*,#4386,.F.);
#6200=ORIENTED_EDGE('',*,*,#4471,.F.);
#6201=ORIENTED_EDGE('',*,*,#3799,.F.);
#6202=ORIENTED_EDGE('',*,*,#4479,.T.);
#6203=ORIENTED_EDGE('',*,*,#4409,.F.);
#6204=ORIENTED_EDGE('',*,*,#4480,.F.);
#6205=ORIENTED_EDGE('',*,*,#3800,.F.);
#6206=ORIENTED_EDGE('',*,*,#4480,.T.);
#6207=ORIENTED_EDGE('',*,*,#4408,.F.);
#6208=ORIENTED_EDGE('',*,*,#4481,.F.);
#6209=ORIENTED_EDGE('',*,*,#3801,.F.);
#6210=ORIENTED_EDGE('',*,*,#4481,.T.);
#6211=ORIENTED_EDGE('',*,*,#4407,.F.);
#6212=ORIENTED_EDGE('',*,*,#4482,.F.);
#6213=ORIENTED_EDGE('',*,*,#3802,.F.);
#6214=ORIENTED_EDGE('',*,*,#4482,.T.);
#6215=ORIENTED_EDGE('',*,*,#4414,.F.);
#6216=ORIENTED_EDGE('',*,*,#4483,.T.);
#6217=ORIENTED_EDGE('',*,*,#3795,.F.);
#6218=ORIENTED_EDGE('',*,*,#4483,.F.);
#6219=ORIENTED_EDGE('',*,*,#4413,.F.);
#6220=ORIENTED_EDGE('',*,*,#4484,.F.);
#6221=ORIENTED_EDGE('',*,*,#3796,.F.);
#6222=ORIENTED_EDGE('',*,*,#4484,.T.);
#6223=ORIENTED_EDGE('',*,*,#4412,.F.);
#6224=ORIENTED_EDGE('',*,*,#4485,.F.);
#6225=ORIENTED_EDGE('',*,*,#3797,.F.);
#6226=ORIENTED_EDGE('',*,*,#4485,.T.);
#6227=ORIENTED_EDGE('',*,*,#4411,.F.);
#6228=ORIENTED_EDGE('',*,*,#4486,.F.);
#6229=ORIENTED_EDGE('',*,*,#3798,.F.);
#6230=ORIENTED_EDGE('',*,*,#4486,.T.);
#6231=ORIENTED_EDGE('',*,*,#4410,.F.);
#6232=ORIENTED_EDGE('',*,*,#4479,.F.);
#6233=ORIENTED_EDGE('',*,*,#3617,.F.);
#6234=ORIENTED_EDGE('',*,*,#4432,.F.);
#6235=ORIENTED_EDGE('',*,*,#4362,.F.);
#6236=ORIENTED_EDGE('',*,*,#3643,.F.);
#6237=TOROIDAL_SURFACE('',#6591,2.,1.);
#6238=TOROIDAL_SURFACE('',#6598,2.,1.);
#6239=TOROIDAL_SURFACE('',#6604,2.,1.);
#6240=TOROIDAL_SURFACE('',#6610,2.,1.);
#6241=TOROIDAL_SURFACE('',#6883,6.,1.);
#6242=TOROIDAL_SURFACE('',#6925,6.,1.);
#6243=ADVANCED_FACE('',(#2208),#6237,.T.);
#6244=ADVANCED_FACE('',(#2209),#2165,.T.);
#6245=ADVANCED_FACE('',(#2210),#6238,.T.);
#6246=ADVANCED_FACE('',(#2211),#2166,.T.);
#6247=ADVANCED_FACE('',(#2212),#6239,.T.);
#6248=ADVANCED_FACE('',(#2213),#2167,.T.);
#6249=ADVANCED_FACE('',(#2214),#6240,.T.);
#6250=ADVANCED_FACE('',(#2215),#2168,.T.);
#6251=ADVANCED_FACE('',(#2216),#470,.T.);
#6252=ADVANCED_FACE('',(#2217),#2169,.T.);
#6253=ADVANCED_FACE('',(#2218),#471,.T.);
#6254=ADVANCED_FACE('',(#2219),#2170,.T.);
#6255=ADVANCED_FACE('',(#2220,#408,#409,#410,#411,#412,#413,#414,#415,#416,
#417,#418,#419,#420,#421,#422,#423,#424,#425,#426,#427,#428,#429,#430,#431,
#432,#433,#434,#435,#436,#437,#438,#439,#440,#441,#442,#443,#444,#445,#446,
#447),#472,.T.);
#6256=ADVANCED_FACE('',(#2221),#473,.F.);
#6257=ADVANCED_FACE('',(#2222),#474,.F.);
#6258=ADVANCED_FACE('',(#2223),#475,.F.);
#6259=ADVANCED_FACE('',(#2224),#476,.F.);
#6260=ADVANCED_FACE('',(#2225),#477,.F.);
#6261=ADVANCED_FACE('',(#2226),#478,.F.);
#6262=ADVANCED_FACE('',(#2227),#479,.F.);
#6263=ADVANCED_FACE('',(#2228),#480,.F.);
#6264=ADVANCED_FACE('',(#2229),#481,.F.);
#6265=ADVANCED_FACE('',(#2230),#482,.F.);
#6266=ADVANCED_FACE('',(#2231),#483,.F.);
#6267=ADVANCED_FACE('',(#2232),#484,.F.);
#6268=ADVANCED_FACE('',(#2233),#485,.F.);
#6269=ADVANCED_FACE('',(#2234),#486,.F.);
#6270=ADVANCED_FACE('',(#2235),#487,.F.);
#6271=ADVANCED_FACE('',(#2236),#488,.F.);
#6272=ADVANCED_FACE('',(#2237),#489,.F.);
#6273=ADVANCED_FACE('',(#2238),#490,.F.);
#6274=ADVANCED_FACE('',(#2239),#491,.F.);
#6275=ADVANCED_FACE('',(#2240),#492,.F.);
#6276=ADVANCED_FACE('',(#2241),#493,.F.);
#6277=ADVANCED_FACE('',(#2242),#494,.F.);
#6278=ADVANCED_FACE('',(#2243),#495,.F.);
#6279=ADVANCED_FACE('',(#2244),#496,.F.);
#6280=ADVANCED_FACE('',(#2245),#497,.F.);
#6281=ADVANCED_FACE('',(#2246),#498,.F.);
#6282=ADVANCED_FACE('',(#2247),#499,.F.);
#6283=ADVANCED_FACE('',(#2248),#500,.F.);
#6284=ADVANCED_FACE('',(#2249),#501,.F.);
#6285=ADVANCED_FACE('',(#2250),#502,.F.);
#6286=ADVANCED_FACE('',(#2251),#503,.F.);
#6287=ADVANCED_FACE('',(#2252),#504,.F.);
#6288=ADVANCED_FACE('',(#2253),#505,.F.);
#6289=ADVANCED_FACE('',(#2254),#506,.F.);
#6290=ADVANCED_FACE('',(#2255),#507,.F.);
#6291=ADVANCED_FACE('',(#2256),#508,.F.);
#6292=ADVANCED_FACE('',(#2257),#509,.F.);
#6293=ADVANCED_FACE('',(#2258),#510,.F.);
#6294=ADVANCED_FACE('',(#2259),#511,.F.);
#6295=ADVANCED_FACE('',(#2260),#512,.F.);
#6296=ADVANCED_FACE('',(#2261),#513,.F.);
#6297=ADVANCED_FACE('',(#2262),#514,.F.);
#6298=ADVANCED_FACE('',(#2263),#515,.F.);
#6299=ADVANCED_FACE('',(#2264),#516,.F.);
#6300=ADVANCED_FACE('',(#2265),#517,.F.);
#6301=ADVANCED_FACE('',(#2266),#518,.F.);
#6302=ADVANCED_FACE('',(#2267),#519,.F.);
#6303=ADVANCED_FACE('',(#2268),#520,.F.);
#6304=ADVANCED_FACE('',(#2269),#521,.F.);
#6305=ADVANCED_FACE('',(#2270),#522,.F.);
#6306=ADVANCED_FACE('',(#2271),#523,.F.);
#6307=ADVANCED_FACE('',(#2272),#524,.F.);
#6308=ADVANCED_FACE('',(#2273),#525,.F.);
#6309=ADVANCED_FACE('',(#2274),#526,.F.);
#6310=ADVANCED_FACE('',(#2275),#527,.F.);
#6311=ADVANCED_FACE('',(#2276),#528,.F.);
#6312=ADVANCED_FACE('',(#2277),#529,.F.);
#6313=ADVANCED_FACE('',(#2278),#530,.F.);
#6314=ADVANCED_FACE('',(#2279),#531,.F.);
#6315=ADVANCED_FACE('',(#2280),#532,.F.);
#6316=ADVANCED_FACE('',(#2281),#533,.F.);
#6317=ADVANCED_FACE('',(#2282),#534,.F.);
#6318=ADVANCED_FACE('',(#2283),#535,.F.);
#6319=ADVANCED_FACE('',(#2284),#536,.F.);
#6320=ADVANCED_FACE('',(#2285),#537,.F.);
#6321=ADVANCED_FACE('',(#2286),#538,.F.);
#6322=ADVANCED_FACE('',(#2287),#539,.F.);
#6323=ADVANCED_FACE('',(#2288),#540,.F.);
#6324=ADVANCED_FACE('',(#2289),#541,.F.);
#6325=ADVANCED_FACE('',(#2290),#542,.F.);
#6326=ADVANCED_FACE('',(#2291),#543,.F.);
#6327=ADVANCED_FACE('',(#2292),#544,.F.);
#6328=ADVANCED_FACE('',(#2293),#545,.F.);
#6329=ADVANCED_FACE('',(#2294),#546,.F.);
#6330=ADVANCED_FACE('',(#2295),#547,.F.);
#6331=ADVANCED_FACE('',(#2296),#548,.F.);
#6332=ADVANCED_FACE('',(#2297),#549,.F.);
#6333=ADVANCED_FACE('',(#2298),#550,.F.);
#6334=ADVANCED_FACE('',(#2299),#551,.F.);
#6335=ADVANCED_FACE('',(#2300),#552,.F.);
#6336=ADVANCED_FACE('',(#2301),#553,.F.);
#6337=ADVANCED_FACE('',(#2302),#554,.F.);
#6338=ADVANCED_FACE('',(#2303),#555,.F.);
#6339=ADVANCED_FACE('',(#2304),#556,.F.);
#6340=ADVANCED_FACE('',(#2305),#557,.F.);
#6341=ADVANCED_FACE('',(#2306),#558,.F.);
#6342=ADVANCED_FACE('',(#2307),#559,.F.);
#6343=ADVANCED_FACE('',(#2308),#560,.F.);
#6344=ADVANCED_FACE('',(#2309),#561,.F.);
#6345=ADVANCED_FACE('',(#2310),#562,.F.);
#6346=ADVANCED_FACE('',(#2311),#563,.F.);
#6347=ADVANCED_FACE('',(#2312),#564,.F.);
#6348=ADVANCED_FACE('',(#2313),#565,.F.);
#6349=ADVANCED_FACE('',(#2314),#566,.F.);
#6350=ADVANCED_FACE('',(#2315),#567,.F.);
#6351=ADVANCED_FACE('',(#2316),#568,.F.);
#6352=ADVANCED_FACE('',(#2317),#569,.F.);
#6353=ADVANCED_FACE('',(#2318),#570,.F.);
#6354=ADVANCED_FACE('',(#2319),#571,.F.);
#6355=ADVANCED_FACE('',(#2320),#572,.F.);
#6356=ADVANCED_FACE('',(#2321),#573,.F.);
#6357=ADVANCED_FACE('',(#2322),#574,.F.);
#6358=ADVANCED_FACE('',(#2323),#575,.F.);
#6359=ADVANCED_FACE('',(#2324),#576,.F.);
#6360=ADVANCED_FACE('',(#2325),#577,.F.);
#6361=ADVANCED_FACE('',(#2326),#578,.F.);
#6362=ADVANCED_FACE('',(#2327),#579,.F.);
#6363=ADVANCED_FACE('',(#2328),#580,.F.);
#6364=ADVANCED_FACE('',(#2329),#581,.F.);
#6365=ADVANCED_FACE('',(#2330),#582,.F.);
#6366=ADVANCED_FACE('',(#2331),#583,.F.);
#6367=ADVANCED_FACE('',(#2332),#584,.F.);
#6368=ADVANCED_FACE('',(#2333),#585,.F.);
#6369=ADVANCED_FACE('',(#2334),#586,.F.);
#6370=ADVANCED_FACE('',(#2335),#587,.F.);
#6371=ADVANCED_FACE('',(#2336),#588,.F.);
#6372=ADVANCED_FACE('',(#2337),#589,.F.);
#6373=ADVANCED_FACE('',(#2338),#590,.F.);
#6374=ADVANCED_FACE('',(#2339),#591,.F.);
#6375=ADVANCED_FACE('',(#2340),#592,.F.);
#6376=ADVANCED_FACE('',(#2341),#593,.F.);
#6377=ADVANCED_FACE('',(#2342),#594,.F.);
#6378=ADVANCED_FACE('',(#2343),#595,.F.);
#6379=ADVANCED_FACE('',(#2344),#596,.F.);
#6380=ADVANCED_FACE('',(#2345),#597,.F.);
#6381=ADVANCED_FACE('',(#2346),#598,.F.);
#6382=ADVANCED_FACE('',(#2347),#599,.F.);
#6383=ADVANCED_FACE('',(#2348),#600,.F.);
#6384=ADVANCED_FACE('',(#2349),#601,.F.);
#6385=ADVANCED_FACE('',(#2350),#602,.F.);
#6386=ADVANCED_FACE('',(#2351),#603,.T.);
#6387=ADVANCED_FACE('',(#2352),#604,.T.);
#6388=ADVANCED_FACE('',(#2353),#605,.T.);
#6389=ADVANCED_FACE('',(#2354),#606,.T.);
#6390=ADVANCED_FACE('',(#2355),#607,.T.);
#6391=ADVANCED_FACE('',(#2356),#608,.T.);
#6392=ADVANCED_FACE('',(#2357),#609,.T.);
#6393=ADVANCED_FACE('',(#2358),#610,.T.);
#6394=ADVANCED_FACE('',(#2359),#611,.T.);
#6395=ADVANCED_FACE('',(#2360),#612,.T.);
#6396=ADVANCED_FACE('',(#2361),#613,.T.);
#6397=ADVANCED_FACE('',(#2362),#614,.T.);
#6398=ADVANCED_FACE('',(#2363),#615,.T.);
#6399=ADVANCED_FACE('',(#2364),#616,.T.);
#6400=ADVANCED_FACE('',(#2365),#617,.T.);
#6401=ADVANCED_FACE('',(#2366),#618,.T.);
#6402=ADVANCED_FACE('',(#2367),#619,.T.);
#6403=ADVANCED_FACE('',(#2368),#620,.T.);
#6404=ADVANCED_FACE('',(#2369),#621,.T.);
#6405=ADVANCED_FACE('',(#2370),#622,.T.);
#6406=ADVANCED_FACE('',(#2371),#623,.T.);
#6407=ADVANCED_FACE('',(#2372),#624,.T.);
#6408=ADVANCED_FACE('',(#2373),#625,.T.);
#6409=ADVANCED_FACE('',(#2374),#626,.T.);
#6410=ADVANCED_FACE('',(#2375),#627,.T.);
#6411=ADVANCED_FACE('',(#2376),#628,.T.);
#6412=ADVANCED_FACE('',(#2377),#629,.T.);
#6413=ADVANCED_FACE('',(#2378),#630,.T.);
#6414=ADVANCED_FACE('',(#2379),#631,.T.);
#6415=ADVANCED_FACE('',(#2380),#632,.T.);
#6416=ADVANCED_FACE('',(#2381),#633,.T.);
#6417=ADVANCED_FACE('',(#2382),#634,.T.);
#6418=ADVANCED_FACE('',(#2383),#635,.T.);
#6419=ADVANCED_FACE('',(#2384),#636,.T.);
#6420=ADVANCED_FACE('',(#2385),#637,.T.);
#6421=ADVANCED_FACE('',(#2386),#638,.T.);
#6422=ADVANCED_FACE('',(#2387),#639,.T.);
#6423=ADVANCED_FACE('',(#2388),#640,.T.);
#6424=ADVANCED_FACE('',(#2389),#14,.T.);
#6425=ADVANCED_FACE('',(#2390),#15,.T.);
#6426=ADVANCED_FACE('',(#2391),#641,.T.);
#6427=ADVANCED_FACE('',(#2392),#16,.T.);
#6428=ADVANCED_FACE('',(#2393),#642,.T.);
#6429=ADVANCED_FACE('',(#2394),#643,.T.);
#6430=ADVANCED_FACE('',(#2395),#644,.T.);
#6431=ADVANCED_FACE('',(#2396),#17,.T.);
#6432=ADVANCED_FACE('',(#2397),#645,.T.);
#6433=ADVANCED_FACE('',(#2398),#18,.T.);
#6434=ADVANCED_FACE('',(#2399),#19,.T.);
#6435=ADVANCED_FACE('',(#2400),#646,.T.);
#6436=ADVANCED_FACE('',(#2401),#647,.T.);
#6437=ADVANCED_FACE('',(#2402),#648,.T.);
#6438=ADVANCED_FACE('',(#2403),#20,.T.);
#6439=ADVANCED_FACE('',(#2404),#649,.T.);
#6440=ADVANCED_FACE('',(#2405),#21,.T.);
#6441=ADVANCED_FACE('',(#2406),#22,.T.);
#6442=ADVANCED_FACE('',(#2407),#650,.T.);
#6443=ADVANCED_FACE('',(#2408),#23,.T.);
#6444=ADVANCED_FACE('',(#2409),#651,.T.);
#6445=ADVANCED_FACE('',(#2410),#652,.T.);
#6446=ADVANCED_FACE('',(#2411),#24,.T.);
#6447=ADVANCED_FACE('',(#2412),#653,.T.);
#6448=ADVANCED_FACE('',(#2413),#25,.T.);
#6449=ADVANCED_FACE('',(#2414),#26,.T.);
#6450=ADVANCED_FACE('',(#2415),#654,.T.);
#6451=ADVANCED_FACE('',(#2416),#27,.T.);
#6452=ADVANCED_FACE('',(#2417),#655,.T.);
#6453=ADVANCED_FACE('',(#2418),#656,.T.);
#6454=ADVANCED_FACE('',(#2419),#657,.T.);
#6455=ADVANCED_FACE('',(#2420),#28,.T.);
#6456=ADVANCED_FACE('',(#2421),#29,.T.);
#6457=ADVANCED_FACE('',(#2422),#658,.T.);
#6458=ADVANCED_FACE('',(#2423),#30,.T.);
#6459=ADVANCED_FACE('',(#2424),#659,.T.);
#6460=ADVANCED_FACE('',(#2425),#660,.T.);
#6461=ADVANCED_FACE('',(#2426),#31,.T.);
#6462=ADVANCED_FACE('',(#2427),#661,.T.);
#6463=ADVANCED_FACE('',(#2428),#32,.T.);
#6464=ADVANCED_FACE('',(#2429),#662,.T.);
#6465=ADVANCED_FACE('',(#2430),#33,.T.);
#6466=ADVANCED_FACE('',(#2431),#34,.T.);
#6467=ADVANCED_FACE('',(#2432),#663,.T.);
#6468=ADVANCED_FACE('',(#2433),#664,.T.);
#6469=ADVANCED_FACE('',(#2434),#35,.T.);
#6470=ADVANCED_FACE('',(#2435),#36,.T.);
#6471=ADVANCED_FACE('',(#2436),#665,.T.);
#6472=ADVANCED_FACE('',(#2437),#37,.T.);
#6473=ADVANCED_FACE('',(#2438),#38,.T.);
#6474=ADVANCED_FACE('',(#2439),#666,.T.);
#6475=ADVANCED_FACE('',(#2440),#667,.T.);
#6476=ADVANCED_FACE('',(#2441),#668,.T.);
#6477=ADVANCED_FACE('',(#2442),#669,.T.);
#6478=ADVANCED_FACE('',(#2443),#39,.T.);
#6479=ADVANCED_FACE('',(#2444),#40,.T.);
#6480=ADVANCED_FACE('',(#2445),#670,.T.);
#6481=ADVANCED_FACE('',(#2446),#41,.T.);
#6482=ADVANCED_FACE('',(#2447),#42,.T.);
#6483=ADVANCED_FACE('',(#2448),#671,.T.);
#6484=ADVANCED_FACE('',(#2449),#672,.T.);
#6485=ADVANCED_FACE('',(#2450),#43,.T.);
#6486=ADVANCED_FACE('',(#2451),#673,.T.);
#6487=ADVANCED_FACE('',(#2452,#448,#449,#450,#451,#452,#453,#454,#455,#456),
#674,.T.);
#6488=ADVANCED_FACE('',(#2453),#675,.T.);
#6489=ADVANCED_FACE('',(#2454),#676,.T.);
#6490=ADVANCED_FACE('',(#2455),#677,.T.);
#6491=ADVANCED_FACE('',(#2456),#678,.T.);
#6492=ADVANCED_FACE('',(#2457),#679,.T.);
#6493=ADVANCED_FACE('',(#2458),#680,.T.);
#6494=ADVANCED_FACE('',(#2459),#681,.T.);
#6495=ADVANCED_FACE('',(#2460),#682,.T.);
#6496=ADVANCED_FACE('',(#2461),#683,.T.);
#6497=ADVANCED_FACE('',(#2462),#2171,.F.);
#6498=ADVANCED_FACE('',(#2463),#684,.F.);
#6499=ADVANCED_FACE('',(#2464),#2172,.F.);
#6500=ADVANCED_FACE('',(#2465),#685,.F.);
#6501=ADVANCED_FACE('',(#2466),#686,.F.);
#6502=ADVANCED_FACE('',(#2467),#687,.T.);
#6503=ADVANCED_FACE('',(#2468),#688,.T.);
#6504=ADVANCED_FACE('',(#2469),#689,.T.);
#6505=ADVANCED_FACE('',(#2470),#690,.T.);
#6506=ADVANCED_FACE('',(#2471),#691,.F.);
#6507=ADVANCED_FACE('',(#2472),#692,.F.);
#6508=ADVANCED_FACE('',(#2473),#693,.F.);
#6509=ADVANCED_FACE('',(#2474),#694,.F.);
#6510=ADVANCED_FACE('',(#2475),#6241,.T.);
#6511=ADVANCED_FACE('',(#2476),#2173,.F.);
#6512=ADVANCED_FACE('',(#2477,#457,#458,#459,#460,#461,#462,#463,#464,#465,
#466,#467,#468,#469),#695,.F.);
#6513=ADVANCED_FACE('',(#2478),#6242,.T.);
#6514=ADVANCED_FACE('',(#2479),#2174,.F.);
#6515=ADVANCED_FACE('',(#2480),#2175,.F.);
#6516=ADVANCED_FACE('',(#2481),#2176,.F.);
#6517=ADVANCED_FACE('',(#2482),#2177,.F.);
#6518=ADVANCED_FACE('',(#2483),#2178,.T.);
#6519=ADVANCED_FACE('',(#2484),#696,.T.);
#6520=ADVANCED_FACE('',(#2485),#2179,.T.);
#6521=ADVANCED_FACE('',(#2486),#2180,.F.);
#6522=ADVANCED_FACE('',(#2487),#697,.F.);
#6523=ADVANCED_FACE('',(#2488),#2181,.T.);
#6524=ADVANCED_FACE('',(#2489),#698,.F.);
#6525=ADVANCED_FACE('',(#2490),#2182,.F.);
#6526=ADVANCED_FACE('',(#2491),#699,.F.);
#6527=ADVANCED_FACE('',(#2492),#2183,.F.);
#6528=ADVANCED_FACE('',(#2493),#700,.F.);
#6529=ADVANCED_FACE('',(#2494),#2184,.F.);
#6530=ADVANCED_FACE('',(#2495),#701,.F.);
#6531=ADVANCED_FACE('',(#2496),#2185,.F.);
#6532=ADVANCED_FACE('',(#2497),#702,.F.);
#6533=ADVANCED_FACE('',(#2498),#2186,.F.);
#6534=ADVANCED_FACE('',(#2499),#703,.F.);
#6535=ADVANCED_FACE('',(#2500),#2187,.F.);
#6536=ADVANCED_FACE('',(#2501),#704,.F.);
#6537=ADVANCED_FACE('',(#2502),#2188,.F.);
#6538=ADVANCED_FACE('',(#2503),#705,.F.);
#6539=ADVANCED_FACE('',(#2504),#2189,.F.);
#6540=ADVANCED_FACE('',(#2505),#706,.F.);
#6541=ADVANCED_FACE('',(#2506),#2190,.F.);
#6542=ADVANCED_FACE('',(#2507),#707,.F.);
#6543=ADVANCED_FACE('',(#2508),#2191,.F.);
#6544=ADVANCED_FACE('',(#2509),#708,.F.);
#6545=ADVANCED_FACE('',(#2510),#2192,.F.);
#6546=ADVANCED_FACE('',(#2511),#709,.F.);
#6547=ADVANCED_FACE('',(#2512),#2193,.F.);
#6548=ADVANCED_FACE('',(#2513),#710,.F.);
#6549=ADVANCED_FACE('',(#2514),#2194,.F.);
#6550=ADVANCED_FACE('',(#2515),#711,.F.);
#6551=ADVANCED_FACE('',(#2516),#2195,.F.);
#6552=ADVANCED_FACE('',(#2517),#712,.F.);
#6553=ADVANCED_FACE('',(#2518),#2196,.F.);
#6554=ADVANCED_FACE('',(#2519),#713,.F.);
#6555=ADVANCED_FACE('',(#2520),#2197,.F.);
#6556=ADVANCED_FACE('',(#2521),#714,.F.);
#6557=ADVANCED_FACE('',(#2522),#2198,.F.);
#6558=ADVANCED_FACE('',(#2523),#715,.F.);
#6559=ADVANCED_FACE('',(#2524),#2199,.F.);
#6560=ADVANCED_FACE('',(#2525),#716,.F.);
#6561=ADVANCED_FACE('',(#2526),#2200,.F.);
#6562=ADVANCED_FACE('',(#2527),#717,.F.);
#6563=ADVANCED_FACE('',(#2528),#2201,.F.);
#6564=ADVANCED_FACE('',(#2529),#718,.F.);
#6565=ADVANCED_FACE('',(#2530),#2202,.F.);
#6566=ADVANCED_FACE('',(#2531),#719,.F.);
#6567=ADVANCED_FACE('',(#2532),#2203,.F.);
#6568=ADVANCED_FACE('',(#2533),#720,.F.);
#6569=ADVANCED_FACE('',(#2534),#2204,.F.);
#6570=ADVANCED_FACE('',(#2535),#721,.F.);
#6571=ADVANCED_FACE('',(#2536),#2205,.F.);
#6572=ADVANCED_FACE('',(#2537),#722,.F.);
#6573=ADVANCED_FACE('',(#2538),#2206,.F.);
#6574=ADVANCED_FACE('',(#2539),#723,.F.);
#6575=ADVANCED_FACE('',(#2540),#2207,.F.);
#6576=ADVANCED_FACE('',(#2541),#724,.T.);
#6577=CLOSED_SHELL('',(#6243,#6244,#6245,#6246,#6247,#6248,#6249,#6250,
#6251,#6252,#6253,#6254,#6255,#6256,#6257,#6258,#6259,#6260,#6261,#6262,
#6263,#6264,#6265,#6266,#6267,#6268,#6269,#6270,#6271,#6272,#6273,#6274,
#6275,#6276,#6277,#6278,#6279,#6280,#6281,#6282,#6283,#6284,#6285,#6286,
#6287,#6288,#6289,#6290,#6291,#6292,#6293,#6294,#6295,#6296,#6297,#6298,
#6299,#6300,#6301,#6302,#6303,#6304,#6305,#6306,#6307,#6308,#6309,#6310,
#6311,#6312,#6313,#6314,#6315,#6316,#6317,#6318,#6319,#6320,#6321,#6322,
#6323,#6324,#6325,#6326,#6327,#6328,#6329,#6330,#6331,#6332,#6333,#6334,
#6335,#6336,#6337,#6338,#6339,#6340,#6341,#6342,#6343,#6344,#6345,#6346,
#6347,#6348,#6349,#6350,#6351,#6352,#6353,#6354,#6355,#6356,#6357,#6358,
#6359,#6360,#6361,#6362,#6363,#6364,#6365,#6366,#6367,#6368,#6369,#6370,
#6371,#6372,#6373,#6374,#6375,#6376,#6377,#6378,#6379,#6380,#6381,#6382,
#6383,#6384,#6385,#6386,#6387,#6388,#6389,#6390,#6391,#6392,#6393,#6394,
#6395,#6396,#6397,#6398,#6399,#6400,#6401,#6402,#6403,#6404,#6405,#6406,
#6407,#6408,#6409,#6410,#6411,#6412,#6413,#6414,#6415,#6416,#6417,#6418,
#6419,#6420,#6421,#6422,#6423,#6424,#6425,#6426,#6427,#6428,#6429,#6430,
#6431,#6432,#6433,#6434,#6435,#6436,#6437,#6438,#6439,#6440,#6441,#6442,
#6443,#6444,#6445,#6446,#6447,#6448,#6449,#6450,#6451,#6452,#6453,#6454,
#6455,#6456,#6457,#6458,#6459,#6460,#6461,#6462,#6463,#6464,#6465,#6466,
#6467,#6468,#6469,#6470,#6471,#6472,#6473,#6474,#6475,#6476,#6477,#6478,
#6479,#6480,#6481,#6482,#6483,#6484,#6485,#6486,#6487,#6488,#6489,#6490,
#6491,#6492,#6493,#6494,#6495,#6496,#6497,#6498,#6499,#6500,#6501,#6502,
#6503,#6504,#6505,#6506,#6507,#6508,#6509,#6510,#6511,#6512,#6513,#6514,
#6515,#6516,#6517,#6518,#6519,#6520,#6521,#6522,#6523,#6524,#6525,#6526,
#6527,#6528,#6529,#6530,#6531,#6532,#6533,#6534,#6535,#6536,#6537,#6538,
#6539,#6540,#6541,#6542,#6543,#6544,#6545,#6546,#6547,#6548,#6549,#6550,
#6551,#6552,#6553,#6554,#6555,#6556,#6557,#6558,#6559,#6560,#6561,#6562,
#6563,#6564,#6565,#6566,#6567,#6568,#6569,#6570,#6571,#6572,#6573,#6574,
#6575,#6576));
#6578=DERIVED_UNIT_ELEMENT(#6580,1.);
#6579=DERIVED_UNIT_ELEMENT(#10694,-3.);
#6580=(
MASS_UNIT()
NAMED_UNIT(*)
SI_UNIT(.KILO.,.GRAM.)
);
#6581=DERIVED_UNIT((#6578,#6579));
#6582=MEASURE_REPRESENTATION_ITEM('density measure',
POSITIVE_RATIO_MEASURE(7850.),#6581);
#6583=PROPERTY_DEFINITION_REPRESENTATION(#6588,#6585);
#6584=PROPERTY_DEFINITION_REPRESENTATION(#6589,#6586);
#6585=REPRESENTATION('material name',(#6587),#10691);
#6586=REPRESENTATION('density',(#6582),#10691);
#6587=DESCRIPTIVE_REPRESENTATION_ITEM('Steel','Steel');
#6588=PROPERTY_DEFINITION('material property','material name',#10701);
#6589=PROPERTY_DEFINITION('material property','density of part',#10701);
#6590=AXIS2_PLACEMENT_3D('',#8510,#6990,#6991);
#6591=AXIS2_PLACEMENT_3D('',#8511,#6992,#6993);
#6592=AXIS2_PLACEMENT_3D('',#8514,#6994,#6995);
#6593=AXIS2_PLACEMENT_3D('',#8516,#6996,#6997);
#6594=AXIS2_PLACEMENT_3D('',#8518,#6998,#6999);
#6595=AXIS2_PLACEMENT_3D('',#8519,#7000,#7001);
#6596=AXIS2_PLACEMENT_3D('',#8520,#7002,#7003);
#6597=AXIS2_PLACEMENT_3D('',#8523,#7004,#7005);
#6598=AXIS2_PLACEMENT_3D('',#8526,#7008,#7009);
#6599=AXIS2_PLACEMENT_3D('',#8529,#7010,#7011);
#6600=AXIS2_PLACEMENT_3D('',#8530,#7012,#7013);
#6601=AXIS2_PLACEMENT_3D('',#8531,#7014,#7015);
#6602=AXIS2_PLACEMENT_3D('',#8532,#7016,#7017);
#6603=AXIS2_PLACEMENT_3D('',#8535,#7018,#7019);
#6604=AXIS2_PLACEMENT_3D('',#8538,#7022,#7023);
#6605=AXIS2_PLACEMENT_3D('',#8541,#7024,#7025);
#6606=AXIS2_PLACEMENT_3D('',#8542,#7026,#7027);
#6607=AXIS2_PLACEMENT_3D('',#8543,#7028,#7029);
#6608=AXIS2_PLACEMENT_3D('',#8544,#7030,#7031);
#6609=AXIS2_PLACEMENT_3D('',#8547,#7032,#7033);
#6610=AXIS2_PLACEMENT_3D('',#8550,#7036,#7037);
#6611=AXIS2_PLACEMENT_3D('',#8553,#7038,#7039);
#6612=AXIS2_PLACEMENT_3D('',#8554,#7040,#7041);
#6613=AXIS2_PLACEMENT_3D('',#8555,#7042,#7043);
#6614=AXIS2_PLACEMENT_3D('',#8556,#7044,#7045);
#6615=AXIS2_PLACEMENT_3D('',#8559,#7048,#7049);
#6616=AXIS2_PLACEMENT_3D('',#8565,#7053,#7054);
#6617=AXIS2_PLACEMENT_3D('',#8568,#7056,#7057);
#6618=AXIS2_PLACEMENT_3D('',#8569,#7058,#7059);
#6619=AXIS2_PLACEMENT_3D('',#8573,#7062,#7063);
#6620=AXIS2_PLACEMENT_3D('',#8576,#7065,#7066);
#6621=AXIS2_PLACEMENT_3D('',#8577,#7067,#7068);
#6622=AXIS2_PLACEMENT_3D('',#8795,#7177,#7178);
#6623=AXIS2_PLACEMENT_3D('',#8797,#7179,#7180);
#6624=AXIS2_PLACEMENT_3D('',#8802,#7182,#7183);
#6625=AXIS2_PLACEMENT_3D('',#8806,#7185,#7186);
#6626=AXIS2_PLACEMENT_3D('',#8810,#7188,#7189);
#6627=AXIS2_PLACEMENT_3D('',#8813,#7191,#7192);
#6628=AXIS2_PLACEMENT_3D('',#8818,#7194,#7195);
#6629=AXIS2_PLACEMENT_3D('',#8822,#7197,#7198);
#6630=AXIS2_PLACEMENT_3D('',#8826,#7200,#7201);
#6631=AXIS2_PLACEMENT_3D('',#8829,#7203,#7204);
#6632=AXIS2_PLACEMENT_3D('',#8834,#7206,#7207);
#6633=AXIS2_PLACEMENT_3D('',#8838,#7209,#7210);
#6634=AXIS2_PLACEMENT_3D('',#8842,#7212,#7213);
#6635=AXIS2_PLACEMENT_3D('',#8845,#7215,#7216);
#6636=AXIS2_PLACEMENT_3D('',#8850,#7218,#7219);
#6637=AXIS2_PLACEMENT_3D('',#8854,#7221,#7222);
#6638=AXIS2_PLACEMENT_3D('',#8858,#7224,#7225);
#6639=AXIS2_PLACEMENT_3D('',#8861,#7227,#7228);
#6640=AXIS2_PLACEMENT_3D('',#8866,#7230,#7231);
#6641=AXIS2_PLACEMENT_3D('',#8870,#7233,#7234);
#6642=AXIS2_PLACEMENT_3D('',#8874,#7236,#7237);
#6643=AXIS2_PLACEMENT_3D('',#8877,#7239,#7240);
#6644=AXIS2_PLACEMENT_3D('',#8882,#7242,#7243);
#6645=AXIS2_PLACEMENT_3D('',#8886,#7245,#7246);
#6646=AXIS2_PLACEMENT_3D('',#8890,#7248,#7249);
#6647=AXIS2_PLACEMENT_3D('',#8893,#7251,#7252);
#6648=AXIS2_PLACEMENT_3D('',#8895,#7253,#7254);
#6649=AXIS2_PLACEMENT_3D('',#8897,#7255,#7256);
#6650=AXIS2_PLACEMENT_3D('',#8899,#7257,#7258);
#6651=AXIS2_PLACEMENT_3D('',#8904,#7260,#7261);
#6652=AXIS2_PLACEMENT_3D('',#8908,#7263,#7264);
#6653=AXIS2_PLACEMENT_3D('',#8912,#7266,#7267);
#6654=AXIS2_PLACEMENT_3D('',#8916,#7269,#7270);
#6655=AXIS2_PLACEMENT_3D('',#8920,#7272,#7273);
#6656=AXIS2_PLACEMENT_3D('',#8923,#7275,#7276);
#6657=AXIS2_PLACEMENT_3D('',#9140,#7310,#7311);
#6658=AXIS2_PLACEMENT_3D('',#9146,#7315,#7316);
#6659=AXIS2_PLACEMENT_3D('',#9150,#7319,#7320);
#6660=AXIS2_PLACEMENT_3D('',#9154,#7323,#7324);
#6661=AXIS2_PLACEMENT_3D('',#9156,#7326,#7327);
#6662=AXIS2_PLACEMENT_3D('',#9157,#7328,#7329);
#6663=AXIS2_PLACEMENT_3D('',#9163,#7333,#7334);
#6664=AXIS2_PLACEMENT_3D('',#9167,#7337,#7338);
#6665=AXIS2_PLACEMENT_3D('',#9171,#7341,#7342);
#6666=AXIS2_PLACEMENT_3D('',#9173,#7344,#7345);
#6667=AXIS2_PLACEMENT_3D('',#9174,#7346,#7347);
#6668=AXIS2_PLACEMENT_3D('',#9180,#7351,#7352);
#6669=AXIS2_PLACEMENT_3D('',#9184,#7355,#7356);
#6670=AXIS2_PLACEMENT_3D('',#9188,#7359,#7360);
#6671=AXIS2_PLACEMENT_3D('',#9190,#7362,#7363);
#6672=AXIS2_PLACEMENT_3D('',#9191,#7364,#7365);
#6673=AXIS2_PLACEMENT_3D('',#9197,#7369,#7370);
#6674=AXIS2_PLACEMENT_3D('',#9201,#7373,#7374);
#6675=AXIS2_PLACEMENT_3D('',#9205,#7377,#7378);
#6676=AXIS2_PLACEMENT_3D('',#9207,#7380,#7381);
#6677=AXIS2_PLACEMENT_3D('',#9208,#7382,#7383);
#6678=AXIS2_PLACEMENT_3D('',#9214,#7387,#7388);
#6679=AXIS2_PLACEMENT_3D('',#9218,#7391,#7392);
#6680=AXIS2_PLACEMENT_3D('',#9222,#7395,#7396);
#6681=AXIS2_PLACEMENT_3D('',#9224,#7398,#7399);
#6682=AXIS2_PLACEMENT_3D('',#9225,#7400,#7401);
#6683=AXIS2_PLACEMENT_3D('',#9231,#7405,#7406);
#6684=AXIS2_PLACEMENT_3D('',#9235,#7409,#7410);
#6685=AXIS2_PLACEMENT_3D('',#9239,#7413,#7414);
#6686=AXIS2_PLACEMENT_3D('',#9241,#7416,#7417);
#6687=AXIS2_PLACEMENT_3D('',#9242,#7418,#7419);
#6688=AXIS2_PLACEMENT_3D('',#9248,#7423,#7424);
#6689=AXIS2_PLACEMENT_3D('',#9252,#7427,#7428);
#6690=AXIS2_PLACEMENT_3D('',#9256,#7431,#7432);
#6691=AXIS2_PLACEMENT_3D('',#9258,#7434,#7435);
#6692=AXIS2_PLACEMENT_3D('',#9259,#7436,#7437);
#6693=AXIS2_PLACEMENT_3D('',#9265,#7441,#7442);
#6694=AXIS2_PLACEMENT_3D('',#9269,#7445,#7446);
#6695=AXIS2_PLACEMENT_3D('',#9273,#7449,#7450);
#6696=AXIS2_PLACEMENT_3D('',#9275,#7452,#7453);
#6697=AXIS2_PLACEMENT_3D('',#9276,#7454,#7455);
#6698=AXIS2_PLACEMENT_3D('',#9282,#7459,#7460);
#6699=AXIS2_PLACEMENT_3D('',#9286,#7463,#7464);
#6700=AXIS2_PLACEMENT_3D('',#9290,#7467,#7468);
#6701=AXIS2_PLACEMENT_3D('',#9292,#7470,#7471);
#6702=AXIS2_PLACEMENT_3D('',#9293,#7472,#7473);
#6703=AXIS2_PLACEMENT_3D('',#9299,#7477,#7478);
#6704=AXIS2_PLACEMENT_3D('',#9303,#7481,#7482);
#6705=AXIS2_PLACEMENT_3D('',#9307,#7485,#7486);
#6706=AXIS2_PLACEMENT_3D('',#9309,#7488,#7489);
#6707=AXIS2_PLACEMENT_3D('',#9310,#7490,#7491);
#6708=AXIS2_PLACEMENT_3D('',#9316,#7495,#7496);
#6709=AXIS2_PLACEMENT_3D('',#9320,#7499,#7500);
#6710=AXIS2_PLACEMENT_3D('',#9324,#7503,#7504);
#6711=AXIS2_PLACEMENT_3D('',#9326,#7506,#7507);
#6712=AXIS2_PLACEMENT_3D('',#9327,#7508,#7509);
#6713=AXIS2_PLACEMENT_3D('',#9333,#7513,#7514);
#6714=AXIS2_PLACEMENT_3D('',#9337,#7517,#7518);
#6715=AXIS2_PLACEMENT_3D('',#9341,#7521,#7522);
#6716=AXIS2_PLACEMENT_3D('',#9343,#7524,#7525);
#6717=AXIS2_PLACEMENT_3D('',#9344,#7526,#7527);
#6718=AXIS2_PLACEMENT_3D('',#9350,#7531,#7532);
#6719=AXIS2_PLACEMENT_3D('',#9354,#7535,#7536);
#6720=AXIS2_PLACEMENT_3D('',#9358,#7539,#7540);
#6721=AXIS2_PLACEMENT_3D('',#9360,#7542,#7543);
#6722=AXIS2_PLACEMENT_3D('',#9361,#7544,#7545);
#6723=AXIS2_PLACEMENT_3D('',#9367,#7549,#7550);
#6724=AXIS2_PLACEMENT_3D('',#9371,#7553,#7554);
#6725=AXIS2_PLACEMENT_3D('',#9375,#7557,#7558);
#6726=AXIS2_PLACEMENT_3D('',#9377,#7560,#7561);
#6727=AXIS2_PLACEMENT_3D('',#9378,#7562,#7563);
#6728=AXIS2_PLACEMENT_3D('',#9384,#7567,#7568);
#6729=AXIS2_PLACEMENT_3D('',#9388,#7571,#7572);
#6730=AXIS2_PLACEMENT_3D('',#9392,#7575,#7576);
#6731=AXIS2_PLACEMENT_3D('',#9394,#7578,#7579);
#6732=AXIS2_PLACEMENT_3D('',#9395,#7580,#7581);
#6733=AXIS2_PLACEMENT_3D('',#9401,#7585,#7586);
#6734=AXIS2_PLACEMENT_3D('',#9405,#7589,#7590);
#6735=AXIS2_PLACEMENT_3D('',#9409,#7593,#7594);
#6736=AXIS2_PLACEMENT_3D('',#9411,#7596,#7597);
#6737=AXIS2_PLACEMENT_3D('',#9412,#7598,#7599);
#6738=AXIS2_PLACEMENT_3D('',#9418,#7603,#7604);
#6739=AXIS2_PLACEMENT_3D('',#9422,#7607,#7608);
#6740=AXIS2_PLACEMENT_3D('',#9426,#7611,#7612);
#6741=AXIS2_PLACEMENT_3D('',#9428,#7614,#7615);
#6742=AXIS2_PLACEMENT_3D('',#9429,#7616,#7617);
#6743=AXIS2_PLACEMENT_3D('',#9435,#7621,#7622);
#6744=AXIS2_PLACEMENT_3D('',#9439,#7625,#7626);
#6745=AXIS2_PLACEMENT_3D('',#9443,#7629,#7630);
#6746=AXIS2_PLACEMENT_3D('',#9445,#7632,#7633);
#6747=AXIS2_PLACEMENT_3D('',#9446,#7634,#7635);
#6748=AXIS2_PLACEMENT_3D('',#9452,#7639,#7640);
#6749=AXIS2_PLACEMENT_3D('',#9456,#7643,#7644);
#6750=AXIS2_PLACEMENT_3D('',#9460,#7647,#7648);
#6751=AXIS2_PLACEMENT_3D('',#9462,#7650,#7651);
#6752=AXIS2_PLACEMENT_3D('',#9463,#7652,#7653);
#6753=AXIS2_PLACEMENT_3D('',#9469,#7657,#7658);
#6754=AXIS2_PLACEMENT_3D('',#9473,#7661,#7662);
#6755=AXIS2_PLACEMENT_3D('',#9477,#7665,#7666);
#6756=AXIS2_PLACEMENT_3D('',#9479,#7668,#7669);
#6757=AXIS2_PLACEMENT_3D('',#9480,#7670,#7671);
#6758=AXIS2_PLACEMENT_3D('',#9486,#7675,#7676);
#6759=AXIS2_PLACEMENT_3D('',#9490,#7679,#7680);
#6760=AXIS2_PLACEMENT_3D('',#9494,#7683,#7684);
#6761=AXIS2_PLACEMENT_3D('',#9496,#7686,#7687);
#6762=AXIS2_PLACEMENT_3D('',#9497,#7688,#7689);
#6763=AXIS2_PLACEMENT_3D('',#9503,#7693,#7694);
#6764=AXIS2_PLACEMENT_3D('',#9507,#7697,#7698);
#6765=AXIS2_PLACEMENT_3D('',#9511,#7701,#7702);
#6766=AXIS2_PLACEMENT_3D('',#9513,#7704,#7705);
#6767=AXIS2_PLACEMENT_3D('',#9514,#7706,#7707);
#6768=AXIS2_PLACEMENT_3D('',#9520,#7711,#7712);
#6769=AXIS2_PLACEMENT_3D('',#9524,#7715,#7716);
#6770=AXIS2_PLACEMENT_3D('',#9528,#7719,#7720);
#6771=AXIS2_PLACEMENT_3D('',#9530,#7722,#7723);
#6772=AXIS2_PLACEMENT_3D('',#9531,#7724,#7725);
#6773=AXIS2_PLACEMENT_3D('',#9537,#7729,#7730);
#6774=AXIS2_PLACEMENT_3D('',#9541,#7733,#7734);
#6775=AXIS2_PLACEMENT_3D('',#9545,#7737,#7738);
#6776=AXIS2_PLACEMENT_3D('',#9547,#7740,#7741);
#6777=AXIS2_PLACEMENT_3D('',#9548,#7742,#7743);
#6778=AXIS2_PLACEMENT_3D('',#9554,#7747,#7748);
#6779=AXIS2_PLACEMENT_3D('',#9558,#7751,#7752);
#6780=AXIS2_PLACEMENT_3D('',#9562,#7755,#7756);
#6781=AXIS2_PLACEMENT_3D('',#9564,#7758,#7759);
#6782=AXIS2_PLACEMENT_3D('',#9565,#7760,#7761);
#6783=AXIS2_PLACEMENT_3D('',#9571,#7765,#7766);
#6784=AXIS2_PLACEMENT_3D('',#9575,#7769,#7770);
#6785=AXIS2_PLACEMENT_3D('',#9579,#7773,#7774);
#6786=AXIS2_PLACEMENT_3D('',#9581,#7776,#7777);
#6787=AXIS2_PLACEMENT_3D('',#9582,#7778,#7779);
#6788=AXIS2_PLACEMENT_3D('',#9591,#7784,#7785);
#6789=AXIS2_PLACEMENT_3D('',#9597,#7789,#7790);
#6790=AXIS2_PLACEMENT_3D('',#9603,#7794,#7795);
#6791=AXIS2_PLACEMENT_3D('',#9606,#7798,#7799);
#6792=AXIS2_PLACEMENT_3D('',#9615,#7804,#7805);
#6793=AXIS2_PLACEMENT_3D('',#9621,#7809,#7810);
#6794=AXIS2_PLACEMENT_3D('',#9627,#7814,#7815);
#6795=AXIS2_PLACEMENT_3D('',#9630,#7818,#7819);
#6796=AXIS2_PLACEMENT_3D('',#9639,#7824,#7825);
#6797=AXIS2_PLACEMENT_3D('',#9645,#7829,#7830);
#6798=AXIS2_PLACEMENT_3D('',#9651,#7834,#7835);
#6799=AXIS2_PLACEMENT_3D('',#9657,#7839,#7840);
#6800=AXIS2_PLACEMENT_3D('',#9660,#7843,#7844);
#6801=AXIS2_PLACEMENT_3D('',#9669,#7849,#7850);
#6802=AXIS2_PLACEMENT_3D('',#9675,#7854,#7855);
#6803=AXIS2_PLACEMENT_3D('',#9681,#7859,#7860);
#6804=AXIS2_PLACEMENT_3D('',#9687,#7864,#7865);
#6805=AXIS2_PLACEMENT_3D('',#9690,#7868,#7869);
#6806=AXIS2_PLACEMENT_3D('',#9699,#7874,#7875);
#6807=AXIS2_PLACEMENT_3D('',#9705,#7879,#7880);
#6808=AXIS2_PLACEMENT_3D('',#9711,#7884,#7885);
#6809=AXIS2_PLACEMENT_3D('',#9714,#7888,#7889);
#6810=AXIS2_PLACEMENT_3D('',#9723,#7894,#7895);
#6811=AXIS2_PLACEMENT_3D('',#9729,#7899,#7900);
#6812=AXIS2_PLACEMENT_3D('',#9735,#7904,#7905);
#6813=AXIS2_PLACEMENT_3D('',#9738,#7908,#7909);
#6814=AXIS2_PLACEMENT_3D('',#9747,#7914,#7915);
#6815=AXIS2_PLACEMENT_3D('',#9753,#7919,#7920);
#6816=AXIS2_PLACEMENT_3D('',#9759,#7924,#7925);
#6817=AXIS2_PLACEMENT_3D('',#9762,#7928,#7929);
#6818=AXIS2_PLACEMENT_3D('',#9771,#7934,#7935);
#6819=AXIS2_PLACEMENT_3D('',#9777,#7939,#7940);
#6820=AXIS2_PLACEMENT_3D('',#9783,#7944,#7945);
#6821=AXIS2_PLACEMENT_3D('',#9786,#7948,#7949);
#6822=AXIS2_PLACEMENT_3D('',#9795,#7954,#7955);
#6823=AXIS2_PLACEMENT_3D('',#9801,#7959,#7960);
#6824=AXIS2_PLACEMENT_3D('',#9807,#7964,#7965);
#6825=AXIS2_PLACEMENT_3D('',#9840,#7971,#7972);
#6826=AXIS2_PLACEMENT_3D('',#9858,#7976,#7977);
#6827=AXIS2_PLACEMENT_3D('',#9862,#7980,#7981);
#6828=AXIS2_PLACEMENT_3D('',#9866,#7984,#7985);
#6829=AXIS2_PLACEMENT_3D('',#9884,#7989,#7990);
#6830=AXIS2_PLACEMENT_3D('',#9916,#7995,#7996);
#6831=AXIS2_PLACEMENT_3D('',#9920,#7999,#8000);
#6832=AXIS2_PLACEMENT_3D('',#9924,#8003,#8004);
#6833=AXIS2_PLACEMENT_3D('',#9942,#8008,#8009);
#6834=AXIS2_PLACEMENT_3D('',#9974,#8014,#8015);
#6835=AXIS2_PLACEMENT_3D('',#9992,#8019,#8020);
#6836=AXIS2_PLACEMENT_3D('',#9996,#8023,#8024);
#6837=AXIS2_PLACEMENT_3D('',#10014,#8028,#8029);
#6838=AXIS2_PLACEMENT_3D('',#10046,#8034,#8035);
#6839=AXIS2_PLACEMENT_3D('',#10064,#8039,#8040);
#6840=AXIS2_PLACEMENT_3D('',#10068,#8043,#8044);
#6841=AXIS2_PLACEMENT_3D('',#10072,#8047,#8048);
#6842=AXIS2_PLACEMENT_3D('',#10104,#8053,#8054);
#6843=AXIS2_PLACEMENT_3D('',#10122,#8058,#8059);
#6844=AXIS2_PLACEMENT_3D('',#10126,#8062,#8063);
#6845=AXIS2_PLACEMENT_3D('',#10144,#8067,#8068);
#6846=AXIS2_PLACEMENT_3D('',#10162,#8072,#8073);
#6847=AXIS2_PLACEMENT_3D('',#10194,#8078,#8079);
#6848=AXIS2_PLACEMENT_3D('',#10198,#8082,#8083);
#6849=AXIS2_PLACEMENT_3D('',#10230,#8088,#8089);
#6850=AXIS2_PLACEMENT_3D('',#10262,#8094,#8095);
#6851=AXIS2_PLACEMENT_3D('',#10266,#8098,#8099);
#6852=AXIS2_PLACEMENT_3D('',#10270,#8102,#8103);
#6853=AXIS2_PLACEMENT_3D('',#10274,#8106,#8107);
#6854=AXIS2_PLACEMENT_3D('',#10306,#8112,#8113);
#6855=AXIS2_PLACEMENT_3D('',#10338,#8118,#8119);
#6856=AXIS2_PLACEMENT_3D('',#10342,#8122,#8123);
#6857=AXIS2_PLACEMENT_3D('',#10360,#8127,#8128);
#6858=AXIS2_PLACEMENT_3D('',#10362,#8130,#8131);
#6859=AXIS2_PLACEMENT_3D('',#10363,#8132,#8133);
#6860=AXIS2_PLACEMENT_3D('',#10364,#8134,#8135);
#6861=AXIS2_PLACEMENT_3D('',#10365,#8136,#8137);
#6862=AXIS2_PLACEMENT_3D('',#10366,#8138,#8139);
#6863=AXIS2_PLACEMENT_3D('',#10367,#8140,#8141);
#6864=AXIS2_PLACEMENT_3D('',#10368,#8142,#8143);
#6865=AXIS2_PLACEMENT_3D('',#10369,#8144,#8145);
#6866=AXIS2_PLACEMENT_3D('',#10370,#8146,#8147);
#6867=AXIS2_PLACEMENT_3D('',#10371,#8148,#8149);
#6868=AXIS2_PLACEMENT_3D('',#10372,#8150,#8151);
#6869=AXIS2_PLACEMENT_3D('',#10376,#8153,#8154);
#6870=AXIS2_PLACEMENT_3D('',#10378,#8156,#8157);
#6871=AXIS2_PLACEMENT_3D('',#10382,#8160,#8161);
#6872=AXIS2_PLACEMENT_3D('',#10384,#8162,#8163);
#6873=AXIS2_PLACEMENT_3D('',#10386,#8165,#8166);
#6874=AXIS2_PLACEMENT_3D('',#10390,#8169,#8170);
#6875=AXIS2_PLACEMENT_3D('',#10394,#8173,#8174);
#6876=AXIS2_PLACEMENT_3D('',#10400,#8178,#8179);
#6877=AXIS2_PLACEMENT_3D('',#10404,#8182,#8183);
#6878=AXIS2_PLACEMENT_3D('',#10408,#8186,#8187);
#6879=AXIS2_PLACEMENT_3D('',#10410,#8189,#8190);
#6880=AXIS2_PLACEMENT_3D('',#10416,#8194,#8195);
#6881=AXIS2_PLACEMENT_3D('',#10420,#8198,#8199);
#6882=AXIS2_PLACEMENT_3D('',#10424,#8202,#8203);
#6883=AXIS2_PLACEMENT_3D('',#10426,#8205,#8206);
#6884=AXIS2_PLACEMENT_3D('',#10428,#8207,#8208);
#6885=AXIS2_PLACEMENT_3D('',#10430,#8209,#8210);
#6886=AXIS2_PLACEMENT_3D('',#10431,#8211,#8212);
#6887=AXIS2_PLACEMENT_3D('',#10432,#8213,#8214);
#6888=AXIS2_PLACEMENT_3D('',#10435,#8215,#8216);
#6889=AXIS2_PLACEMENT_3D('',#10436,#8217,#8218);
#6890=AXIS2_PLACEMENT_3D('',#10438,#8220,#8221);
#6891=AXIS2_PLACEMENT_3D('',#10442,#8223,#8224);
#6892=AXIS2_PLACEMENT_3D('',#10445,#8226,#8227);
#6893=AXIS2_PLACEMENT_3D('',#10447,#8228,#8229);
#6894=AXIS2_PLACEMENT_3D('',#10451,#8231,#8232);
#6895=AXIS2_PLACEMENT_3D('',#10455,#8234,#8235);
#6896=AXIS2_PLACEMENT_3D('',#10458,#8237,#8238);
#6897=AXIS2_PLACEMENT_3D('',#10460,#8239,#8240);
#6898=AXIS2_PLACEMENT_3D('',#10462,#8241,#8242);
#6899=AXIS2_PLACEMENT_3D('',#10467,#8244,#8245);
#6900=AXIS2_PLACEMENT_3D('',#10471,#8247,#8248);
#6901=AXIS2_PLACEMENT_3D('',#10475,#8250,#8251);
#6902=AXIS2_PLACEMENT_3D('',#10478,#8253,#8254);
#6903=AXIS2_PLACEMENT_3D('',#10483,#8256,#8257);
#6904=AXIS2_PLACEMENT_3D('',#10487,#8259,#8260);
#6905=AXIS2_PLACEMENT_3D('',#10491,#8262,#8263);
#6906=AXIS2_PLACEMENT_3D('',#10494,#8265,#8266);
#6907=AXIS2_PLACEMENT_3D('',#10499,#8268,#8269);
#6908=AXIS2_PLACEMENT_3D('',#10503,#8271,#8272);
#6909=AXIS2_PLACEMENT_3D('',#10507,#8274,#8275);
#6910=AXIS2_PLACEMENT_3D('',#10510,#8277,#8278);
#6911=AXIS2_PLACEMENT_3D('',#10515,#8280,#8281);
#6912=AXIS2_PLACEMENT_3D('',#10519,#8283,#8284);
#6913=AXIS2_PLACEMENT_3D('',#10523,#8286,#8287);
#6914=AXIS2_PLACEMENT_3D('',#10526,#8289,#8290);
#6915=AXIS2_PLACEMENT_3D('',#10531,#8292,#8293);
#6916=AXIS2_PLACEMENT_3D('',#10535,#8295,#8296);
#6917=AXIS2_PLACEMENT_3D('',#10539,#8298,#8299);
#6918=AXIS2_PLACEMENT_3D('',#10542,#8301,#8302);
#6919=AXIS2_PLACEMENT_3D('',#10547,#8304,#8305);
#6920=AXIS2_PLACEMENT_3D('',#10551,#8307,#8308);
#6921=AXIS2_PLACEMENT_3D('',#10555,#8310,#8311);
#6922=AXIS2_PLACEMENT_3D('',#10558,#8313,#8314);
#6923=AXIS2_PLACEMENT_3D('',#10560,#8315,#8316);
#6924=AXIS2_PLACEMENT_3D('',#10562,#8317,#8318);
#6925=AXIS2_PLACEMENT_3D('',#10563,#8319,#8320);
#6926=AXIS2_PLACEMENT_3D('',#10564,#8321,#8322);
#6927=AXIS2_PLACEMENT_3D('',#10565,#8323,#8324);
#6928=AXIS2_PLACEMENT_3D('',#10567,#8326,#8327);
#6929=AXIS2_PLACEMENT_3D('',#10569,#8329,#8330);
#6930=AXIS2_PLACEMENT_3D('',#10571,#8332,#8333);
#6931=AXIS2_PLACEMENT_3D('',#10573,#8335,#8336);
#6932=AXIS2_PLACEMENT_3D('',#10575,#8338,#8339);
#6933=AXIS2_PLACEMENT_3D('',#10577,#8341,#8342);
#6934=AXIS2_PLACEMENT_3D('',#10579,#8344,#8345);
#6935=AXIS2_PLACEMENT_3D('',#10582,#8348,#8349);
#6936=AXIS2_PLACEMENT_3D('',#10584,#8351,#8352);
#6937=AXIS2_PLACEMENT_3D('',#10585,#8353,#8354);
#6938=AXIS2_PLACEMENT_3D('',#10587,#8356,#8357);
#6939=AXIS2_PLACEMENT_3D('',#10589,#8359,#8360);
#6940=AXIS2_PLACEMENT_3D('',#10591,#8362,#8363);
#6941=AXIS2_PLACEMENT_3D('',#10592,#8364,#8365);
#6942=AXIS2_PLACEMENT_3D('',#10595,#8368,#8369);
#6943=AXIS2_PLACEMENT_3D('',#10597,#8371,#8372);
#6944=AXIS2_PLACEMENT_3D('',#10599,#8374,#8375);
#6945=AXIS2_PLACEMENT_3D('',#10601,#8377,#8378);
#6946=AXIS2_PLACEMENT_3D('',#10603,#8380,#8381);
#6947=AXIS2_PLACEMENT_3D('',#10605,#8383,#8384);
#6948=AXIS2_PLACEMENT_3D('',#10607,#8386,#8387);
#6949=AXIS2_PLACEMENT_3D('',#10608,#8388,#8389);
#6950=AXIS2_PLACEMENT_3D('',#10611,#8392,#8393);
#6951=AXIS2_PLACEMENT_3D('',#10613,#8395,#8396);
#6952=AXIS2_PLACEMENT_3D('',#10615,#8398,#8399);
#6953=AXIS2_PLACEMENT_3D('',#10617,#8401,#8402);
#6954=AXIS2_PLACEMENT_3D('',#10619,#8404,#8405);
#6955=AXIS2_PLACEMENT_3D('',#10621,#8407,#8408);
#6956=AXIS2_PLACEMENT_3D('',#10623,#8410,#8411);
#6957=AXIS2_PLACEMENT_3D('',#10624,#8412,#8413);
#6958=AXIS2_PLACEMENT_3D('',#10627,#8416,#8417);
#6959=AXIS2_PLACEMENT_3D('',#10629,#8419,#8420);
#6960=AXIS2_PLACEMENT_3D('',#10631,#8422,#8423);
#6961=AXIS2_PLACEMENT_3D('',#10633,#8425,#8426);
#6962=AXIS2_PLACEMENT_3D('',#10635,#8428,#8429);
#6963=AXIS2_PLACEMENT_3D('',#10637,#8431,#8432);
#6964=AXIS2_PLACEMENT_3D('',#10639,#8434,#8435);
#6965=AXIS2_PLACEMENT_3D('',#10640,#8436,#8437);
#6966=AXIS2_PLACEMENT_3D('',#10643,#8440,#8441);
#6967=AXIS2_PLACEMENT_3D('',#10645,#8443,#8444);
#6968=AXIS2_PLACEMENT_3D('',#10647,#8446,#8447);
#6969=AXIS2_PLACEMENT_3D('',#10649,#8449,#8450);
#6970=AXIS2_PLACEMENT_3D('',#10651,#8452,#8453);
#6971=AXIS2_PLACEMENT_3D('',#10653,#8455,#8456);
#6972=AXIS2_PLACEMENT_3D('',#10655,#8458,#8459);
#6973=AXIS2_PLACEMENT_3D('',#10656,#8460,#8461);
#6974=AXIS2_PLACEMENT_3D('',#10659,#8464,#8465);
#6975=AXIS2_PLACEMENT_3D('',#10661,#8467,#8468);
#6976=AXIS2_PLACEMENT_3D('',#10663,#8470,#8471);
#6977=AXIS2_PLACEMENT_3D('',#10665,#8473,#8474);
#6978=AXIS2_PLACEMENT_3D('',#10667,#8476,#8477);
#6979=AXIS2_PLACEMENT_3D('',#10669,#8479,#8480);
#6980=AXIS2_PLACEMENT_3D('',#10671,#8482,#8483);
#6981=AXIS2_PLACEMENT_3D('',#10672,#8484,#8485);
#6982=AXIS2_PLACEMENT_3D('',#10675,#8488,#8489);
#6983=AXIS2_PLACEMENT_3D('',#10677,#8491,#8492);
#6984=AXIS2_PLACEMENT_3D('',#10679,#8494,#8495);
#6985=AXIS2_PLACEMENT_3D('',#10681,#8497,#8498);
#6986=AXIS2_PLACEMENT_3D('',#10683,#8500,#8501);
#6987=AXIS2_PLACEMENT_3D('',#10685,#8503,#8504);
#6988=AXIS2_PLACEMENT_3D('',#10687,#8506,#8507);
#6989=AXIS2_PLACEMENT_3D('',#10688,#8508,#8509);
#6990=DIRECTION('axis',(0.,0.,1.));
#6991=DIRECTION('refdir',(1.,0.,0.));
#6992=DIRECTION('center_axis',(0.,-1.,0.));
#6993=DIRECTION('ref_axis',(0.,0.,-1.));
#6994=DIRECTION('center_axis',(1.,0.,0.));
#6995=DIRECTION('ref_axis',(0.,0.,-1.));
#6996=DIRECTION('center_axis',(0.,-1.,0.));
#6997=DIRECTION('ref_axis',(0.707106781186547,0.,-0.707106781186548));
#6998=DIRECTION('center_axis',(0.,0.,-1.));
#6999=DIRECTION('ref_axis',(0.,1.,0.));
#7000=DIRECTION('center_axis',(0.,1.,0.));
#7001=DIRECTION('ref_axis',(0.707106781186547,0.,-0.707106781186548));
#7002=DIRECTION('center_axis',(0.,0.,-1.));
#7003=DIRECTION('ref_axis',(0.707106781186553,0.707106781186543,0.));
#7004=DIRECTION('center_axis',(0.,0.,-1.));
#7005=DIRECTION('ref_axis',(0.,1.,0.));
#7006=DIRECTION('',(0.,0.,-1.));
#7007=DIRECTION('',(0.,0.,1.));
#7008=DIRECTION('center_axis',(0.,-1.,0.));
#7009=DIRECTION('ref_axis',(0.,0.,-1.));
#7010=DIRECTION('center_axis',(1.,0.,0.));
#7011=DIRECTION('ref_axis',(0.,1.,0.));
#7012=DIRECTION('center_axis',(0.,1.,0.));
#7013=DIRECTION('ref_axis',(0.707106781186548,0.,0.707106781186548));
#7014=DIRECTION('center_axis',(0.,-1.,0.));
#7015=DIRECTION('ref_axis',(0.707106781186548,0.,0.707106781186548));
#7016=DIRECTION('center_axis',(1.,0.,0.));
#7017=DIRECTION('ref_axis',(0.,0.707106781186555,0.70710678118654));
#7018=DIRECTION('center_axis',(1.,0.,-2.22044604925032E-15));
#7019=DIRECTION('ref_axis',(0.,1.,0.));
#7020=DIRECTION('',(1.,0.,0.));
#7021=DIRECTION('',(-1.,0.,0.));
#7022=DIRECTION('center_axis',(0.,-1.,0.));
#7023=DIRECTION('ref_axis',(0.,0.,-1.));
#7024=DIRECTION('center_axis',(0.,0.,1.));
#7025=DIRECTION('ref_axis',(0.,1.,0.));
#7026=DIRECTION('center_axis',(0.,1.,0.));
#7027=DIRECTION('ref_axis',(-0.707106781186548,0.,0.707106781186547));
#7028=DIRECTION('center_axis',(0.,-1.,0.));
#7029=DIRECTION('ref_axis',(-0.707106781186548,0.,0.707106781186547));
#7030=DIRECTION('center_axis',(0.,0.,1.));
#7031=DIRECTION('ref_axis',(-0.707106781186548,0.707106781186547,0.));
#7032=DIRECTION('center_axis',(0.,0.,1.));
#7033=DIRECTION('ref_axis',(0.,1.,0.));
#7034=DIRECTION('',(0.,0.,1.));
#7035=DIRECTION('',(0.,0.,-1.));
#7036=DIRECTION('center_axis',(0.,-1.,0.));
#7037=DIRECTION('ref_axis',(0.,0.,-1.));
#7038=DIRECTION('center_axis',(-1.,0.,0.));
#7039=DIRECTION('ref_axis',(0.,1.,0.));
#7040=DIRECTION('center_axis',(0.,1.,0.));
#7041=DIRECTION('ref_axis',(-0.707106781186547,0.,-0.707106781186548));
#7042=DIRECTION('center_axis',(0.,-1.,0.));
#7043=DIRECTION('ref_axis',(-0.707106781186547,0.,-0.707106781186548));
#7044=DIRECTION('center_axis',(-1.,0.,0.));
#7045=DIRECTION('ref_axis',(0.,0.707106781186547,-0.707106781186548));
#7046=DIRECTION('',(1.,0.,0.));
#7047=DIRECTION('',(-1.,0.,0.));
#7048=DIRECTION('center_axis',(-1.,0.,0.));
#7049=DIRECTION('ref_axis',(0.,0.,1.));
#7050=DIRECTION('',(0.,1.,0.));
#7051=DIRECTION('',(0.,0.,-1.));
#7052=DIRECTION('',(0.,-1.,0.));
#7053=DIRECTION('center_axis',(0.,1.,0.));
#7054=DIRECTION('ref_axis',(-0.707106781186547,0.,-0.707106781186548));
#7055=DIRECTION('',(0.,-1.,0.));
#7056=DIRECTION('center_axis',(0.,1.,0.));
#7057=DIRECTION('ref_axis',(-0.707106781186547,0.,-0.707106781186548));
#7058=DIRECTION('center_axis',(0.,0.,-1.));
#7059=DIRECTION('ref_axis',(-1.,0.,0.));
#7060=DIRECTION('',(0.,1.,0.));
#7061=DIRECTION('',(1.,0.,0.));
#7062=DIRECTION('center_axis',(0.,1.,0.));
#7063=DIRECTION('ref_axis',(0.707106781186549,0.,-0.707106781186546));
#7064=DIRECTION('',(0.,-1.,0.));
#7065=DIRECTION('center_axis',(0.,1.,0.));
#7066=DIRECTION('ref_axis',(0.707106781186549,0.,-0.707106781186546));
#7067=DIRECTION('center_axis',(0.,1.,0.));
#7068=DIRECTION('ref_axis',(0.,0.,1.));
#7069=DIRECTION('',(0.,0.,1.));
#7070=DIRECTION('',(-1.,0.,0.));
#7071=DIRECTION('',(0.,0.,-1.));
#7072=DIRECTION('',(1.,0.,0.));
#7073=DIRECTION('',(0.,0.,1.));
#7074=DIRECTION('',(-1.,0.,0.));
#7075=DIRECTION('',(0.,0.,-1.));
#7076=DIRECTION('',(1.,0.,0.));
#7077=DIRECTION('',(0.,0.,1.));
#7078=DIRECTION('',(-1.,0.,0.));
#7079=DIRECTION('',(0.,0.,-1.));
#7080=DIRECTION('',(1.,0.,0.));
#7081=DIRECTION('',(0.,0.,1.));
#7082=DIRECTION('',(-1.,0.,0.));
#7083=DIRECTION('',(0.,0.,-1.));
#7084=DIRECTION('',(1.,0.,0.));
#7085=DIRECTION('',(-1.,0.,0.));
#7086=DIRECTION('',(0.,0.,-1.));
#7087=DIRECTION('',(1.,0.,0.));
#7088=DIRECTION('',(0.,0.,1.));
#7089=DIRECTION('',(0.,0.,1.));
#7090=DIRECTION('',(-1.,0.,0.));
#7091=DIRECTION('',(0.,0.,-1.));
#7092=DIRECTION('',(1.,0.,0.));
#7093=DIRECTION('',(-1.,0.,0.));
#7094=DIRECTION('',(0.,0.,-1.));
#7095=DIRECTION('',(1.,0.,0.));
#7096=DIRECTION('',(0.,0.,1.));
#7097=DIRECTION('',(0.,0.,-1.));
#7098=DIRECTION('',(1.,0.,-1.00898264996688E-16));
#7099=DIRECTION('',(0.,0.,1.));
#7100=DIRECTION('',(-1.,0.,1.00898264996688E-16));
#7101=DIRECTION('',(-1.,0.,0.));
#7102=DIRECTION('',(0.,0.,-1.));
#7103=DIRECTION('',(1.,0.,0.));
#7104=DIRECTION('',(0.,0.,1.));
#7105=DIRECTION('',(0.,0.,1.));
#7106=DIRECTION('',(-1.,0.,0.));
#7107=DIRECTION('',(0.,0.,-1.));
#7108=DIRECTION('',(1.,0.,0.));
#7109=DIRECTION('',(-1.,0.,0.));
#7110=DIRECTION('',(0.,0.,-1.));
#7111=DIRECTION('',(1.,0.,0.));
#7112=DIRECTION('',(0.,0.,1.));
#7113=DIRECTION('',(0.,0.,1.));
#7114=DIRECTION('',(-1.,0.,0.));
#7115=DIRECTION('',(0.,0.,-1.));
#7116=DIRECTION('',(1.,0.,0.));
#7117=DIRECTION('',(0.,0.,1.));
#7118=DIRECTION('',(-1.,0.,0.));
#7119=DIRECTION('',(0.,0.,-1.));
#7120=DIRECTION('',(1.,0.,0.));
#7121=DIRECTION('',(0.,0.,1.));
#7122=DIRECTION('',(-1.,0.,0.));
#7123=DIRECTION('',(0.,0.,-1.));
#7124=DIRECTION('',(1.,0.,0.));
#7125=DIRECTION('',(0.,0.,1.));
#7126=DIRECTION('',(-1.,0.,0.));
#7127=DIRECTION('',(0.,0.,-1.));
#7128=DIRECTION('',(1.,0.,0.));
#7129=DIRECTION('',(0.,0.,1.));
#7130=DIRECTION('',(-1.,0.,0.));
#7131=DIRECTION('',(0.,0.,-1.));
#7132=DIRECTION('',(1.,0.,0.));
#7133=DIRECTION('',(0.,0.,1.));
#7134=DIRECTION('',(-1.,0.,0.));
#7135=DIRECTION('',(0.,0.,-1.));
#7136=DIRECTION('',(1.,0.,0.));
#7137=DIRECTION('',(0.,0.,1.));
#7138=DIRECTION('',(-1.,0.,0.));
#7139=DIRECTION('',(0.,0.,-1.));
#7140=DIRECTION('',(1.,0.,0.));
#7141=DIRECTION('',(-1.,0.,-6.23896666927764E-17));
#7142=DIRECTION('',(0.,0.,-1.));
#7143=DIRECTION('',(1.,0.,6.23896666927764E-17));
#7144=DIRECTION('',(0.,0.,1.));
#7145=DIRECTION('',(0.,0.,1.));
#7146=DIRECTION('',(-1.,0.,0.));
#7147=DIRECTION('',(0.,0.,-1.));
#7148=DIRECTION('',(1.,0.,0.));
#7149=DIRECTION('',(0.,0.,1.));
#7150=DIRECTION('',(-1.,0.,0.));
#7151=DIRECTION('',(0.,0.,-1.));
#7152=DIRECTION('',(1.,0.,0.));
#7153=DIRECTION('',(0.,0.,1.));
#7154=DIRECTION('',(-1.,0.,0.));
#7155=DIRECTION('',(0.,0.,-1.));
#7156=DIRECTION('',(1.,0.,0.));
#7157=DIRECTION('',(0.,0.,1.));
#7158=DIRECTION('',(-1.,0.,0.));
#7159=DIRECTION('',(0.,0.,-1.));
#7160=DIRECTION('',(1.,0.,0.));
#7161=DIRECTION('',(0.,0.,1.));
#7162=DIRECTION('',(-1.,0.,0.));
#7163=DIRECTION('',(0.,0.,-1.));
#7164=DIRECTION('',(1.,0.,0.));
#7165=DIRECTION('',(-1.,0.,0.));
#7166=DIRECTION('',(0.,0.,-1.));
#7167=DIRECTION('',(1.,0.,0.));
#7168=DIRECTION('',(0.,0.,1.));
#7169=DIRECTION('',(0.,0.,1.));
#7170=DIRECTION('',(-1.,0.,0.));
#7171=DIRECTION('',(0.,0.,-1.));
#7172=DIRECTION('',(1.,0.,0.));
#7173=DIRECTION('',(0.,0.,-1.));
#7174=DIRECTION('',(1.,0.,0.));
#7175=DIRECTION('',(0.,0.,1.));
#7176=DIRECTION('',(-1.,0.,0.));
#7177=DIRECTION('center_axis',(0.,-1.,0.));
#7178=DIRECTION('ref_axis',(0.,0.,-1.));
#7179=DIRECTION('center_axis',(0.,-1.,0.));
#7180=DIRECTION('ref_axis',(0.,0.,-1.));
#7181=DIRECTION('',(1.,0.,0.));
#7182=DIRECTION('center_axis',(0.,-1.,0.));
#7183=DIRECTION('ref_axis',(1.,0.,0.));
#7184=DIRECTION('',(0.,0.,1.));
#7185=DIRECTION('center_axis',(0.,-1.,0.));
#7186=DIRECTION('ref_axis',(0.,0.,1.));
#7187=DIRECTION('',(-1.,0.,0.));
#7188=DIRECTION('center_axis',(0.,-1.,0.));
#7189=DIRECTION('ref_axis',(-1.,0.,0.));
#7190=DIRECTION('',(0.,0.,-1.));
#7191=DIRECTION('center_axis',(0.,-1.,0.));
#7192=DIRECTION('ref_axis',(0.,0.,-1.));
#7193=DIRECTION('',(1.,0.,0.));
#7194=DIRECTION('center_axis',(0.,-1.,0.));
#7195=DIRECTION('ref_axis',(1.,0.,0.));
#7196=DIRECTION('',(0.,0.,1.));
#7197=DIRECTION('center_axis',(0.,-1.,0.));
#7198=DIRECTION('ref_axis',(0.,0.,1.));
#7199=DIRECTION('',(-1.,0.,0.));
#7200=DIRECTION('center_axis',(0.,-1.,0.));
#7201=DIRECTION('ref_axis',(-1.,0.,-3.55271367880045E-14));
#7202=DIRECTION('',(0.,0.,-1.));
#7203=DIRECTION('center_axis',(0.,-1.,0.));
#7204=DIRECTION('ref_axis',(0.,0.,-1.));
#7205=DIRECTION('',(1.,0.,0.));
#7206=DIRECTION('center_axis',(0.,-1.,0.));
#7207=DIRECTION('ref_axis',(1.,0.,0.));
#7208=DIRECTION('',(0.,0.,1.));
#7209=DIRECTION('center_axis',(0.,-1.,0.));
#7210=DIRECTION('ref_axis',(0.,0.,1.));
#7211=DIRECTION('',(-0.999947271789915,0.,-0.0102690622700435));
#7212=DIRECTION('center_axis',(0.,-1.,0.));
#7213=DIRECTION('ref_axis',(-0.988204106287093,0.,0.153142562069886));
#7214=DIRECTION('',(0.,0.,-1.));
#7215=DIRECTION('center_axis',(0.,-1.,0.));
#7216=DIRECTION('ref_axis',(0.,0.,-1.));
#7217=DIRECTION('',(1.,0.,0.));
#7218=DIRECTION('center_axis',(0.,-1.,0.));
#7219=DIRECTION('ref_axis',(1.,0.,0.));
#7220=DIRECTION('',(0.,0.,1.));
#7221=DIRECTION('center_axis',(0.,-1.,0.));
#7222=DIRECTION('ref_axis',(0.,0.,1.));
#7223=DIRECTION('',(-1.,0.,0.));
#7224=DIRECTION('center_axis',(0.,-1.,0.));
#7225=DIRECTION('ref_axis',(-1.,0.,0.));
#7226=DIRECTION('',(0.,0.,-1.));
#7227=DIRECTION('center_axis',(0.,-1.,0.));
#7228=DIRECTION('ref_axis',(0.,0.,-1.));
#7229=DIRECTION('',(1.,0.,0.));
#7230=DIRECTION('center_axis',(0.,-1.,0.));
#7231=DIRECTION('ref_axis',(1.,0.,0.));
#7232=DIRECTION('',(0.,0.,1.));
#7233=DIRECTION('center_axis',(0.,-1.,0.));
#7234=DIRECTION('ref_axis',(0.,0.,1.));
#7235=DIRECTION('',(-1.,0.,0.));
#7236=DIRECTION('center_axis',(0.,-1.,0.));
#7237=DIRECTION('ref_axis',(-1.,0.,-3.5527136788007E-14));
#7238=DIRECTION('',(0.,0.,-1.));
#7239=DIRECTION('center_axis',(0.,-1.,0.));
#7240=DIRECTION('ref_axis',(0.,0.,-1.));
#7241=DIRECTION('',(1.,0.,0.));
#7242=DIRECTION('center_axis',(0.,-1.,0.));
#7243=DIRECTION('ref_axis',(1.,0.,0.));
#7244=DIRECTION('',(0.,0.,1.));
#7245=DIRECTION('center_axis',(0.,-1.,0.));
#7246=DIRECTION('ref_axis',(0.,0.,1.));
#7247=DIRECTION('',(-1.,0.,0.));
#7248=DIRECTION('center_axis',(0.,-1.,0.));
#7249=DIRECTION('ref_axis',(-1.,0.,0.));
#7250=DIRECTION('',(0.,0.,-1.));
#7251=DIRECTION('center_axis',(0.,-1.,0.));
#7252=DIRECTION('ref_axis',(0.,0.,-1.));
#7253=DIRECTION('center_axis',(0.,-1.,0.));
#7254=DIRECTION('ref_axis',(0.,0.,-1.));
#7255=DIRECTION('center_axis',(0.,-1.,0.));
#7256=DIRECTION('ref_axis',(0.,0.,-1.));
#7257=DIRECTION('center_axis',(0.,1.,0.));
#7258=DIRECTION('ref_axis',(0.,0.,-1.));
#7259=DIRECTION('',(1.,0.,0.));
#7260=DIRECTION('center_axis',(0.,1.,0.));
#7261=DIRECTION('ref_axis',(0.707106781186548,0.,-0.707106781186548));
#7262=DIRECTION('',(0.,0.,1.));
#7263=DIRECTION('center_axis',(0.,1.,0.));
#7264=DIRECTION('ref_axis',(0.707106781186548,0.,0.707106781186548));
#7265=DIRECTION('',(-1.,0.,0.));
#7266=DIRECTION('center_axis',(0.,-1.,0.));
#7267=DIRECTION('ref_axis',(-0.707106781186547,0.,-0.707106781186547));
#7268=DIRECTION('',(0.,0.,1.));
#7269=DIRECTION('center_axis',(0.,1.,0.));
#7270=DIRECTION('ref_axis',(0.707106781186546,0.,0.707106781186549));
#7271=DIRECTION('',(-1.,0.,-5.02904149809147E-16));
#7272=DIRECTION('center_axis',(0.,-1.,0.));
#7273=DIRECTION('ref_axis',(-1.,0.,0.));
#7274=DIRECTION('',(1.03276561289191E-16,0.,-1.));
#7275=DIRECTION('center_axis',(0.,-1.,0.));
#7276=DIRECTION('ref_axis',(0.,0.,-1.));
#7277=DIRECTION('',(-0.707106932160357,0.,-0.707106630212706));
#7278=DIRECTION('',(0.707106570452346,0.,-0.707106991920686));
#7279=DIRECTION('',(0.707106826143182,0.,-0.70710673622991));
#7280=DIRECTION('',(-0.703810381675393,0.,-0.71038788464186));
#7281=DIRECTION('',(0.588693971320868,0.,-0.808355990965902));
#7282=DIRECTION('',(0.707106781186548,0.,0.707106781186547));
#7283=DIRECTION('',(0.713023702473795,0.,-0.701139928766406));
#7284=DIRECTION('',(-0.707106882212691,0.,-0.70710668016039));
#7285=DIRECTION('',(-0.158284486262044,0.,-0.987393549406092));
#7286=DIRECTION('',(0.98739354580424,0.,0.158284508730735));
#7287=DIRECTION('',(0.707106781186548,0.,0.707106781186548));
#7288=DIRECTION('',(0.70710695409665,0.,-0.707106608276403));
#7289=DIRECTION('',(0.987393553007942,0.,-0.158284463793361));
#7290=DIRECTION('',(-0.158284346100251,0.,0.98739357187477));
#7291=DIRECTION('',(-0.716230126857365,0.,0.697864174020907));
#7292=DIRECTION('',(0.707106781186548,0.,0.707106781186548));
#7293=DIRECTION('',(0.707106837149165,0.,-0.707106725223926));
#7294=DIRECTION('',(0.588693807057181,0.,0.808356110592678));
#7295=DIRECTION('',(-0.705464350975335,0.,0.708745405278193));
#7296=DIRECTION('',(0.707106961013121,0.,0.707106601359928));
#7297=DIRECTION('',(0.707106781186543,0.,0.707106781186552));
#7298=DIRECTION('',(-0.712403158219168,0.,0.70177043266253));
#7299=DIRECTION('',(-0.707106781186544,0.,-0.707106781186551));
#7300=DIRECTION('',(-0.705464350975335,0.,0.708745405278193));
#7301=DIRECTION('',(-0.808356110592675,0.,-0.588693807057186));
#7302=DIRECTION('',(0.707106837149165,0.,-0.707106725223926));
#7303=DIRECTION('',(-0.707106882212691,0.,-0.70710668016039));
#7304=DIRECTION('',(-0.707106667850472,0.,0.707106894522605));
#7305=DIRECTION('',(0.707106781186548,0.,0.707106781186547));
#7306=DIRECTION('',(-0.808356110592675,0.,0.588693807057186));
#7307=DIRECTION('',(-0.703810381675393,0.,-0.71038788464186));
#7308=DIRECTION('',(-0.707106781186548,0.,0.707106781186546));
#7309=DIRECTION('',(-0.707106494229388,0.,0.707107068143591));
#7310=DIRECTION('center_axis',(1.,0.,0.));
#7311=DIRECTION('ref_axis',(0.,0.,1.));
#7312=DIRECTION('',(0.,-1.,0.));
#7313=DIRECTION('',(0.,0.,1.));
#7314=DIRECTION('',(0.,-1.,0.));
#7315=DIRECTION('center_axis',(0.,0.,-1.));
#7316=DIRECTION('ref_axis',(1.,0.,0.));
#7317=DIRECTION('',(0.,-1.,0.));
#7318=DIRECTION('',(1.,0.,0.));
#7319=DIRECTION('center_axis',(-1.,0.,0.));
#7320=DIRECTION('ref_axis',(0.,0.,-1.));
#7321=DIRECTION('',(0.,-1.,0.));
#7322=DIRECTION('',(0.,0.,-1.));
#7323=DIRECTION('center_axis',(0.,0.,1.));
#7324=DIRECTION('ref_axis',(-1.,0.,0.));
#7325=DIRECTION('',(-1.,0.,0.));
#7326=DIRECTION('center_axis',(0.,-1.,0.));
#7327=DIRECTION('ref_axis',(0.,0.,-1.));
#7328=DIRECTION('center_axis',(1.,0.,0.));
#7329=DIRECTION('ref_axis',(0.,0.,1.));
#7330=DIRECTION('',(0.,-1.,0.));
#7331=DIRECTION('',(0.,0.,1.));
#7332=DIRECTION('',(0.,-1.,0.));
#7333=DIRECTION('center_axis',(0.,0.,-1.));
#7334=DIRECTION('ref_axis',(1.,0.,0.));
#7335=DIRECTION('',(0.,-1.,0.));
#7336=DIRECTION('',(1.,0.,0.));
#7337=DIRECTION('center_axis',(-1.,0.,0.));
#7338=DIRECTION('ref_axis',(0.,0.,-1.));
#7339=DIRECTION('',(0.,-1.,0.));
#7340=DIRECTION('',(0.,0.,-1.));
#7341=DIRECTION('center_axis',(0.,0.,1.));
#7342=DIRECTION('ref_axis',(-1.,0.,0.));
#7343=DIRECTION('',(-1.,0.,0.));
#7344=DIRECTION('center_axis',(0.,-1.,0.));
#7345=DIRECTION('ref_axis',(0.,0.,-1.));
#7346=DIRECTION('center_axis',(1.,0.,0.));
#7347=DIRECTION('ref_axis',(0.,0.,1.));
#7348=DIRECTION('',(0.,-1.,0.));
#7349=DIRECTION('',(0.,0.,1.));
#7350=DIRECTION('',(0.,-1.,0.));
#7351=DIRECTION('center_axis',(0.,0.,-1.));
#7352=DIRECTION('ref_axis',(1.,0.,0.));
#7353=DIRECTION('',(0.,-1.,0.));
#7354=DIRECTION('',(1.,0.,0.));
#7355=DIRECTION('center_axis',(-1.,0.,0.));
#7356=DIRECTION('ref_axis',(0.,0.,-1.));
#7357=DIRECTION('',(0.,-1.,0.));
#7358=DIRECTION('',(0.,0.,-1.));
#7359=DIRECTION('center_axis',(0.,0.,1.));
#7360=DIRECTION('ref_axis',(-1.,0.,0.));
#7361=DIRECTION('',(-1.,0.,0.));
#7362=DIRECTION('center_axis',(0.,-1.,0.));
#7363=DIRECTION('ref_axis',(0.,0.,-1.));
#7364=DIRECTION('center_axis',(1.,0.,0.));
#7365=DIRECTION('ref_axis',(0.,0.,1.));
#7366=DIRECTION('',(0.,-1.,0.));
#7367=DIRECTION('',(0.,0.,1.));
#7368=DIRECTION('',(0.,-1.,0.));
#7369=DIRECTION('center_axis',(0.,0.,-1.));
#7370=DIRECTION('ref_axis',(1.,0.,0.));
#7371=DIRECTION('',(0.,-1.,0.));
#7372=DIRECTION('',(1.,0.,0.));
#7373=DIRECTION('center_axis',(-1.,0.,0.));
#7374=DIRECTION('ref_axis',(0.,0.,-1.));
#7375=DIRECTION('',(0.,-1.,0.));
#7376=DIRECTION('',(0.,0.,-1.));
#7377=DIRECTION('center_axis',(0.,0.,1.));
#7378=DIRECTION('ref_axis',(-1.,0.,0.));
#7379=DIRECTION('',(-1.,0.,0.));
#7380=DIRECTION('center_axis',(0.,-1.,0.));
#7381=DIRECTION('ref_axis',(0.,0.,-1.));
#7382=DIRECTION('center_axis',(0.,0.,1.));
#7383=DIRECTION('ref_axis',(-1.,0.,0.));
#7384=DIRECTION('',(0.,-1.,0.));
#7385=DIRECTION('',(-1.,0.,0.));
#7386=DIRECTION('',(0.,-1.,0.));
#7387=DIRECTION('center_axis',(1.,0.,0.));
#7388=DIRECTION('ref_axis',(0.,0.,1.));
#7389=DIRECTION('',(0.,-1.,0.));
#7390=DIRECTION('',(0.,0.,1.));
#7391=DIRECTION('center_axis',(0.,0.,-1.));
#7392=DIRECTION('ref_axis',(1.,0.,0.));
#7393=DIRECTION('',(0.,-1.,0.));
#7394=DIRECTION('',(1.,0.,0.));
#7395=DIRECTION('center_axis',(-1.,0.,0.));
#7396=DIRECTION('ref_axis',(0.,0.,-1.));
#7397=DIRECTION('',(0.,0.,-1.));
#7398=DIRECTION('center_axis',(0.,-1.,0.));
#7399=DIRECTION('ref_axis',(0.,0.,-1.));
#7400=DIRECTION('center_axis',(1.,0.,0.));
#7401=DIRECTION('ref_axis',(0.,0.,1.));
#7402=DIRECTION('',(0.,-1.,0.));
#7403=DIRECTION('',(0.,0.,1.));
#7404=DIRECTION('',(0.,-1.,0.));
#7405=DIRECTION('center_axis',(0.,0.,-1.));
#7406=DIRECTION('ref_axis',(1.,0.,0.));
#7407=DIRECTION('',(0.,-1.,0.));
#7408=DIRECTION('',(1.,0.,0.));
#7409=DIRECTION('center_axis',(-1.,0.,0.));
#7410=DIRECTION('ref_axis',(0.,0.,-1.));
#7411=DIRECTION('',(0.,-1.,0.));
#7412=DIRECTION('',(0.,0.,-1.));
#7413=DIRECTION('center_axis',(0.,0.,1.));
#7414=DIRECTION('ref_axis',(-1.,0.,0.));
#7415=DIRECTION('',(-1.,0.,0.));
#7416=DIRECTION('center_axis',(0.,-1.,0.));
#7417=DIRECTION('ref_axis',(0.,0.,-1.));
#7418=DIRECTION('center_axis',(0.,0.,1.));
#7419=DIRECTION('ref_axis',(-1.,0.,0.));
#7420=DIRECTION('',(0.,-1.,0.));
#7421=DIRECTION('',(-1.,0.,0.));
#7422=DIRECTION('',(0.,-1.,0.));
#7423=DIRECTION('center_axis',(1.,0.,0.));
#7424=DIRECTION('ref_axis',(0.,0.,1.));
#7425=DIRECTION('',(0.,-1.,0.));
#7426=DIRECTION('',(0.,0.,1.));
#7427=DIRECTION('center_axis',(0.,0.,-1.));
#7428=DIRECTION('ref_axis',(1.,0.,0.));
#7429=DIRECTION('',(0.,-1.,0.));
#7430=DIRECTION('',(1.,0.,0.));
#7431=DIRECTION('center_axis',(-1.,0.,0.));
#7432=DIRECTION('ref_axis',(0.,0.,-1.));
#7433=DIRECTION('',(0.,0.,-1.));
#7434=DIRECTION('center_axis',(0.,-1.,0.));
#7435=DIRECTION('ref_axis',(0.,0.,-1.));
#7436=DIRECTION('center_axis',(-1.,0.,0.));
#7437=DIRECTION('ref_axis',(0.,0.,-1.));
#7438=DIRECTION('',(0.,-1.,0.));
#7439=DIRECTION('',(0.,0.,-1.));
#7440=DIRECTION('',(0.,-1.,0.));
#7441=DIRECTION('center_axis',(1.00898264996688E-16,0.,1.));
#7442=DIRECTION('ref_axis',(-1.,0.,1.00898264996688E-16));
#7443=DIRECTION('',(0.,-1.,0.));
#7444=DIRECTION('',(-1.,0.,1.00898264996688E-16));
#7445=DIRECTION('center_axis',(1.,0.,0.));
#7446=DIRECTION('ref_axis',(0.,0.,1.));
#7447=DIRECTION('',(0.,-1.,0.));
#7448=DIRECTION('',(0.,0.,1.));
#7449=DIRECTION('center_axis',(-1.00898264996688E-16,0.,-1.));
#7450=DIRECTION('ref_axis',(1.,0.,-1.00898264996688E-16));
#7451=DIRECTION('',(1.,0.,-1.00898264996688E-16));
#7452=DIRECTION('center_axis',(0.,-1.,0.));
#7453=DIRECTION('ref_axis',(0.,0.,-1.));
#7454=DIRECTION('center_axis',(0.,0.,1.));
#7455=DIRECTION('ref_axis',(-1.,0.,0.));
#7456=DIRECTION('',(0.,-1.,0.));
#7457=DIRECTION('',(-1.,0.,0.));
#7458=DIRECTION('',(0.,-1.,0.));
#7459=DIRECTION('center_axis',(1.,0.,0.));
#7460=DIRECTION('ref_axis',(0.,0.,1.));
#7461=DIRECTION('',(0.,-1.,0.));
#7462=DIRECTION('',(0.,0.,1.));
#7463=DIRECTION('center_axis',(0.,0.,-1.));
#7464=DIRECTION('ref_axis',(1.,0.,0.));
#7465=DIRECTION('',(0.,-1.,0.));
#7466=DIRECTION('',(1.,0.,0.));
#7467=DIRECTION('center_axis',(-1.,0.,0.));
#7468=DIRECTION('ref_axis',(0.,0.,-1.));
#7469=DIRECTION('',(0.,0.,-1.));
#7470=DIRECTION('center_axis',(0.,-1.,0.));
#7471=DIRECTION('ref_axis',(0.,0.,-1.));
#7472=DIRECTION('center_axis',(1.,0.,0.));
#7473=DIRECTION('ref_axis',(0.,0.,1.));
#7474=DIRECTION('',(0.,-1.,0.));
#7475=DIRECTION('',(0.,0.,1.));
#7476=DIRECTION('',(0.,-1.,0.));
#7477=DIRECTION('center_axis',(0.,0.,-1.));
#7478=DIRECTION('ref_axis',(1.,0.,0.));
#7479=DIRECTION('',(0.,-1.,0.));
#7480=DIRECTION('',(1.,0.,0.));
#7481=DIRECTION('center_axis',(-1.,0.,0.));
#7482=DIRECTION('ref_axis',(0.,0.,-1.));
#7483=DIRECTION('',(0.,-1.,0.));
#7484=DIRECTION('',(0.,0.,-1.));
#7485=DIRECTION('center_axis',(0.,0.,1.));
#7486=DIRECTION('ref_axis',(-1.,0.,0.));
#7487=DIRECTION('',(-1.,0.,0.));
#7488=DIRECTION('center_axis',(0.,-1.,0.));
#7489=DIRECTION('ref_axis',(0.,0.,-1.));
#7490=DIRECTION('center_axis',(0.,0.,1.));
#7491=DIRECTION('ref_axis',(-1.,0.,0.));
#7492=DIRECTION('',(0.,-1.,0.));
#7493=DIRECTION('',(-1.,0.,0.));
#7494=DIRECTION('',(0.,-1.,0.));
#7495=DIRECTION('center_axis',(1.,0.,0.));
#7496=DIRECTION('ref_axis',(0.,0.,1.));
#7497=DIRECTION('',(0.,-1.,0.));
#7498=DIRECTION('',(0.,0.,1.));
#7499=DIRECTION('center_axis',(0.,0.,-1.));
#7500=DIRECTION('ref_axis',(1.,0.,0.));
#7501=DIRECTION('',(0.,-1.,0.));
#7502=DIRECTION('',(1.,0.,0.));
#7503=DIRECTION('center_axis',(-1.,0.,0.));
#7504=DIRECTION('ref_axis',(0.,0.,-1.));
#7505=DIRECTION('',(0.,0.,-1.));
#7506=DIRECTION('center_axis',(0.,-1.,0.));
#7507=DIRECTION('ref_axis',(0.,0.,-1.));
#7508=DIRECTION('center_axis',(1.,0.,0.));
#7509=DIRECTION('ref_axis',(0.,0.,1.));
#7510=DIRECTION('',(0.,-1.,0.));
#7511=DIRECTION('',(0.,0.,1.));
#7512=DIRECTION('',(0.,-1.,0.));
#7513=DIRECTION('center_axis',(0.,0.,-1.));
#7514=DIRECTION('ref_axis',(1.,0.,0.));
#7515=DIRECTION('',(0.,-1.,0.));
#7516=DIRECTION('',(1.,0.,0.));
#7517=DIRECTION('center_axis',(-1.,0.,0.));
#7518=DIRECTION('ref_axis',(0.,0.,-1.));
#7519=DIRECTION('',(0.,-1.,0.));
#7520=DIRECTION('',(0.,0.,-1.));
#7521=DIRECTION('center_axis',(0.,0.,1.));
#7522=DIRECTION('ref_axis',(-1.,0.,0.));
#7523=DIRECTION('',(-1.,0.,0.));
#7524=DIRECTION('center_axis',(0.,-1.,0.));
#7525=DIRECTION('ref_axis',(0.,0.,-1.));
#7526=DIRECTION('center_axis',(1.,0.,0.));
#7527=DIRECTION('ref_axis',(0.,0.,1.));
#7528=DIRECTION('',(0.,-1.,0.));
#7529=DIRECTION('',(0.,0.,1.));
#7530=DIRECTION('',(0.,-1.,0.));
#7531=DIRECTION('center_axis',(0.,0.,-1.));
#7532=DIRECTION('ref_axis',(1.,0.,0.));
#7533=DIRECTION('',(0.,-1.,0.));
#7534=DIRECTION('',(1.,0.,0.));
#7535=DIRECTION('center_axis',(-1.,0.,0.));
#7536=DIRECTION('ref_axis',(0.,0.,-1.));
#7537=DIRECTION('',(0.,-1.,0.));
#7538=DIRECTION('',(0.,0.,-1.));
#7539=DIRECTION('center_axis',(0.,0.,1.));
#7540=DIRECTION('ref_axis',(-1.,0.,0.));
#7541=DIRECTION('',(-1.,0.,0.));
#7542=DIRECTION('center_axis',(0.,-1.,0.));
#7543=DIRECTION('ref_axis',(0.,0.,-1.));
#7544=DIRECTION('center_axis',(1.,0.,0.));
#7545=DIRECTION('ref_axis',(0.,0.,1.));
#7546=DIRECTION('',(0.,-1.,0.));
#7547=DIRECTION('',(0.,0.,1.));
#7548=DIRECTION('',(0.,-1.,0.));
#7549=DIRECTION('center_axis',(0.,0.,-1.));
#7550=DIRECTION('ref_axis',(1.,0.,0.));
#7551=DIRECTION('',(0.,-1.,0.));
#7552=DIRECTION('',(1.,0.,0.));
#7553=DIRECTION('center_axis',(-1.,0.,0.));
#7554=DIRECTION('ref_axis',(0.,0.,-1.));
#7555=DIRECTION('',(0.,-1.,0.));
#7556=DIRECTION('',(0.,0.,-1.));
#7557=DIRECTION('center_axis',(0.,0.,1.));
#7558=DIRECTION('ref_axis',(-1.,0.,0.));
#7559=DIRECTION('',(-1.,0.,0.));
#7560=DIRECTION('center_axis',(0.,-1.,0.));
#7561=DIRECTION('ref_axis',(0.,0.,-1.));
#7562=DIRECTION('center_axis',(1.,0.,0.));
#7563=DIRECTION('ref_axis',(0.,0.,1.));
#7564=DIRECTION('',(0.,-1.,0.));
#7565=DIRECTION('',(0.,0.,1.));
#7566=DIRECTION('',(0.,-1.,0.));
#7567=DIRECTION('center_axis',(0.,0.,-1.));
#7568=DIRECTION('ref_axis',(1.,0.,0.));
#7569=DIRECTION('',(0.,-1.,0.));
#7570=DIRECTION('',(1.,0.,0.));
#7571=DIRECTION('center_axis',(-1.,0.,0.));
#7572=DIRECTION('ref_axis',(0.,0.,-1.));
#7573=DIRECTION('',(0.,-1.,0.));
#7574=DIRECTION('',(0.,0.,-1.));
#7575=DIRECTION('center_axis',(0.,0.,1.));
#7576=DIRECTION('ref_axis',(-1.,0.,0.));
#7577=DIRECTION('',(-1.,0.,0.));
#7578=DIRECTION('center_axis',(0.,-1.,0.));
#7579=DIRECTION('ref_axis',(0.,0.,-1.));
#7580=DIRECTION('center_axis',(1.,0.,0.));
#7581=DIRECTION('ref_axis',(0.,0.,1.));
#7582=DIRECTION('',(0.,-1.,0.));
#7583=DIRECTION('',(0.,0.,1.));
#7584=DIRECTION('',(0.,-1.,0.));
#7585=DIRECTION('center_axis',(0.,0.,-1.));
#7586=DIRECTION('ref_axis',(1.,0.,0.));
#7587=DIRECTION('',(0.,-1.,0.));
#7588=DIRECTION('',(1.,0.,0.));
#7589=DIRECTION('center_axis',(-1.,0.,0.));
#7590=DIRECTION('ref_axis',(0.,0.,-1.));
#7591=DIRECTION('',(0.,-1.,0.));
#7592=DIRECTION('',(0.,0.,-1.));
#7593=DIRECTION('center_axis',(0.,0.,1.));
#7594=DIRECTION('ref_axis',(-1.,0.,0.));
#7595=DIRECTION('',(-1.,0.,0.));
#7596=DIRECTION('center_axis',(0.,-1.,0.));
#7597=DIRECTION('ref_axis',(0.,0.,-1.));
#7598=DIRECTION('center_axis',(1.,0.,0.));
#7599=DIRECTION('ref_axis',(0.,0.,1.));
#7600=DIRECTION('',(0.,-1.,0.));
#7601=DIRECTION('',(0.,0.,1.));
#7602=DIRECTION('',(0.,-1.,0.));
#7603=DIRECTION('center_axis',(0.,0.,-1.));
#7604=DIRECTION('ref_axis',(1.,0.,0.));
#7605=DIRECTION('',(0.,-1.,0.));
#7606=DIRECTION('',(1.,0.,0.));
#7607=DIRECTION('center_axis',(-1.,0.,0.));
#7608=DIRECTION('ref_axis',(0.,0.,-1.));
#7609=DIRECTION('',(0.,-1.,0.));
#7610=DIRECTION('',(0.,0.,-1.));
#7611=DIRECTION('center_axis',(0.,0.,1.));
#7612=DIRECTION('ref_axis',(-1.,0.,0.));
#7613=DIRECTION('',(-1.,0.,0.));
#7614=DIRECTION('center_axis',(0.,-1.,0.));
#7615=DIRECTION('ref_axis',(0.,0.,-1.));
#7616=DIRECTION('center_axis',(1.,0.,0.));
#7617=DIRECTION('ref_axis',(0.,0.,1.));
#7618=DIRECTION('',(0.,-1.,0.));
#7619=DIRECTION('',(0.,0.,1.));
#7620=DIRECTION('',(0.,-1.,0.));
#7621=DIRECTION('center_axis',(0.,0.,-1.));
#7622=DIRECTION('ref_axis',(1.,0.,0.));
#7623=DIRECTION('',(0.,-1.,0.));
#7624=DIRECTION('',(1.,0.,0.));
#7625=DIRECTION('center_axis',(-1.,0.,0.));
#7626=DIRECTION('ref_axis',(0.,0.,-1.));
#7627=DIRECTION('',(0.,-1.,0.));
#7628=DIRECTION('',(0.,0.,-1.));
#7629=DIRECTION('center_axis',(0.,0.,1.));
#7630=DIRECTION('ref_axis',(-1.,0.,0.));
#7631=DIRECTION('',(-1.,0.,0.));
#7632=DIRECTION('center_axis',(0.,-1.,0.));
#7633=DIRECTION('ref_axis',(0.,0.,-1.));
#7634=DIRECTION('center_axis',(-6.23896666927764E-17,0.,1.));
#7635=DIRECTION('ref_axis',(-1.,0.,-6.23896666927764E-17));
#7636=DIRECTION('',(0.,-1.,0.));
#7637=DIRECTION('',(-1.,0.,-6.23896666927764E-17));
#7638=DIRECTION('',(0.,-1.,0.));
#7639=DIRECTION('center_axis',(1.,0.,0.));
#7640=DIRECTION('ref_axis',(0.,0.,1.));
#7641=DIRECTION('',(0.,-1.,0.));
#7642=DIRECTION('',(0.,0.,1.));
#7643=DIRECTION('center_axis',(6.23896666927764E-17,0.,-1.));
#7644=DIRECTION('ref_axis',(1.,0.,6.23896666927764E-17));
#7645=DIRECTION('',(0.,-1.,0.));
#7646=DIRECTION('',(1.,0.,6.23896666927764E-17));
#7647=DIRECTION('center_axis',(-1.,0.,0.));
#7648=DIRECTION('ref_axis',(0.,0.,-1.));
#7649=DIRECTION('',(0.,0.,-1.));
#7650=DIRECTION('center_axis',(0.,-1.,0.));
#7651=DIRECTION('ref_axis',(0.,0.,-1.));
#7652=DIRECTION('center_axis',(1.,0.,0.));
#7653=DIRECTION('ref_axis',(0.,0.,1.));
#7654=DIRECTION('',(0.,-1.,0.));
#7655=DIRECTION('',(0.,0.,1.));
#7656=DIRECTION('',(0.,-1.,0.));
#7657=DIRECTION('center_axis',(0.,0.,-1.));
#7658=DIRECTION('ref_axis',(1.,0.,0.));
#7659=DIRECTION('',(0.,-1.,0.));
#7660=DIRECTION('',(1.,0.,0.));
#7661=DIRECTION('center_axis',(-1.,0.,0.));
#7662=DIRECTION('ref_axis',(0.,0.,-1.));
#7663=DIRECTION('',(0.,-1.,0.));
#7664=DIRECTION('',(0.,0.,-1.));
#7665=DIRECTION('center_axis',(0.,0.,1.));
#7666=DIRECTION('ref_axis',(-1.,0.,0.));
#7667=DIRECTION('',(-1.,0.,0.));
#7668=DIRECTION('center_axis',(0.,-1.,0.));
#7669=DIRECTION('ref_axis',(0.,0.,-1.));
#7670=DIRECTION('center_axis',(1.,0.,0.));
#7671=DIRECTION('ref_axis',(0.,0.,1.));
#7672=DIRECTION('',(0.,-1.,0.));
#7673=DIRECTION('',(0.,0.,1.));
#7674=DIRECTION('',(0.,-1.,0.));
#7675=DIRECTION('center_axis',(0.,0.,-1.));
#7676=DIRECTION('ref_axis',(1.,0.,0.));
#7677=DIRECTION('',(0.,-1.,0.));
#7678=DIRECTION('',(1.,0.,0.));
#7679=DIRECTION('center_axis',(-1.,0.,0.));
#7680=DIRECTION('ref_axis',(0.,0.,-1.));
#7681=DIRECTION('',(0.,-1.,0.));
#7682=DIRECTION('',(0.,0.,-1.));
#7683=DIRECTION('center_axis',(0.,0.,1.));
#7684=DIRECTION('ref_axis',(-1.,0.,0.));
#7685=DIRECTION('',(-1.,0.,0.));
#7686=DIRECTION('center_axis',(0.,-1.,0.));
#7687=DIRECTION('ref_axis',(0.,0.,-1.));
#7688=DIRECTION('center_axis',(1.,0.,0.));
#7689=DIRECTION('ref_axis',(0.,0.,1.));
#7690=DIRECTION('',(0.,-1.,0.));
#7691=DIRECTION('',(0.,0.,1.));
#7692=DIRECTION('',(0.,-1.,0.));
#7693=DIRECTION('center_axis',(0.,0.,-1.));
#7694=DIRECTION('ref_axis',(1.,0.,0.));
#7695=DIRECTION('',(0.,-1.,0.));
#7696=DIRECTION('',(1.,0.,0.));
#7697=DIRECTION('center_axis',(-1.,0.,0.));
#7698=DIRECTION('ref_axis',(0.,0.,-1.));
#7699=DIRECTION('',(0.,-1.,0.));
#7700=DIRECTION('',(0.,0.,-1.));
#7701=DIRECTION('center_axis',(0.,0.,1.));
#7702=DIRECTION('ref_axis',(-1.,0.,0.));
#7703=DIRECTION('',(-1.,0.,0.));
#7704=DIRECTION('center_axis',(0.,-1.,0.));
#7705=DIRECTION('ref_axis',(0.,0.,-1.));
#7706=DIRECTION('center_axis',(1.,0.,0.));
#7707=DIRECTION('ref_axis',(0.,0.,1.));
#7708=DIRECTION('',(0.,-1.,0.));
#7709=DIRECTION('',(0.,0.,1.));
#7710=DIRECTION('',(0.,-1.,0.));
#7711=DIRECTION('center_axis',(0.,0.,-1.));
#7712=DIRECTION('ref_axis',(1.,0.,0.));
#7713=DIRECTION('',(0.,-1.,0.));
#7714=DIRECTION('',(1.,0.,0.));
#7715=DIRECTION('center_axis',(-1.,0.,0.));
#7716=DIRECTION('ref_axis',(0.,0.,-1.));
#7717=DIRECTION('',(0.,-1.,0.));
#7718=DIRECTION('',(0.,0.,-1.));
#7719=DIRECTION('center_axis',(0.,0.,1.));
#7720=DIRECTION('ref_axis',(-1.,0.,0.));
#7721=DIRECTION('',(-1.,0.,0.));
#7722=DIRECTION('center_axis',(0.,-1.,0.));
#7723=DIRECTION('ref_axis',(0.,0.,-1.));
#7724=DIRECTION('center_axis',(1.,0.,0.));
#7725=DIRECTION('ref_axis',(0.,0.,1.));
#7726=DIRECTION('',(0.,-1.,0.));
#7727=DIRECTION('',(0.,0.,1.));
#7728=DIRECTION('',(0.,-1.,0.));
#7729=DIRECTION('center_axis',(0.,0.,-1.));
#7730=DIRECTION('ref_axis',(1.,0.,0.));
#7731=DIRECTION('',(0.,-1.,0.));
#7732=DIRECTION('',(1.,0.,0.));
#7733=DIRECTION('center_axis',(-1.,0.,0.));
#7734=DIRECTION('ref_axis',(0.,0.,-1.));
#7735=DIRECTION('',(0.,-1.,0.));
#7736=DIRECTION('',(0.,0.,-1.));
#7737=DIRECTION('center_axis',(0.,0.,1.));
#7738=DIRECTION('ref_axis',(-1.,0.,0.));
#7739=DIRECTION('',(-1.,0.,0.));
#7740=DIRECTION('center_axis',(0.,-1.,0.));
#7741=DIRECTION('ref_axis',(0.,0.,-1.));
#7742=DIRECTION('center_axis',(0.,0.,1.));
#7743=DIRECTION('ref_axis',(-1.,0.,0.));
#7744=DIRECTION('',(0.,-1.,0.));
#7745=DIRECTION('',(-1.,0.,0.));
#7746=DIRECTION('',(0.,-1.,0.));
#7747=DIRECTION('center_axis',(1.,0.,0.));
#7748=DIRECTION('ref_axis',(0.,0.,1.));
#7749=DIRECTION('',(0.,-1.,0.));
#7750=DIRECTION('',(0.,0.,1.));
#7751=DIRECTION('center_axis',(0.,0.,-1.));
#7752=DIRECTION('ref_axis',(1.,0.,0.));
#7753=DIRECTION('',(0.,-1.,0.));
#7754=DIRECTION('',(1.,0.,0.));
#7755=DIRECTION('center_axis',(-1.,0.,0.));
#7756=DIRECTION('ref_axis',(0.,0.,-1.));
#7757=DIRECTION('',(0.,0.,-1.));
#7758=DIRECTION('center_axis',(0.,-1.,0.));
#7759=DIRECTION('ref_axis',(0.,0.,-1.));
#7760=DIRECTION('center_axis',(1.,0.,0.));
#7761=DIRECTION('ref_axis',(0.,0.,1.));
#7762=DIRECTION('',(0.,-1.,0.));
#7763=DIRECTION('',(0.,0.,1.));
#7764=DIRECTION('',(0.,-1.,0.));
#7765=DIRECTION('center_axis',(0.,0.,-1.));
#7766=DIRECTION('ref_axis',(1.,0.,0.));
#7767=DIRECTION('',(0.,-1.,0.));
#7768=DIRECTION('',(1.,0.,0.));
#7769=DIRECTION('center_axis',(-1.,0.,0.));
#7770=DIRECTION('ref_axis',(0.,0.,-1.));
#7771=DIRECTION('',(0.,-1.,0.));
#7772=DIRECTION('',(0.,0.,-1.));
#7773=DIRECTION('center_axis',(0.,0.,1.));
#7774=DIRECTION('ref_axis',(-1.,0.,0.));
#7775=DIRECTION('',(-1.,0.,0.));
#7776=DIRECTION('center_axis',(0.,-1.,0.));
#7777=DIRECTION('ref_axis',(0.,0.,-1.));
#7778=DIRECTION('center_axis',(0.70710663458878,0.,-0.707106927784285));
#7779=DIRECTION('ref_axis',(-0.707106927784285,0.,-0.70710663458878));
#7780=DIRECTION('',(0.707106927784285,0.,0.70710663458878));
#7781=DIRECTION('',(0.,1.,0.));
#7782=DIRECTION('',(-0.707106927784285,0.,-0.70710663458878));
#7783=DIRECTION('',(0.,1.,0.));
#7784=DIRECTION('center_axis',(-0.707106906066076,0.,-0.707106656306997));
#7785=DIRECTION('ref_axis',(-0.707106656306997,0.,0.707106906066076));
#7786=DIRECTION('',(0.707106656306997,0.,-0.707106906066076));
#7787=DIRECTION('',(-0.707106656306997,0.,0.707106906066076));
#7788=DIRECTION('',(0.,1.,0.));
#7789=DIRECTION('center_axis',(-0.707106634588778,0.,0.707106927784287));
#7790=DIRECTION('ref_axis',(0.707106927784287,0.,0.707106634588778));
#7791=DIRECTION('',(-0.707106927784287,0.,-0.707106634588778));
#7792=DIRECTION('',(0.707106927784287,0.,0.707106634588778));
#7793=DIRECTION('',(0.,1.,0.));
#7794=DIRECTION('center_axis',(0.707106906066075,0.,0.707106656306998));
#7795=DIRECTION('ref_axis',(0.707106656306998,0.,-0.707106906066075));
#7796=DIRECTION('',(-0.707106656306998,0.,0.707106906066075));
#7797=DIRECTION('',(0.707106656306998,0.,-0.707106906066075));
#7798=DIRECTION('center_axis',(0.70710688387936,0.,-0.70710667849372));
#7799=DIRECTION('ref_axis',(-0.70710667849372,0.,-0.70710688387936));
#7800=DIRECTION('',(0.70710667849372,0.,0.70710688387936));
#7801=DIRECTION('',(0.,1.,0.));
#7802=DIRECTION('',(-0.70710667849372,0.,-0.70710688387936));
#7803=DIRECTION('',(0.,1.,0.));
#7804=DIRECTION('center_axis',(-0.58461914955155,0.,-0.811307863870197));
#7805=DIRECTION('ref_axis',(-0.811307863870197,0.,0.58461914955155));
#7806=DIRECTION('',(0.811307863870197,0.,-0.58461914955155));
#7807=DIRECTION('',(-0.811307863870197,0.,0.58461914955155));
#7808=DIRECTION('',(0.,1.,0.));
#7809=DIRECTION('center_axis',(-0.707106906066074,0.,0.707106656306999));
#7810=DIRECTION('ref_axis',(0.707106656306999,0.,0.707106906066074));
#7811=DIRECTION('',(-0.707106656306999,0.,-0.707106906066074));
#7812=DIRECTION('',(0.707106656306999,0.,0.707106906066074));
#7813=DIRECTION('',(0.,1.,0.));
#7814=DIRECTION('center_axis',(0.811308127360521,0.,0.58461878389149));
#7815=DIRECTION('ref_axis',(0.58461878389149,0.,-0.811308127360521));
#7816=DIRECTION('',(-0.58461878389149,0.,0.811308127360521));
#7817=DIRECTION('',(0.58461878389149,0.,-0.811308127360521));
#7818=DIRECTION('center_axis',(0.707106781186546,0.,-0.707106781186549));
#7819=DIRECTION('ref_axis',(-0.707106781186549,0.,-0.707106781186546));
#7820=DIRECTION('',(0.707106781186549,0.,0.707106781186546));
#7821=DIRECTION('',(0.,1.,0.));
#7822=DIRECTION('',(-0.707106781186549,0.,-0.707106781186546));
#7823=DIRECTION('',(0.,1.,0.));
#7824=DIRECTION('center_axis',(-0.707106781186554,0.,-0.707106781186541));
#7825=DIRECTION('ref_axis',(-0.707106781186541,0.,0.707106781186554));
#7826=DIRECTION('',(0.707106781186541,0.,-0.707106781186554));
#7827=DIRECTION('',(-0.707106781186541,0.,0.707106781186554));
#7828=DIRECTION('',(0.,1.,0.));
#7829=DIRECTION('center_axis',(-0.987145640234429,0.,-0.159823292939917));
#7830=DIRECTION('ref_axis',(-0.159823292939917,0.,0.987145640234429));
#7831=DIRECTION('',(0.159823292939917,0.,-0.987145640234429));
#7832=DIRECTION('',(-0.159823292939917,0.,0.987145640234429));
#7833=DIRECTION('',(0.,1.,0.));
#7834=DIRECTION('center_axis',(0.159823642413562,0.,0.98714558365302));
#7835=DIRECTION('ref_axis',(0.98714558365302,0.,-0.159823642413562));
#7836=DIRECTION('',(-0.98714558365302,0.,0.159823642413562));
#7837=DIRECTION('',(0.98714558365302,0.,-0.159823642413562));
#7838=DIRECTION('',(0.,1.,0.));
#7839=DIRECTION('center_axis',(0.678279968401372,0.,0.734803568625952));
#7840=DIRECTION('ref_axis',(0.734803568625952,0.,-0.678279968401372));
#7841=DIRECTION('',(-0.734803568625952,0.,0.678279968401372));
#7842=DIRECTION('',(0.734803568625952,0.,-0.678279968401372));
#7843=DIRECTION('center_axis',(-0.707106725223926,0.,-0.707106837149165));
#7844=DIRECTION('ref_axis',(-0.707106837149165,0.,0.707106725223926));
#7845=DIRECTION('',(0.707106837149165,0.,-0.707106725223926));
#7846=DIRECTION('',(0.,1.,0.));
#7847=DIRECTION('',(-0.707106837149165,0.,0.707106725223926));
#7848=DIRECTION('',(0.,1.,0.));
#7849=DIRECTION('center_axis',(-0.705710848394696,0.,0.708499963625997));
#7850=DIRECTION('ref_axis',(0.708499963625997,0.,0.705710848394696));
#7851=DIRECTION('',(-0.708499963625997,0.,-0.705710848394696));
#7852=DIRECTION('',(0.708499963625997,0.,0.705710848394695));
#7853=DIRECTION('',(0.,1.,0.));
#7854=DIRECTION('center_axis',(-0.159823642413565,0.,0.98714558365302));
#7855=DIRECTION('ref_axis',(0.98714558365302,0.,0.159823642413565));
#7856=DIRECTION('',(-0.98714558365302,0.,-0.159823642413565));
#7857=DIRECTION('',(0.98714558365302,0.,0.159823642413565));
#7858=DIRECTION('',(0.,1.,0.));
#7859=DIRECTION('center_axis',(0.987382487398436,0.,-0.158353476687056));
#7860=DIRECTION('ref_axis',(-0.158353476687056,0.,-0.987382487398436));
#7861=DIRECTION('',(0.158353476687056,0.,0.987382487398436));
#7862=DIRECTION('',(-0.158353476687056,0.,-0.987382487398436));
#7863=DIRECTION('',(0.,1.,0.));
#7864=DIRECTION('center_axis',(0.707106781186548,0.,-0.707106781186547));
#7865=DIRECTION('ref_axis',(-0.707106781186547,0.,-0.707106781186548));
#7866=DIRECTION('',(0.707106781186547,0.,0.707106781186548));
#7867=DIRECTION('',(-0.707106781186547,0.,-0.707106781186548));
#7868=DIRECTION('center_axis',(0.58461914955155,0.,-0.811307863870197));
#7869=DIRECTION('ref_axis',(-0.811307863870197,0.,-0.58461914955155));
#7870=DIRECTION('',(0.811307863870197,0.,0.58461914955155));
#7871=DIRECTION('',(0.,1.,0.));
#7872=DIRECTION('',(-0.811307863870197,0.,-0.58461914955155));
#7873=DIRECTION('',(0.,1.,0.));
#7874=DIRECTION('center_axis',(-0.707106849648435,0.,-0.707106712724654));
#7875=DIRECTION('ref_axis',(-0.707106712724654,0.,0.707106849648434));
#7876=DIRECTION('',(0.707106712724654,0.,-0.707106849648434));
#7877=DIRECTION('',(-0.707106712724654,0.,0.707106849648434));
#7878=DIRECTION('',(0.,1.,0.));
#7879=DIRECTION('center_axis',(-0.811307863870195,0.,0.584619149551553));
#7880=DIRECTION('ref_axis',(0.584619149551553,0.,0.811307863870195));
#7881=DIRECTION('',(-0.584619149551553,0.,-0.811307863870195));
#7882=DIRECTION('',(0.584619149551553,0.,0.811307863870195));
#7883=DIRECTION('',(0.,1.,0.));
#7884=DIRECTION('center_axis',(0.707106843626331,0.,0.707106718746758));
#7885=DIRECTION('ref_axis',(0.707106718746758,0.,-0.707106843626331));
#7886=DIRECTION('',(-0.707106718746758,0.,0.707106843626331));
#7887=DIRECTION('',(0.707106718746758,0.,-0.707106843626331));
#7888=DIRECTION('center_axis',(-0.707106781186548,0.,-0.707106781186548));
#7889=DIRECTION('ref_axis',(-0.707106781186548,0.,0.707106781186548));
#7890=DIRECTION('',(0.707106781186548,0.,-0.707106781186548));
#7891=DIRECTION('',(0.,1.,0.));
#7892=DIRECTION('',(-0.707106781186548,0.,0.707106781186548));
#7893=DIRECTION('',(0.,1.,0.));
#7894=DIRECTION('center_axis',(-0.707106781186546,0.,0.707106781186549));
#7895=DIRECTION('ref_axis',(0.707106781186549,0.,0.707106781186546));
#7896=DIRECTION('',(-0.707106781186549,0.,-0.707106781186546));
#7897=DIRECTION('',(0.707106781186549,0.,0.707106781186546));
#7898=DIRECTION('',(0.,1.,0.));
#7899=DIRECTION('center_axis',(0.707106781186548,0.,0.707106781186548));
#7900=DIRECTION('ref_axis',(0.707106781186548,0.,-0.707106781186548));
#7901=DIRECTION('',(-0.707106781186548,0.,0.707106781186548));
#7902=DIRECTION('',(0.707106781186548,0.,-0.707106781186548));
#7903=DIRECTION('',(0.,1.,0.));
#7904=DIRECTION('center_axis',(0.707106781186546,0.,-0.707106781186549));
#7905=DIRECTION('ref_axis',(-0.707106781186549,0.,-0.707106781186546));
#7906=DIRECTION('',(0.707106781186549,0.,0.707106781186546));
#7907=DIRECTION('',(-0.707106781186549,0.,-0.707106781186546));
#7908=DIRECTION('center_axis',(0.707106932725769,0.,-0.707106629647293));
#7909=DIRECTION('ref_axis',(-0.707106629647293,0.,-0.707106932725769));
#7910=DIRECTION('',(0.707106629647293,0.,0.707106932725769));
#7911=DIRECTION('',(0.,1.,0.));
#7912=DIRECTION('',(-0.707106629647293,0.,-0.707106932725769));
#7913=DIRECTION('',(0.,1.,0.));
#7914=DIRECTION('center_axis',(-0.707106781186548,0.,-0.707106781186547));
#7915=DIRECTION('ref_axis',(-0.707106781186547,0.,0.707106781186548));
#7916=DIRECTION('',(0.707106781186547,0.,-0.707106781186548));
#7917=DIRECTION('',(-0.707106781186547,0.,0.707106781186548));
#7918=DIRECTION('',(0.,1.,0.));
#7919=DIRECTION('center_axis',(-0.707107084264895,0.,0.70710647810807));
#7920=DIRECTION('ref_axis',(0.70710647810807,0.,0.707107084264895));
#7921=DIRECTION('',(-0.70710647810807,0.,-0.707107084264895));
#7922=DIRECTION('',(0.70710647810807,0.,0.707107084264895));
#7923=DIRECTION('',(0.,1.,0.));
#7924=DIRECTION('center_axis',(0.70710691880888,0.,0.707106643564188));
#7925=DIRECTION('ref_axis',(0.707106643564188,0.,-0.70710691880888));
#7926=DIRECTION('',(-0.707106643564188,0.,0.70710691880888));
#7927=DIRECTION('',(0.707106643564188,0.,-0.70710691880888));
#7928=DIRECTION('center_axis',(0.707106781186548,0.,-0.707106781186548));
#7929=DIRECTION('ref_axis',(-0.707106781186548,0.,-0.707106781186548));
#7930=DIRECTION('',(0.707106781186548,0.,0.707106781186548));
#7931=DIRECTION('',(0.,1.,0.));
#7932=DIRECTION('',(-0.707106781186548,0.,-0.707106781186548));
#7933=DIRECTION('',(0.,1.,0.));
#7934=DIRECTION('center_axis',(-0.707106781186546,0.,-0.707106781186549));
#7935=DIRECTION('ref_axis',(-0.707106781186549,0.,0.707106781186546));
#7936=DIRECTION('',(0.707106781186549,0.,-0.707106781186546));
#7937=DIRECTION('',(-0.707106781186549,0.,0.707106781186546));
#7938=DIRECTION('',(0.,1.,0.));
#7939=DIRECTION('center_axis',(-0.707106781186548,0.,0.707106781186548));
#7940=DIRECTION('ref_axis',(0.707106781186548,0.,0.707106781186548));
#7941=DIRECTION('',(-0.707106781186548,0.,-0.707106781186548));
#7942=DIRECTION('',(0.707106781186548,0.,0.707106781186548));
#7943=DIRECTION('',(0.,1.,0.));
#7944=DIRECTION('center_axis',(0.707106781186546,0.,0.707106781186549));
#7945=DIRECTION('ref_axis',(0.707106781186549,0.,-0.707106781186546));
#7946=DIRECTION('',(-0.707106781186549,0.,0.707106781186546));
#7947=DIRECTION('',(0.707106781186549,0.,-0.707106781186546));
#7948=DIRECTION('center_axis',(0.70710663458878,0.,-0.707106927784285));
#7949=DIRECTION('ref_axis',(-0.707106927784285,0.,-0.70710663458878));
#7950=DIRECTION('',(0.707106927784285,0.,0.70710663458878));
#7951=DIRECTION('',(0.,1.,0.));
#7952=DIRECTION('',(-0.707106927784285,0.,-0.70710663458878));
#7953=DIRECTION('',(0.,1.,0.));
#7954=DIRECTION('center_axis',(-0.707106281667953,0.,-0.70710728070479));
#7955=DIRECTION('ref_axis',(-0.70710728070479,0.,0.707106281667952));
#7956=DIRECTION('',(0.70710728070479,0.,-0.707106281667952));
#7957=DIRECTION('',(-0.70710728070479,0.,0.707106281667952));
#7958=DIRECTION('',(0.,1.,0.));
#7959=DIRECTION('center_axis',(-0.707106634588781,0.,0.707106927784284));
#7960=DIRECTION('ref_axis',(0.707106927784284,0.,0.707106634588781));
#7961=DIRECTION('',(-0.707106927784284,0.,-0.707106634588781));
#7962=DIRECTION('',(0.707106927784284,0.,0.707106634588781));
#7963=DIRECTION('',(0.,1.,0.));
#7964=DIRECTION('center_axis',(0.707106281667955,0.,0.707107280704787));
#7965=DIRECTION('ref_axis',(0.707107280704787,0.,-0.707106281667955));
#7966=DIRECTION('',(-0.707107280704787,0.,0.707106281667955));
#7967=DIRECTION('',(0.707107280704787,0.,-0.707106281667955));
#7968=DIRECTION('',(0.,1.,0.));
#7969=DIRECTION('',(0.,1.,0.));
#7970=DIRECTION('',(0.,1.,0.));
#7971=DIRECTION('center_axis',(-0.707106630212706,0.,0.707106932160357));
#7972=DIRECTION('ref_axis',(0.707106932160357,0.,0.707106630212706));
#7973=DIRECTION('',(0.707106932160357,0.,0.707106630212706));
#7974=DIRECTION('',(0.,1.,0.));
#7975=DIRECTION('',(0.,1.,0.));
#7976=DIRECTION('center_axis',(-0.707106991920686,0.,-0.707106570452346));
#7977=DIRECTION('ref_axis',(-0.707106570452346,0.,0.707106991920686));
#7978=DIRECTION('',(-0.707106570452346,0.,0.707106991920686));
#7979=DIRECTION('',(0.,1.,0.));
#7980=DIRECTION('center_axis',(-0.70710673622991,0.,-0.707106826143182));
#7981=DIRECTION('ref_axis',(-0.707106826143182,0.,0.70710673622991));
#7982=DIRECTION('',(-0.707106826143182,0.,0.70710673622991));
#7983=DIRECTION('',(0.,1.,0.));
#7984=DIRECTION('center_axis',(-0.710387884641861,0.,0.703810381675393));
#7985=DIRECTION('ref_axis',(0.703810381675393,0.,0.71038788464186));
#7986=DIRECTION('',(0.703810381675393,0.,0.71038788464186));
#7987=DIRECTION('',(0.,1.,0.));
#7988=DIRECTION('',(0.,1.,0.));
#7989=DIRECTION('center_axis',(-0.808355990965902,0.,-0.588693971320868));
#7990=DIRECTION('ref_axis',(-0.588693971320868,0.,0.808355990965902));
#7991=DIRECTION('',(-0.588693971320868,0.,0.808355990965902));
#7992=DIRECTION('',(0.,1.,0.));
#7993=DIRECTION('',(0.,1.,0.));
#7994=DIRECTION('',(0.,1.,0.));
#7995=DIRECTION('center_axis',(0.707106781186547,0.,-0.707106781186548));
#7996=DIRECTION('ref_axis',(-0.707106781186548,0.,-0.707106781186547));
#7997=DIRECTION('',(-0.707106781186548,0.,-0.707106781186547));
#7998=DIRECTION('',(0.,1.,0.));
#7999=DIRECTION('center_axis',(-0.701139928766406,0.,-0.713023702473795));
#8000=DIRECTION('ref_axis',(-0.713023702473795,0.,0.701139928766406));
#8001=DIRECTION('',(-0.713023702473795,0.,0.701139928766406));
#8002=DIRECTION('',(0.,1.,0.));
#8003=DIRECTION('center_axis',(-0.70710668016039,0.,0.707106882212691));
#8004=DIRECTION('ref_axis',(0.707106882212691,0.,0.70710668016039));
#8005=DIRECTION('',(0.707106882212691,0.,0.70710668016039));
#8006=DIRECTION('',(0.,1.,0.));
#8007=DIRECTION('',(0.,1.,0.));
#8008=DIRECTION('center_axis',(-0.987393549406092,0.,0.158284486262044));
#8009=DIRECTION('ref_axis',(0.158284486262044,0.,0.987393549406092));
#8010=DIRECTION('',(0.158284486262044,0.,0.987393549406092));
#8011=DIRECTION('',(0.,1.,0.));
#8012=DIRECTION('',(0.,1.,0.));
#8013=DIRECTION('',(0.,1.,0.));
#8014=DIRECTION('center_axis',(0.158284508730735,0.,-0.98739354580424));
#8015=DIRECTION('ref_axis',(-0.98739354580424,0.,-0.158284508730735));
#8016=DIRECTION('',(-0.98739354580424,0.,-0.158284508730735));
#8017=DIRECTION('',(0.,1.,0.));
#8018=DIRECTION('',(0.,1.,0.));
#8019=DIRECTION('center_axis',(0.707106781186548,0.,-0.707106781186548));
#8020=DIRECTION('ref_axis',(-0.707106781186548,0.,-0.707106781186548));
#8021=DIRECTION('',(-0.707106781186548,0.,-0.707106781186548));
#8022=DIRECTION('',(0.,1.,0.));
#8023=DIRECTION('center_axis',(-0.707106608276403,0.,-0.70710695409665));
#8024=DIRECTION('ref_axis',(-0.70710695409665,0.,0.707106608276403));
#8025=DIRECTION('',(-0.70710695409665,0.,0.707106608276403));
#8026=DIRECTION('',(0.,1.,0.));
#8027=DIRECTION('',(0.,1.,0.));
#8028=DIRECTION('center_axis',(-0.158284463793361,0.,-0.987393553007942));
#8029=DIRECTION('ref_axis',(-0.987393553007942,0.,0.158284463793361));
#8030=DIRECTION('',(-0.987393553007942,0.,0.158284463793361));
#8031=DIRECTION('',(0.,1.,0.));
#8032=DIRECTION('',(0.,1.,0.));
#8033=DIRECTION('',(0.,1.,0.));
#8034=DIRECTION('center_axis',(0.98739357187477,0.,0.158284346100251));
#8035=DIRECTION('ref_axis',(0.158284346100251,0.,-0.98739357187477));
#8036=DIRECTION('',(0.158284346100251,0.,-0.98739357187477));
#8037=DIRECTION('',(0.,1.,0.));
#8038=DIRECTION('',(0.,1.,0.));
#8039=DIRECTION('center_axis',(0.697864174020907,0.,0.716230126857365));
#8040=DIRECTION('ref_axis',(0.716230126857365,0.,-0.697864174020907));
#8041=DIRECTION('',(0.716230126857365,0.,-0.697864174020907));
#8042=DIRECTION('',(0.,1.,0.));
#8043=DIRECTION('center_axis',(0.707106781186548,0.,-0.707106781186548));
#8044=DIRECTION('ref_axis',(-0.707106781186548,0.,-0.707106781186548));
#8045=DIRECTION('',(-0.707106781186548,0.,-0.707106781186548));
#8046=DIRECTION('',(0.,1.,0.));
#8047=DIRECTION('center_axis',(-0.707106725223926,0.,-0.707106837149165));
#8048=DIRECTION('ref_axis',(-0.707106837149165,0.,0.707106725223926));
#8049=DIRECTION('',(-0.707106837149165,0.,0.707106725223926));
#8050=DIRECTION('',(0.,1.,0.));
#8051=DIRECTION('',(0.,1.,0.));
#8052=DIRECTION('',(0.,1.,0.));
#8053=DIRECTION('center_axis',(0.808356110592678,0.,-0.588693807057181));
#8054=DIRECTION('ref_axis',(-0.588693807057181,0.,-0.808356110592678));
#8055=DIRECTION('',(-0.588693807057181,0.,-0.808356110592678));
#8056=DIRECTION('',(0.,1.,0.));
#8057=DIRECTION('',(0.,1.,0.));
#8058=DIRECTION('center_axis',(0.708745405278193,0.,0.705464350975335));
#8059=DIRECTION('ref_axis',(0.705464350975335,0.,-0.708745405278193));
#8060=DIRECTION('',(0.705464350975335,0.,-0.708745405278193));
#8061=DIRECTION('',(0.,1.,0.));
#8062=DIRECTION('center_axis',(0.707106601359928,0.,-0.707106961013121));
#8063=DIRECTION('ref_axis',(-0.707106961013121,0.,-0.707106601359928));
#8064=DIRECTION('',(-0.707106961013121,0.,-0.707106601359928));
#8065=DIRECTION('',(0.,1.,0.));
#8066=DIRECTION('',(0.,1.,0.));
#8067=DIRECTION('center_axis',(0.707106781186552,0.,-0.707106781186543));
#8068=DIRECTION('ref_axis',(-0.707106781186543,0.,-0.707106781186552));
#8069=DIRECTION('',(-0.707106781186543,0.,-0.707106781186552));
#8070=DIRECTION('',(0.,1.,0.));
#8071=DIRECTION('',(0.,1.,0.));
#8072=DIRECTION('center_axis',(0.70177043266253,0.,0.712403158219168));
#8073=DIRECTION('ref_axis',(0.712403158219168,0.,-0.70177043266253));
#8074=DIRECTION('',(0.712403158219168,0.,-0.70177043266253));
#8075=DIRECTION('',(0.,1.,0.));
#8076=DIRECTION('',(0.,1.,0.));
#8077=DIRECTION('',(0.,1.,0.));
#8078=DIRECTION('center_axis',(-0.707106781186551,0.,0.707106781186544));
#8079=DIRECTION('ref_axis',(0.707106781186544,0.,0.707106781186551));
#8080=DIRECTION('',(0.707106781186544,0.,0.707106781186551));
#8081=DIRECTION('',(0.,1.,0.));
#8082=DIRECTION('center_axis',(0.708745405278193,0.,0.705464350975335));
#8083=DIRECTION('ref_axis',(0.705464350975335,0.,-0.708745405278193));
#8084=DIRECTION('',(0.705464350975335,0.,-0.708745405278193));
#8085=DIRECTION('',(0.,1.,0.));
#8086=DIRECTION('',(0.,1.,0.));
#8087=DIRECTION('',(0.,1.,0.));
#8088=DIRECTION('center_axis',(-0.588693807057186,0.,0.808356110592675));
#8089=DIRECTION('ref_axis',(0.808356110592675,0.,0.588693807057186));
#8090=DIRECTION('',(0.808356110592675,0.,0.588693807057186));
#8091=DIRECTION('',(0.,1.,0.));
#8092=DIRECTION('',(0.,1.,0.));
#8093=DIRECTION('',(0.,1.,0.));
#8094=DIRECTION('center_axis',(-0.707106725223926,0.,-0.707106837149165));
#8095=DIRECTION('ref_axis',(-0.707106837149165,0.,0.707106725223926));
#8096=DIRECTION('',(-0.707106837149165,0.,0.707106725223926));
#8097=DIRECTION('',(0.,1.,0.));
#8098=DIRECTION('center_axis',(-0.70710668016039,0.,0.707106882212691));
#8099=DIRECTION('ref_axis',(0.707106882212691,0.,0.70710668016039));
#8100=DIRECTION('',(0.707106882212691,0.,0.70710668016039));
#8101=DIRECTION('',(0.,1.,0.));
#8102=DIRECTION('center_axis',(0.707106894522605,0.,0.707106667850472));
#8103=DIRECTION('ref_axis',(0.707106667850472,0.,-0.707106894522605));
#8104=DIRECTION('',(0.707106667850472,0.,-0.707106894522605));
#8105=DIRECTION('',(0.,1.,0.));
#8106=DIRECTION('center_axis',(0.707106781186547,0.,-0.707106781186548));
#8107=DIRECTION('ref_axis',(-0.707106781186548,0.,-0.707106781186547));
#8108=DIRECTION('',(-0.707106781186548,0.,-0.707106781186547));
#8109=DIRECTION('',(0.,1.,0.));
#8110=DIRECTION('',(0.,1.,0.));
#8111=DIRECTION('',(0.,1.,0.));
#8112=DIRECTION('center_axis',(0.588693807057186,0.,0.808356110592675));
#8113=DIRECTION('ref_axis',(0.808356110592675,0.,-0.588693807057186));
#8114=DIRECTION('',(0.808356110592675,0.,-0.588693807057186));
#8115=DIRECTION('',(0.,1.,0.));
#8116=DIRECTION('',(0.,1.,0.));
#8117=DIRECTION('',(0.,1.,0.));
#8118=DIRECTION('center_axis',(-0.710387884641861,0.,0.703810381675393));
#8119=DIRECTION('ref_axis',(0.703810381675393,0.,0.71038788464186));
#8120=DIRECTION('',(0.703810381675393,0.,0.71038788464186));
#8121=DIRECTION('',(0.,1.,0.));
#8122=DIRECTION('center_axis',(0.707106781186547,0.,0.707106781186549));
#8123=DIRECTION('ref_axis',(0.707106781186548,0.,-0.707106781186546));
#8124=DIRECTION('',(0.707106781186548,0.,-0.707106781186546));
#8125=DIRECTION('',(0.,1.,0.));
#8126=DIRECTION('',(0.,1.,0.));
#8127=DIRECTION('center_axis',(0.707107068143591,0.,0.707106494229388));
#8128=DIRECTION('ref_axis',(0.707106494229388,0.,-0.707107068143591));
#8129=DIRECTION('',(0.707106494229388,0.,-0.707107068143591));
#8130=DIRECTION('center_axis',(0.,1.,0.));
#8131=DIRECTION('ref_axis',(-1.,0.,0.));
#8132=DIRECTION('center_axis',(0.,1.,0.));
#8133=DIRECTION('ref_axis',(0.,0.,1.));
#8134=DIRECTION('center_axis',(0.,1.,0.));
#8135=DIRECTION('ref_axis',(0.,0.,1.));
#8136=DIRECTION('center_axis',(0.,1.,0.));
#8137=DIRECTION('ref_axis',(0.,0.,1.));
#8138=DIRECTION('center_axis',(0.,1.,0.));
#8139=DIRECTION('ref_axis',(0.,0.,1.));
#8140=DIRECTION('center_axis',(0.,1.,0.));
#8141=DIRECTION('ref_axis',(0.,0.,1.));
#8142=DIRECTION('center_axis',(0.,1.,0.));
#8143=DIRECTION('ref_axis',(0.,0.,1.));
#8144=DIRECTION('center_axis',(0.,1.,0.));
#8145=DIRECTION('ref_axis',(0.,0.,1.));
#8146=DIRECTION('center_axis',(0.,1.,0.));
#8147=DIRECTION('ref_axis',(0.,0.,1.));
#8148=DIRECTION('center_axis',(0.,1.,0.));
#8149=DIRECTION('ref_axis',(0.,0.,1.));
#8150=DIRECTION('center_axis',(0.,-1.,0.));
#8151=DIRECTION('ref_axis',(0.707106781186548,0.,0.707106781186548));
#8152=DIRECTION('',(0.,-1.,0.));
#8153=DIRECTION('center_axis',(0.,-1.,0.));
#8154=DIRECTION('ref_axis',(0.707106781186548,0.,0.707106781186548));
#8155=DIRECTION('',(0.,1.,0.));
#8156=DIRECTION('center_axis',(1.,0.,0.));
#8157=DIRECTION('ref_axis',(0.,0.,1.));
#8158=DIRECTION('',(0.,1.,0.));
#8159=DIRECTION('',(0.,0.,-1.));
#8160=DIRECTION('center_axis',(0.,1.,0.));
#8161=DIRECTION('ref_axis',(0.707106781186548,0.,-0.707106781186548));
#8162=DIRECTION('center_axis',(0.,-1.,0.));
#8163=DIRECTION('ref_axis',(0.707106781186548,0.,-0.707106781186548));
#8164=DIRECTION('',(0.,-1.,0.));
#8165=DIRECTION('center_axis',(0.,0.,-1.));
#8166=DIRECTION('ref_axis',(1.,0.,0.));
#8167=DIRECTION('',(0.,-1.,0.));
#8168=DIRECTION('',(-1.,0.,0.));
#8169=DIRECTION('center_axis',(0.,0.,1.));
#8170=DIRECTION('ref_axis',(-1.,0.,0.));
#8171=DIRECTION('',(1.,0.,0.));
#8172=DIRECTION('',(0.,-1.,0.));
#8173=DIRECTION('center_axis',(-0.707106781186549,0.707106781186546,0.));
#8174=DIRECTION('ref_axis',(0.,0.,1.));
#8175=DIRECTION('',(-0.577350269189624,-0.577350269189626,0.577350269189627));
#8176=DIRECTION('',(0.,0.,1.));
#8177=DIRECTION('',(0.577350269189624,0.577350269189626,0.577350269189627));
#8178=DIRECTION('center_axis',(0.,0.707106781186548,0.707106781186547));
#8179=DIRECTION('ref_axis',(1.,0.,0.));
#8180=DIRECTION('',(1.,0.,0.));
#8181=DIRECTION('',(0.577350269189624,-0.577350269189626,0.577350269189627));
#8182=DIRECTION('center_axis',(0.,0.707106781186548,-0.707106781186547));
#8183=DIRECTION('ref_axis',(-1.,0.,0.));
#8184=DIRECTION('',(-1.,0.,0.));
#8185=DIRECTION('',(0.577350269189624,-0.577350269189626,-0.577350269189627));
#8186=DIRECTION('center_axis',(0.707106781186549,0.707106781186546,0.));
#8187=DIRECTION('ref_axis',(0.,0.,-1.));
#8188=DIRECTION('',(0.,0.,-1.));
#8189=DIRECTION('center_axis',(0.,0.,1.));
#8190=DIRECTION('ref_axis',(-1.,0.,0.));
#8191=DIRECTION('',(0.,-1.,0.));
#8192=DIRECTION('',(1.,0.,0.));
#8193=DIRECTION('',(0.,-1.,0.));
#8194=DIRECTION('center_axis',(1.,0.,0.));
#8195=DIRECTION('ref_axis',(0.,0.,1.));
#8196=DIRECTION('',(0.,-1.,0.));
#8197=DIRECTION('',(0.,0.,-1.));
#8198=DIRECTION('center_axis',(0.,0.,-1.));
#8199=DIRECTION('ref_axis',(1.,0.,0.));
#8200=DIRECTION('',(0.,-1.,0.));
#8201=DIRECTION('',(-1.,0.,0.));
#8202=DIRECTION('center_axis',(-1.,0.,0.));
#8203=DIRECTION('ref_axis',(0.,0.,-1.));
#8204=DIRECTION('',(0.,0.,1.));
#8205=DIRECTION('center_axis',(0.,1.,0.));
#8206=DIRECTION('ref_axis',(0.,0.,1.));
#8207=DIRECTION('center_axis',(0.,-1.,0.));
#8208=DIRECTION('ref_axis',(0.,0.,1.));
#8209=DIRECTION('center_axis',(-1.,0.,0.));
#8210=DIRECTION('ref_axis',(0.,0.,-1.));
#8211=DIRECTION('center_axis',(0.,1.,0.));
#8212=DIRECTION('ref_axis',(0.,0.,1.));
#8213=DIRECTION('center_axis',(0.,-1.,0.));
#8214=DIRECTION('ref_axis',(0.,0.,1.));
#8215=DIRECTION('center_axis',(0.,-1.,0.));
#8216=DIRECTION('ref_axis',(0.,0.,-1.));
#8217=DIRECTION('center_axis',(0.,-1.,0.));
#8218=DIRECTION('ref_axis',(0.,0.,-1.));
#8219=DIRECTION('',(0.,-1.,0.));
#8220=DIRECTION('center_axis',(0.,1.,0.));
#8221=DIRECTION('ref_axis',(1.,0.,0.));
#8222=DIRECTION('',(0.,0.,1.));
#8223=DIRECTION('center_axis',(0.,1.,0.));
#8224=DIRECTION('ref_axis',(0.707106781186548,0.,0.707106781186548));
#8225=DIRECTION('',(-1.,0.,0.));
#8226=DIRECTION('center_axis',(0.,1.,0.));
#8227=DIRECTION('ref_axis',(-0.707106781186547,0.,0.707106781186548));
#8228=DIRECTION('center_axis',(0.,1.,0.));
#8229=DIRECTION('ref_axis',(0.,0.,-1.));
#8230=DIRECTION('',(-1.03276561289191E-16,0.,1.));
#8231=DIRECTION('center_axis',(0.,1.,0.));
#8232=DIRECTION('ref_axis',(-1.,0.,0.));
#8233=DIRECTION('',(1.,0.,5.02904149809147E-16));
#8234=DIRECTION('center_axis',(0.,-1.,0.));
#8235=DIRECTION('ref_axis',(0.707106781186546,0.,0.707106781186549));
#8236=DIRECTION('',(0.,0.,-1.));
#8237=DIRECTION('center_axis',(0.,1.,0.));
#8238=DIRECTION('ref_axis',(-0.707106781186547,0.,-0.707106781186547));
#8239=DIRECTION('center_axis',(0.,1.,0.));
#8240=DIRECTION('ref_axis',(0.,0.,1.));
#8241=DIRECTION('center_axis',(0.,1.,0.));
#8242=DIRECTION('ref_axis',(0.,0.,1.));
#8243=DIRECTION('',(0.,0.,1.));
#8244=DIRECTION('center_axis',(0.,1.,0.));
#8245=DIRECTION('ref_axis',(-0.988204106287093,0.,0.153142562069886));
#8246=DIRECTION('',(0.999947271789915,0.,0.0102690622700435));
#8247=DIRECTION('center_axis',(0.,1.,0.));
#8248=DIRECTION('ref_axis',(0.,0.,1.));
#8249=DIRECTION('',(0.,0.,-1.));
#8250=DIRECTION('center_axis',(0.,1.,0.));
#8251=DIRECTION('ref_axis',(1.,0.,0.));
#8252=DIRECTION('',(-1.,0.,0.));
#8253=DIRECTION('center_axis',(0.,1.,0.));
#8254=DIRECTION('ref_axis',(0.,0.,-1.));
#8255=DIRECTION('',(0.,0.,1.));
#8256=DIRECTION('center_axis',(0.,1.,0.));
#8257=DIRECTION('ref_axis',(-1.,0.,-3.5527136788007E-14));
#8258=DIRECTION('',(1.,0.,0.));
#8259=DIRECTION('center_axis',(0.,1.,0.));
#8260=DIRECTION('ref_axis',(0.,0.,1.));
#8261=DIRECTION('',(0.,0.,-1.));
#8262=DIRECTION('center_axis',(0.,1.,0.));
#8263=DIRECTION('ref_axis',(1.,0.,0.));
#8264=DIRECTION('',(-1.,0.,0.));
#8265=DIRECTION('center_axis',(0.,1.,0.));
#8266=DIRECTION('ref_axis',(0.,0.,-1.));
#8267=DIRECTION('',(0.,0.,1.));
#8268=DIRECTION('center_axis',(0.,1.,0.));
#8269=DIRECTION('ref_axis',(-1.,0.,0.));
#8270=DIRECTION('',(1.,0.,0.));
#8271=DIRECTION('center_axis',(0.,1.,0.));
#8272=DIRECTION('ref_axis',(0.,0.,1.));
#8273=DIRECTION('',(0.,0.,-1.));
#8274=DIRECTION('center_axis',(0.,1.,0.));
#8275=DIRECTION('ref_axis',(1.,0.,0.));
#8276=DIRECTION('',(-1.,0.,0.));
#8277=DIRECTION('center_axis',(0.,1.,0.));
#8278=DIRECTION('ref_axis',(0.,0.,-1.));
#8279=DIRECTION('',(0.,0.,1.));
#8280=DIRECTION('center_axis',(0.,1.,0.));
#8281=DIRECTION('ref_axis',(-1.,0.,-3.55271367880045E-14));
#8282=DIRECTION('',(1.,0.,0.));
#8283=DIRECTION('center_axis',(0.,1.,0.));
#8284=DIRECTION('ref_axis',(0.,0.,1.));
#8285=DIRECTION('',(0.,0.,-1.));
#8286=DIRECTION('center_axis',(0.,1.,0.));
#8287=DIRECTION('ref_axis',(1.,0.,0.));
#8288=DIRECTION('',(-1.,0.,0.));
#8289=DIRECTION('center_axis',(0.,1.,0.));
#8290=DIRECTION('ref_axis',(0.,0.,-1.));
#8291=DIRECTION('',(0.,0.,1.));
#8292=DIRECTION('center_axis',(0.,1.,0.));
#8293=DIRECTION('ref_axis',(-1.,0.,0.));
#8294=DIRECTION('',(1.,0.,0.));
#8295=DIRECTION('center_axis',(0.,1.,0.));
#8296=DIRECTION('ref_axis',(0.,0.,1.));
#8297=DIRECTION('',(0.,0.,-1.));
#8298=DIRECTION('center_axis',(0.,1.,0.));
#8299=DIRECTION('ref_axis',(1.,0.,0.));
#8300=DIRECTION('',(-1.,0.,0.));
#8301=DIRECTION('center_axis',(0.,1.,0.));
#8302=DIRECTION('ref_axis',(0.,0.,-1.));
#8303=DIRECTION('',(0.,0.,1.));
#8304=DIRECTION('center_axis',(0.,1.,0.));
#8305=DIRECTION('ref_axis',(-1.,0.,0.));
#8306=DIRECTION('',(1.,0.,0.));
#8307=DIRECTION('center_axis',(0.,1.,0.));
#8308=DIRECTION('ref_axis',(0.,0.,1.));
#8309=DIRECTION('',(0.,0.,-1.));
#8310=DIRECTION('center_axis',(0.,1.,0.));
#8311=DIRECTION('ref_axis',(1.,0.,0.));
#8312=DIRECTION('',(-1.,0.,0.));
#8313=DIRECTION('center_axis',(0.,1.,0.));
#8314=DIRECTION('ref_axis',(0.,0.,-1.));
#8315=DIRECTION('center_axis',(0.,1.,0.));
#8316=DIRECTION('ref_axis',(0.,0.,1.));
#8317=DIRECTION('center_axis',(0.,1.,0.));
#8318=DIRECTION('ref_axis',(0.,0.,1.));
#8319=DIRECTION('center_axis',(0.,-1.,0.));
#8320=DIRECTION('ref_axis',(0.,0.,-1.));
#8321=DIRECTION('center_axis',(-1.,0.,0.));
#8322=DIRECTION('ref_axis',(0.,0.,1.));
#8323=DIRECTION('center_axis',(0.,-1.,0.));
#8324=DIRECTION('ref_axis',(0.,0.,1.));
#8325=DIRECTION('',(0.,-1.,0.));
#8326=DIRECTION('center_axis',(0.,-1.,0.));
#8327=DIRECTION('ref_axis',(0.,0.,1.));
#8328=DIRECTION('',(0.,-1.,0.));
#8329=DIRECTION('center_axis',(0.,-1.,0.));
#8330=DIRECTION('ref_axis',(0.,0.,1.));
#8331=DIRECTION('',(0.,-1.,0.));
#8332=DIRECTION('center_axis',(0.,-1.,0.));
#8333=DIRECTION('ref_axis',(0.,0.,1.));
#8334=DIRECTION('',(0.,-1.,0.));
#8335=DIRECTION('center_axis',(0.,1.,0.));
#8336=DIRECTION('ref_axis',(-0.707106781186547,0.,0.707106781186548));
#8337=DIRECTION('',(0.,1.,0.));
#8338=DIRECTION('center_axis',(0.,0.,1.));
#8339=DIRECTION('ref_axis',(1.,0.,0.));
#8340=DIRECTION('',(0.,-1.,0.));
#8341=DIRECTION('center_axis',(0.,1.,0.));
#8342=DIRECTION('ref_axis',(0.707106781186548,0.,0.707106781186548));
#8343=DIRECTION('',(0.,1.,0.));
#8344=DIRECTION('center_axis',(0.,-1.,0.));
#8345=DIRECTION('ref_axis',(0.707106781186546,0.,0.707106781186549));
#8346=DIRECTION('',(0.,-1.,0.));
#8347=DIRECTION('',(0.,1.,0.));
#8348=DIRECTION('center_axis',(1.,0.,0.));
#8349=DIRECTION('ref_axis',(0.,0.,1.));
#8350=DIRECTION('',(0.,1.,0.));
#8351=DIRECTION('center_axis',(0.,-1.,0.));
#8352=DIRECTION('ref_axis',(-0.707106781186547,0.,-0.707106781186547));
#8353=DIRECTION('center_axis',(-5.02904149809147E-16,0.,1.));
#8354=DIRECTION('ref_axis',(-1.,0.,-5.02904149809147E-16));
#8355=DIRECTION('',(0.,-1.,0.));
#8356=DIRECTION('center_axis',(0.,-1.,0.));
#8357=DIRECTION('ref_axis',(0.,0.,-1.));
#8358=DIRECTION('',(0.,-1.,0.));
#8359=DIRECTION('center_axis',(-1.,0.,-1.03276561289191E-16));
#8360=DIRECTION('ref_axis',(1.03276561289191E-16,0.,-1.));
#8361=DIRECTION('',(0.,-1.,0.));
#8362=DIRECTION('center_axis',(0.,-1.,0.));
#8363=DIRECTION('ref_axis',(-1.,0.,0.));
#8364=DIRECTION('center_axis',(0.,0.,1.));
#8365=DIRECTION('ref_axis',(1.,0.,0.));
#8366=DIRECTION('',(0.,-1.,0.));
#8367=DIRECTION('',(0.,-1.,0.));
#8368=DIRECTION('center_axis',(0.,1.,0.));
#8369=DIRECTION('ref_axis',(-1.,0.,0.));
#8370=DIRECTION('',(0.,-1.,0.));
#8371=DIRECTION('center_axis',(-1.,0.,0.));
#8372=DIRECTION('ref_axis',(0.,0.,1.));
#8373=DIRECTION('',(0.,-1.,0.));
#8374=DIRECTION('center_axis',(0.,1.,0.));
#8375=DIRECTION('ref_axis',(0.,0.,-1.));
#8376=DIRECTION('',(0.,1.,0.));
#8377=DIRECTION('center_axis',(0.,0.,-1.));
#8378=DIRECTION('ref_axis',(-1.,0.,0.));
#8379=DIRECTION('',(0.,-1.,0.));
#8380=DIRECTION('center_axis',(0.,1.,0.));
#8381=DIRECTION('ref_axis',(1.,0.,0.));
#8382=DIRECTION('',(0.,-1.,0.));
#8383=DIRECTION('center_axis',(1.,0.,0.));
#8384=DIRECTION('ref_axis',(0.,0.,-1.));
#8385=DIRECTION('',(0.,-1.,0.));
#8386=DIRECTION('center_axis',(0.,1.,0.));
#8387=DIRECTION('ref_axis',(0.,0.,1.));
#8388=DIRECTION('center_axis',(0.,0.,1.));
#8389=DIRECTION('ref_axis',(1.,0.,0.));
#8390=DIRECTION('',(0.,-1.,0.));
#8391=DIRECTION('',(0.,-1.,0.));
#8392=DIRECTION('center_axis',(0.,1.,0.));
#8393=DIRECTION('ref_axis',(-1.,0.,-3.55271367880045E-14));
#8394=DIRECTION('',(0.,-1.,0.));
#8395=DIRECTION('center_axis',(-1.,0.,0.));
#8396=DIRECTION('ref_axis',(0.,0.,1.));
#8397=DIRECTION('',(0.,-1.,0.));
#8398=DIRECTION('center_axis',(0.,1.,0.));
#8399=DIRECTION('ref_axis',(0.,0.,-1.));
#8400=DIRECTION('',(0.,1.,0.));
#8401=DIRECTION('center_axis',(0.,0.,-1.));
#8402=DIRECTION('ref_axis',(-1.,0.,0.));
#8403=DIRECTION('',(0.,-1.,0.));
#8404=DIRECTION('center_axis',(0.,1.,0.));
#8405=DIRECTION('ref_axis',(1.,0.,0.));
#8406=DIRECTION('',(0.,-1.,0.));
#8407=DIRECTION('center_axis',(1.,0.,0.));
#8408=DIRECTION('ref_axis',(0.,0.,-1.));
#8409=DIRECTION('',(0.,-1.,0.));
#8410=DIRECTION('center_axis',(0.,1.,0.));
#8411=DIRECTION('ref_axis',(0.,0.,1.));
#8412=DIRECTION('center_axis',(-0.0102690622700435,0.,0.999947271789915));
#8413=DIRECTION('ref_axis',(0.999947271789915,0.,0.0102690622700435));
#8414=DIRECTION('',(0.,-1.,0.));
#8415=DIRECTION('',(0.,-1.,0.));
#8416=DIRECTION('center_axis',(0.,1.,0.));
#8417=DIRECTION('ref_axis',(-0.988204106287093,0.,0.153142562069886));
#8418=DIRECTION('',(0.,-1.,0.));
#8419=DIRECTION('center_axis',(-1.,0.,0.));
#8420=DIRECTION('ref_axis',(0.,0.,1.));
#8421=DIRECTION('',(0.,-1.,0.));
#8422=DIRECTION('center_axis',(0.,1.,0.));
#8423=DIRECTION('ref_axis',(0.,0.,-1.));
#8424=DIRECTION('',(0.,1.,0.));
#8425=DIRECTION('center_axis',(0.,0.,-1.));
#8426=DIRECTION('ref_axis',(-1.,0.,0.));
#8427=DIRECTION('',(0.,-1.,0.));
#8428=DIRECTION('center_axis',(0.,1.,0.));
#8429=DIRECTION('ref_axis',(1.,0.,0.));
#8430=DIRECTION('',(0.,-1.,0.));
#8431=DIRECTION('center_axis',(1.,0.,0.));
#8432=DIRECTION('ref_axis',(0.,0.,-1.));
#8433=DIRECTION('',(0.,-1.,0.));
#8434=DIRECTION('center_axis',(0.,1.,0.));
#8435=DIRECTION('ref_axis',(0.,0.,1.));
#8436=DIRECTION('center_axis',(0.,0.,1.));
#8437=DIRECTION('ref_axis',(1.,0.,0.));
#8438=DIRECTION('',(0.,-1.,0.));
#8439=DIRECTION('',(0.,-1.,0.));
#8440=DIRECTION('center_axis',(0.,1.,0.));
#8441=DIRECTION('ref_axis',(-1.,0.,0.));
#8442=DIRECTION('',(0.,-1.,0.));
#8443=DIRECTION('center_axis',(-1.,0.,0.));
#8444=DIRECTION('ref_axis',(0.,0.,1.));
#8445=DIRECTION('',(0.,-1.,0.));
#8446=DIRECTION('center_axis',(0.,1.,0.));
#8447=DIRECTION('ref_axis',(0.,0.,-1.));
#8448=DIRECTION('',(0.,1.,0.));
#8449=DIRECTION('center_axis',(0.,0.,-1.));
#8450=DIRECTION('ref_axis',(-1.,0.,0.));
#8451=DIRECTION('',(0.,-1.,0.));
#8452=DIRECTION('center_axis',(0.,1.,0.));
#8453=DIRECTION('ref_axis',(1.,0.,0.));
#8454=DIRECTION('',(0.,-1.,0.));
#8455=DIRECTION('center_axis',(1.,0.,0.));
#8456=DIRECTION('ref_axis',(0.,0.,-1.));
#8457=DIRECTION('',(0.,-1.,0.));
#8458=DIRECTION('center_axis',(0.,1.,0.));
#8459=DIRECTION('ref_axis',(0.,0.,1.));
#8460=DIRECTION('center_axis',(0.,0.,1.));
#8461=DIRECTION('ref_axis',(1.,0.,0.));
#8462=DIRECTION('',(0.,-1.,0.));
#8463=DIRECTION('',(0.,-1.,0.));
#8464=DIRECTION('center_axis',(0.,1.,0.));
#8465=DIRECTION('ref_axis',(-1.,0.,-3.5527136788007E-14));
#8466=DIRECTION('',(0.,-1.,0.));
#8467=DIRECTION('center_axis',(-1.,0.,0.));
#8468=DIRECTION('ref_axis',(0.,0.,1.));
#8469=DIRECTION('',(0.,-1.,0.));
#8470=DIRECTION('center_axis',(0.,1.,0.));
#8471=DIRECTION('ref_axis',(0.,0.,-1.));
#8472=DIRECTION('',(0.,1.,0.));
#8473=DIRECTION('center_axis',(0.,0.,-1.));
#8474=DIRECTION('ref_axis',(-1.,0.,0.));
#8475=DIRECTION('',(0.,-1.,0.));
#8476=DIRECTION('center_axis',(0.,1.,0.));
#8477=DIRECTION('ref_axis',(1.,0.,0.));
#8478=DIRECTION('',(0.,-1.,0.));
#8479=DIRECTION('center_axis',(1.,0.,0.));
#8480=DIRECTION('ref_axis',(0.,0.,-1.));
#8481=DIRECTION('',(0.,-1.,0.));
#8482=DIRECTION('center_axis',(0.,1.,0.));
#8483=DIRECTION('ref_axis',(0.,0.,1.));
#8484=DIRECTION('center_axis',(0.,0.,1.));
#8485=DIRECTION('ref_axis',(1.,0.,0.));
#8486=DIRECTION('',(0.,-1.,0.));
#8487=DIRECTION('',(0.,-1.,0.));
#8488=DIRECTION('center_axis',(0.,1.,0.));
#8489=DIRECTION('ref_axis',(-1.,0.,0.));
#8490=DIRECTION('',(0.,-1.,0.));
#8491=DIRECTION('center_axis',(-1.,0.,0.));
#8492=DIRECTION('ref_axis',(0.,0.,1.));
#8493=DIRECTION('',(0.,-1.,0.));
#8494=DIRECTION('center_axis',(0.,1.,0.));
#8495=DIRECTION('ref_axis',(0.,0.,-1.));
#8496=DIRECTION('',(0.,1.,0.));
#8497=DIRECTION('center_axis',(0.,0.,-1.));
#8498=DIRECTION('ref_axis',(-1.,0.,0.));
#8499=DIRECTION('',(0.,-1.,0.));
#8500=DIRECTION('center_axis',(0.,1.,0.));
#8501=DIRECTION('ref_axis',(1.,0.,0.));
#8502=DIRECTION('',(0.,-1.,0.));
#8503=DIRECTION('center_axis',(1.,0.,0.));
#8504=DIRECTION('ref_axis',(0.,0.,-1.));
#8505=DIRECTION('',(0.,-1.,0.));
#8506=DIRECTION('center_axis',(0.,1.,0.));
#8507=DIRECTION('ref_axis',(0.,0.,1.));
#8508=DIRECTION('center_axis',(1.,0.,0.));
#8509=DIRECTION('ref_axis',(0.,0.,-1.));
#8510=CARTESIAN_POINT('',(0.,0.,0.));
#8511=CARTESIAN_POINT('Origin',(142.538136802664,1.47766439635785,10.8208183065282));
#8512=CARTESIAN_POINT('',(142.538136802664,1.47766439635785,7.82081830652817));
#8513=CARTESIAN_POINT('',(142.538136802664,2.47766439635785,8.82081830652817));
#8514=CARTESIAN_POINT('Origin',(142.538136802664,1.47766439635785,8.82081830652817));
#8515=CARTESIAN_POINT('',(144.538136802664,2.47766439635785,10.8208183065282));
#8516=CARTESIAN_POINT('Origin',(142.538136802664,2.47766439635785,10.8208183065282));
#8517=CARTESIAN_POINT('',(145.538136802664,1.47766439635785,10.8208183065282));
#8518=CARTESIAN_POINT('Origin',(144.538136802664,1.47766439635785,10.8208183065282));
#8519=CARTESIAN_POINT('Origin',(142.538136802664,1.47766439635785,10.8208183065282));
#8520=CARTESIAN_POINT('Origin',(144.538136802664,1.47766439635785,67.3708183065282));
#8521=CARTESIAN_POINT('',(144.538136802664,2.47766439635785,84.2208183065282));
#8522=CARTESIAN_POINT('',(145.538136802664,1.47766439635785,84.2208183065282));
#8523=CARTESIAN_POINT('Origin',(144.538136802664,1.47766439635785,84.2208183065282));
#8524=CARTESIAN_POINT('',(145.538136802664,1.47766439635785,67.3708183065282));
#8525=CARTESIAN_POINT('',(144.538136802664,2.47766439635785,67.3708183065282));
#8526=CARTESIAN_POINT('Origin',(142.538136802664,1.47766439635785,84.2208183065282));
#8527=CARTESIAN_POINT('',(142.538136802664,2.47766439635785,86.2208183065282));
#8528=CARTESIAN_POINT('',(142.538136802664,1.47766439635785,87.2208183065282));
#8529=CARTESIAN_POINT('Origin',(142.538136802664,1.47766439635785,86.2208183065282));
#8530=CARTESIAN_POINT('Origin',(142.538136802664,1.47766439635785,84.2208183065282));
#8531=CARTESIAN_POINT('Origin',(142.538136802664,2.47766439635785,84.2208183065282));
#8532=CARTESIAN_POINT('Origin',(42.3943868026643,1.47766439635785,86.2208183065282));
#8533=CARTESIAN_POINT('',(11.0131368026643,2.47766439635785,86.2208183065282));
#8534=CARTESIAN_POINT('',(11.0131368026643,1.47766439635785,87.2208183065282));
#8535=CARTESIAN_POINT('Origin',(11.0131368026643,1.47766439635785,86.2208183065282));
#8536=CARTESIAN_POINT('',(42.3943868026643,1.47766439635785,87.2208183065282));
#8537=CARTESIAN_POINT('',(42.3943868026643,2.47766439635785,86.2208183065282));
#8538=CARTESIAN_POINT('Origin',(11.0131368026643,1.47766439635785,84.2208183065282));
#8539=CARTESIAN_POINT('',(9.01313680266427,2.47766439635785,84.2208183065282));
#8540=CARTESIAN_POINT('',(8.01313680266427,1.47766439635785,84.2208183065282));
#8541=CARTESIAN_POINT('Origin',(9.01313680266427,1.47766439635785,84.2208183065282));
#8542=CARTESIAN_POINT('Origin',(11.0131368026643,1.47766439635785,84.2208183065282));
#8543=CARTESIAN_POINT('Origin',(11.0131368026643,2.47766439635785,84.2208183065282));
#8544=CARTESIAN_POINT('Origin',(9.01313680266427,1.47766439635785,27.6708183065282));
#8545=CARTESIAN_POINT('',(9.01313680266427,2.47766439635785,10.8208183065282));
#8546=CARTESIAN_POINT('',(8.01313680266427,1.47766439635785,10.8208183065282));
#8547=CARTESIAN_POINT('Origin',(9.01313680266427,1.47766439635785,10.8208183065282));
#8548=CARTESIAN_POINT('',(8.01313680266427,1.47766439635785,27.6708183065282));
#8549=CARTESIAN_POINT('',(9.01313680266427,2.47766439635785,27.6708183065282));
#8550=CARTESIAN_POINT('Origin',(11.0131368026643,1.47766439635785,10.8208183065282));
#8551=CARTESIAN_POINT('',(11.0131368026643,2.47766439635785,8.82081830652817));
#8552=CARTESIAN_POINT('',(11.0131368026643,1.47766439635785,7.82081830652817));
#8553=CARTESIAN_POINT('Origin',(11.0131368026643,1.47766439635785,8.82081830652817));
#8554=CARTESIAN_POINT('Origin',(11.0131368026643,1.47766439635785,10.8208183065282));
#8555=CARTESIAN_POINT('Origin',(11.0131368026643,2.47766439635785,10.8208183065282));
#8556=CARTESIAN_POINT('Origin',(111.156886802664,1.47766439635785,8.82081830652817));
#8557=CARTESIAN_POINT('',(111.156886802664,2.47766439635785,8.82081830652817));
#8558=CARTESIAN_POINT('',(111.156886802664,1.47766439635785,7.82081830652817));
#8559=CARTESIAN_POINT('Origin',(8.01313680266427,-0.522335603642148,7.82081830652817));
#8560=CARTESIAN_POINT('',(8.01313680266427,-0.522335603642148,10.8208183065282));
#8561=CARTESIAN_POINT('',(8.01313680266427,-0.522335603642148,10.8208183065282));
#8562=CARTESIAN_POINT('',(8.01313680266427,-0.522335603642148,84.2208183065282));
#8563=CARTESIAN_POINT('',(8.01313680266427,-0.522335603642148,87.2208183065282));
#8564=CARTESIAN_POINT('',(8.01313680266427,-0.522335603642148,84.2208183065282));
#8565=CARTESIAN_POINT('Origin',(11.0131368026643,-0.522335603642148,10.8208183065282));
#8566=CARTESIAN_POINT('',(11.0131368026643,-0.522335603642148,7.82081830652817));
#8567=CARTESIAN_POINT('',(11.0131368026643,-0.522335603642148,7.82081830652817));
#8568=CARTESIAN_POINT('Origin',(11.0131368026643,-0.522335603642148,10.8208183065282));
#8569=CARTESIAN_POINT('Origin',(145.538136802664,-0.522335603642148,7.82081830652817));
#8570=CARTESIAN_POINT('',(142.538136802664,-0.522335603642148,7.82081830652817));
#8571=CARTESIAN_POINT('',(142.538136802664,-0.522335603642148,7.82081830652817));
#8572=CARTESIAN_POINT('',(8.01313680266427,-0.522335603642148,7.82081830652817));
#8573=CARTESIAN_POINT('Origin',(142.538136802664,-0.522335603642148,10.8208183065282));
#8574=CARTESIAN_POINT('',(145.538136802664,-0.522335603642148,10.8208183065282));
#8575=CARTESIAN_POINT('',(145.538136802664,-0.522335603642148,10.8208183065282));
#8576=CARTESIAN_POINT('Origin',(142.538136802664,-0.522335603642148,10.8208183065282));
#8577=CARTESIAN_POINT('Origin',(76.7756368026643,2.47766439635785,47.5208183065282));
#8578=CARTESIAN_POINT('',(142.486937139839,2.47766439635785,51.0000007599592));
#8579=CARTESIAN_POINT('',(142.486937139839,2.47766439635785,51.5000007599592));
#8580=CARTESIAN_POINT('',(142.486937139839,2.47766439635785,49.2604095332437));
#8581=CARTESIAN_POINT('',(115.000001713634,2.47766439635785,51.5000007599592));
#8582=CARTESIAN_POINT('',(109.631286971252,2.47766439635785,51.5000007599592));
#8583=CARTESIAN_POINT('',(115.000001713634,2.47766439635785,51.0000007599592));
#8584=CARTESIAN_POINT('',(115.000001713634,2.47766439635785,49.5104095332437));
#8585=CARTESIAN_POINT('',(95.8878192581489,2.47766439635785,51.0000007599592));
#8586=CARTESIAN_POINT('',(123.981444896524,2.47766439635785,82.5230864048978));
#8587=CARTESIAN_POINT('',(123.981444896524,2.47766439635785,83.0230864048978));
#8588=CARTESIAN_POINT('',(123.981444896524,2.47766439635785,65.021952355713));
#8589=CARTESIAN_POINT('',(61.0977776173655,2.47766439635785,83.0230864048978));
#8590=CARTESIAN_POINT('',(100.378540849594,2.47766439635785,83.0230864048978));
#8591=CARTESIAN_POINT('',(61.0977776173655,2.47766439635785,82.5230864048978));
#8592=CARTESIAN_POINT('',(61.0977776173655,2.47766439635785,65.271952355713));
#8593=CARTESIAN_POINT('',(68.9367072100149,2.47766439635785,82.5230864048978));
#8594=CARTESIAN_POINT('',(36.6211730587669,2.47766439635785,76.2632595881504));
#8595=CARTESIAN_POINT('',(36.6211730587669,2.47766439635785,76.7632595881504));
#8596=CARTESIAN_POINT('',(36.6211730587669,2.47766439635785,61.8920389473393));
#8597=CARTESIAN_POINT('',(20.8421730587669,2.47766439635785,76.7632595881504));
#8598=CARTESIAN_POINT('',(56.6984049307156,2.47766439635785,76.7632595881504));
#8599=CARTESIAN_POINT('',(20.8421730587669,2.47766439635785,76.2632595881504));
#8600=CARTESIAN_POINT('',(20.8421730587669,2.47766439635785,62.1420389473393));
#8601=CARTESIAN_POINT('',(48.8089049307156,2.47766439635785,76.2632595881504));
#8602=CARTESIAN_POINT('',(129.277653409866,2.47766439635785,54.0000008046627));
#8603=CARTESIAN_POINT('',(129.277653409866,2.47766439635785,54.5000008046627));
#8604=CARTESIAN_POINT('',(129.277653409866,2.47766439635785,50.7604095555954));
#8605=CARTESIAN_POINT('',(77.0000011473894,2.47766439635785,54.5000008046627));
#8606=CARTESIAN_POINT('',(103.026645106265,2.47766439635785,54.5000008046627));
#8607=CARTESIAN_POINT('',(77.0000011473894,2.47766439635785,54.0000008046627));
#8608=CARTESIAN_POINT('',(77.0000011473894,2.47766439635785,51.0104095555954));
#8609=CARTESIAN_POINT('',(76.8878189750268,2.47766439635785,54.0000008046627));
#8610=CARTESIAN_POINT('',(24.2116183265014,2.47766439635785,35.0000005215406));
#8611=CARTESIAN_POINT('',(9.21161810298396,2.47766439635785,35.0000005215406));
#8612=CARTESIAN_POINT('',(50.4936275645828,2.47766439635785,35.0000005215406));
#8613=CARTESIAN_POINT('',(9.21161810298396,2.47766439635785,34.5000005215406));
#8614=CARTESIAN_POINT('',(9.21161810298397,2.47766439635785,41.2604094140344));
#8615=CARTESIAN_POINT('',(24.2116183265014,2.47766439635785,34.5000005215406));
#8616=CARTESIAN_POINT('',(42.9936274528241,2.47766439635785,34.5000005215406));
#8617=CARTESIAN_POINT('',(24.2116183265014,2.47766439635785,41.0104094140344));
#8618=CARTESIAN_POINT('',(137.365463419386,2.47766439635785,14.0000002086163));
#8619=CARTESIAN_POINT('',(137.365463419386,2.47766439635785,14.5000002086163));
#8620=CARTESIAN_POINT('',(137.365463419386,2.47766439635785,30.7604092575722));
#8621=CARTESIAN_POINT('',(89.0000013262033,2.47766439635785,14.5000002086163));
#8622=CARTESIAN_POINT('',(107.070550111025,2.47766439635785,14.5000002086163));
#8623=CARTESIAN_POINT('',(89.0000013262033,2.47766439635785,14.0000002086163));
#8624=CARTESIAN_POINT('',(89.0000013262033,2.47766439635785,31.0104092575722));
#8625=CARTESIAN_POINT('',(82.8878190644338,2.47766439635785,14.0000002086163));
#8626=CARTESIAN_POINT('',(78.4176113676285,2.47766439635785,12.7154357414148));
#8627=CARTESIAN_POINT('',(15.8912618004065,2.47766439635785,12.7154357414148));
#8628=CARTESIAN_POINT('',(77.5966240851464,2.47766439635785,12.7154357414148));
#8629=CARTESIAN_POINT('',(15.8912618004065,2.47766439635785,12.2154357414148));
#8630=CARTESIAN_POINT('',(15.8912618004065,2.47766439635785,30.1181270239715));
#8631=CARTESIAN_POINT('',(78.4176113676285,2.47766439635785,12.2154357414148));
#8632=CARTESIAN_POINT('',(46.3334493015354,2.47766439635785,12.2154357414148));
#8633=CARTESIAN_POINT('',(78.4176113676285,2.47766439635785,29.8681270239715));
#8634=CARTESIAN_POINT('',(75.919323627187,2.47766439635785,17.9057982135148));
#8635=CARTESIAN_POINT('',(75.919323627187,2.47766439635785,17.4057982135148));
#8636=CARTESIAN_POINT('',(75.919323627187,2.47766439635785,32.7133082600215));
#8637=CARTESIAN_POINT('',(141.939667465306,2.47766439635785,17.4057982135148));
#8638=CARTESIAN_POINT('',(76.3474802149257,2.47766439635785,17.4057982135148));
#8639=CARTESIAN_POINT('',(141.939667465306,2.47766439635785,17.9057982135148));
#8640=CARTESIAN_POINT('',(141.939667465306,2.47766439635785,32.4633082600215));
#8641=CARTESIAN_POINT('',(109.357652133985,2.47766439635785,17.9057982135148));
#8642=CARTESIAN_POINT('',(77.0000011473894,2.47766439635785,40.0000005960464));
#8643=CARTESIAN_POINT('',(66.0000009834766,2.47766439635785,40.0000005960464));
#8644=CARTESIAN_POINT('',(76.8878189750268,2.47766439635785,40.0000005960464));
#8645=CARTESIAN_POINT('',(66.0000009834766,2.47766439635785,39.5000005960464));
#8646=CARTESIAN_POINT('',(66.0000009834766,2.47766439635785,43.7604094512873));
#8647=CARTESIAN_POINT('',(77.0000011473894,2.47766439635785,39.5000005960464));
#8648=CARTESIAN_POINT('',(71.3878188930705,2.47766439635785,39.5000005960465));
#8649=CARTESIAN_POINT('',(77.0000011473894,2.47766439635785,43.5104094512873));
#8650=CARTESIAN_POINT('',(21.8634845740024,2.47766439635785,50.2906093174675));
#8651=CARTESIAN_POINT('',(21.8634845740024,2.47766439635785,50.7906093174675));
#8652=CARTESIAN_POINT('',(21.8634845740024,2.47766439635785,48.9057138119979));
#8653=CARTESIAN_POINT('',(13.3581678342518,2.47766439635785,50.7906093174675));
#8654=CARTESIAN_POINT('',(49.3195606883333,2.47766439635785,50.7906093174675));
#8655=CARTESIAN_POINT('',(13.3581678342518,2.47766439635785,50.2906093174675));
#8656=CARTESIAN_POINT('',(13.3581678342518,2.47766439635785,49.1557138119979));
#8657=CARTESIAN_POINT('',(45.066902318458,2.47766439635785,50.2906093174675));
#8658=CARTESIAN_POINT('',(68.676883919606,2.47766439635785,80.));
#8659=CARTESIAN_POINT('',(15.,2.47766439635785,80.));
#8660=CARTESIAN_POINT('',(72.7262603611352,2.47766439635785,80.));
#8661=CARTESIAN_POINT('',(15.,2.47766439635785,79.5));
#8662=CARTESIAN_POINT('',(15.,2.47766439635785,63.7604091532641));
#8663=CARTESIAN_POINT('',(68.676883919606,2.47766439635785,79.5));
#8664=CARTESIAN_POINT('',(45.8878184013321,2.47766439635785,79.5));
#8665=CARTESIAN_POINT('',(68.6768839196061,2.47766439635785,63.5104091532641));
#8666=CARTESIAN_POINT('',(142.865225644829,2.47766439635785,77.9752769174789));
#8667=CARTESIAN_POINT('',(142.865225644829,2.47766439635785,78.4752769174789));
#8668=CARTESIAN_POINT('',(142.865225644829,2.47766439635785,62.7480476120036));
#8669=CARTESIAN_POINT('',(82.0777797114833,2.47766439635785,78.4752769174789));
#8670=CARTESIAN_POINT('',(109.820431223747,2.47766439635785,78.4752769174789));
#8671=CARTESIAN_POINT('',(82.0777797114833,2.47766439635785,77.9752769174789));
#8672=CARTESIAN_POINT('',(82.0777797114833,2.47766439635785,62.9980476120036));
#8673=CARTESIAN_POINT('',(79.4267082570738,2.47766439635785,77.9752769174789));
#8674=CARTESIAN_POINT('',(142.000002115965,2.47766439635785,33.0000004917383));
#8675=CARTESIAN_POINT('',(142.000002115965,2.47766439635785,33.5000004917383));
#8676=CARTESIAN_POINT('',(142.000002115965,2.47766439635785,40.2604093991333));
#8677=CARTESIAN_POINT('',(114.000001698732,2.47766439635785,33.5000004917383));
#8678=CARTESIAN_POINT('',(109.387819459315,2.47766439635785,33.5000004917383));
#8679=CARTESIAN_POINT('',(114.000001698732,2.47766439635785,33.0000004917383));
#8680=CARTESIAN_POINT('',(114.000001698732,2.47766439635785,40.5104093991332));
#8681=CARTESIAN_POINT('',(95.3878192506983,2.47766439635785,33.0000004917383));
#8682=CARTESIAN_POINT('',(144.019084341026,2.47766439635785,61.0000009089708));
#8683=CARTESIAN_POINT('',(144.019084341026,2.47766439635785,61.5000009089708));
#8684=CARTESIAN_POINT('',(144.019084341026,2.47766439635785,54.2604096077495));
#8685=CARTESIAN_POINT('',(131.120039695893,2.47766439635785,61.5000009089708));
#8686=CARTESIAN_POINT('',(110.397360571845,2.47766439635785,61.5000009089708));
#8687=CARTESIAN_POINT('',(131.120039695893,2.47766439635785,61.0000009089708));
#8688=CARTESIAN_POINT('',(131.120039695893,2.47766439635785,54.5104096077495));
#8689=CARTESIAN_POINT('',(103.947838249279,2.47766439635785,61.0000009089708));
#8690=CARTESIAN_POINT('',(81.8613706498296,2.47766439635785,84.8056724977656));
#8691=CARTESIAN_POINT('',(81.8613706498296,2.47766439635785,85.3056724977656));
#8692=CARTESIAN_POINT('',(81.8613706498296,2.47766439635785,66.1632454021469));
#8693=CARTESIAN_POINT('',(13.3886577313813,2.47766439635785,85.3056724977656));
#8694=CARTESIAN_POINT('',(79.3185037262469,2.47766439635785,85.3056724977656));
#8695=CARTESIAN_POINT('',(13.3886577313813,2.47766439635785,84.8056724977656));
#8696=CARTESIAN_POINT('',(13.3886577313813,2.47766439635785,66.4132454021469));
#8697=CARTESIAN_POINT('',(45.0821472670228,2.47766439635785,84.8056724977656));
#8698=CARTESIAN_POINT('',(63.2616764944073,2.47766439635785,72.0185487497603));
#8699=CARTESIAN_POINT('',(63.2616764944073,2.47766439635785,72.5185487497603));
#8700=CARTESIAN_POINT('',(63.2616764944073,2.47766439635785,59.7696835281442));
#8701=CARTESIAN_POINT('',(13.3581678342518,2.47766439635785,72.5185487497603));
#8702=CARTESIAN_POINT('',(70.0186566485358,2.47766439635785,72.5185487497603));
#8703=CARTESIAN_POINT('',(13.3581678342518,2.47766439635785,72.0185487497603));
#8704=CARTESIAN_POINT('',(13.3581678342518,2.47766439635785,60.0196835281442));
#8705=CARTESIAN_POINT('',(45.066902318458,2.47766439635785,72.0185487497603));
#8706=CARTESIAN_POINT('',(86.0000012814999,2.47766439635785,52.0000007748604));
#8707=CARTESIAN_POINT('',(86.0000012814999,2.47766439635785,52.5000007748604));
#8708=CARTESIAN_POINT('',(86.0000012814999,2.47766439635785,49.7604095406943));
#8709=CARTESIAN_POINT('',(54.0000008046627,2.47766439635785,52.5000007748604));
#8710=CARTESIAN_POINT('',(81.3878190420821,2.47766439635785,52.5000007748604));
#8711=CARTESIAN_POINT('',(54.0000008046627,2.47766439635785,52.0000007748604));
#8712=CARTESIAN_POINT('',(54.0000008046627,2.47766439635785,50.0104095406943));
#8713=CARTESIAN_POINT('',(65.3878188036635,2.47766439635785,52.0000007748604));
#8714=CARTESIAN_POINT('',(143.000002130866,2.47766439635785,22.0000003278255));
#8715=CARTESIAN_POINT('',(143.000002130866,2.47766439635785,22.5000003278255));
#8716=CARTESIAN_POINT('',(143.000002130866,2.47766439635785,34.7604093171769));
#8717=CARTESIAN_POINT('',(129.00000192225,2.47766439635785,22.5000003278255));
#8718=CARTESIAN_POINT('',(109.887819466765,2.47766439635785,22.5000003278255));
#8719=CARTESIAN_POINT('',(129.00000192225,2.47766439635785,22.0000003278255));
#8720=CARTESIAN_POINT('',(129.00000192225,2.47766439635785,35.0104093171769));
#8721=CARTESIAN_POINT('',(102.887819362457,2.47766439635785,22.0000003278255));
#8722=CARTESIAN_POINT('',(132.847780390953,2.47766439635785,10.7410883917857));
#8723=CARTESIAN_POINT('',(97.2578154664026,2.47766439635785,10.7410883917857));
#8724=CARTESIAN_POINT('',(104.811708596809,2.47766439635785,10.7410883917857));
#8725=CARTESIAN_POINT('',(97.2578154664026,2.47766439635785,10.2410883917857));
#8726=CARTESIAN_POINT('',(97.2578154664027,2.47766439635785,29.1309533491569));
#8727=CARTESIAN_POINT('',(132.847780390953,2.47766439635785,10.2410883917857));
#8728=CARTESIAN_POINT('',(87.0167261345335,2.47766439635785,10.2410883917857));
#8729=CARTESIAN_POINT('',(132.847780390953,2.47766439635785,28.8809533491569));
#8730=CARTESIAN_POINT('',(23.2249896704084,2.47766439635785,17.2464898232545));
#8731=CARTESIAN_POINT('',(23.2249896704084,2.47766439635785,17.7464898232545));
#8732=CARTESIAN_POINT('',(23.2249896704084,2.47766439635785,32.3836540648913));
#8733=CARTESIAN_POINT('',(11.1024109246864,2.47766439635785,17.7464898232545));
#8734=CARTESIAN_POINT('',(50.0003132365363,2.47766439635785,17.7464898232545));
#8735=CARTESIAN_POINT('',(11.1024109246864,2.47766439635785,17.2464898232545));
#8736=CARTESIAN_POINT('',(11.1024109246864,2.47766439635785,32.6336540648913));
#8737=CARTESIAN_POINT('',(43.9390238636753,2.47766439635785,17.2464898232545));
#8738=CARTESIAN_POINT('',(74.0000011026859,2.47766439635785,20.7573596705086));
#8739=CARTESIAN_POINT('',(74.0000011026859,2.47766439635785,21.2573596705086));
#8740=CARTESIAN_POINT('',(74.0000011026859,2.47766439635785,34.1390889885184));
#8741=CARTESIAN_POINT('',(66.4341449917665,2.47766439635785,21.2573596705086));
#8742=CARTESIAN_POINT('',(75.3878189526751,2.47766439635785,21.2573596705086));
#8743=CARTESIAN_POINT('',(66.4341449917665,2.47766439635785,20.7573596705086));
#8744=CARTESIAN_POINT('',(66.4341449917665,2.47766439635785,34.3890889885184));
#8745=CARTESIAN_POINT('',(71.6048908972154,2.47766439635785,20.7573596705086));
#8746=CARTESIAN_POINT('',(77.6691523575351,2.47766439635785,46.0000006854534));
#8747=CARTESIAN_POINT('',(77.6691523575351,2.47766439635785,46.5000006854534));
#8748=CARTESIAN_POINT('',(77.6691523575351,2.47766439635785,46.7604094959908));
#8749=CARTESIAN_POINT('',(73.0000010877848,2.47766439635785,46.5000006854534));
#8750=CARTESIAN_POINT('',(77.2223945800997,2.47766439635785,46.5000006854534));
#8751=CARTESIAN_POINT('',(73.0000010877848,2.47766439635785,46.0000006854534));
#8752=CARTESIAN_POINT('',(73.0000010877848,2.47766439635785,47.0104094959908));
#8753=CARTESIAN_POINT('',(74.8878189452245,2.47766439635785,46.0000006854534));
#8754=CARTESIAN_POINT('',(24.1371526115118,2.47766439635785,63.2043999008763));
#8755=CARTESIAN_POINT('',(24.1371526115118,2.47766439635785,63.7043999008763));
#8756=CARTESIAN_POINT('',(24.1371526115118,2.47766439635785,55.3626091037022));
#8757=CARTESIAN_POINT('',(9.42376642107628,2.47766439635785,63.7043999008763));
#8758=CARTESIAN_POINT('',(50.456394707088,2.47766439635785,63.7043999008763));
#8759=CARTESIAN_POINT('',(9.42376642107628,2.47766439635785,63.2043999008763));
#8760=CARTESIAN_POINT('',(9.42376642107629,2.47766439635785,55.6126091037022));
#8761=CARTESIAN_POINT('',(43.0997016118703,2.47766439635785,63.2043999008763));
#8762=CARTESIAN_POINT('',(109.155559422967,2.47766439635785,75.));
#8763=CARTESIAN_POINT('',(109.155559422967,2.47766439635785,75.5));
#8764=CARTESIAN_POINT('',(109.155559422967,2.47766439635785,61.2604091532641));
#8765=CARTESIAN_POINT('',(55.,2.47766439635785,75.5));
#8766=CARTESIAN_POINT('',(92.9655981128155,2.47766439635785,75.5));
#8767=CARTESIAN_POINT('',(55.,2.47766439635785,75.));
#8768=CARTESIAN_POINT('',(55.,2.47766439635785,61.5104091532641));
#8769=CARTESIAN_POINT('',(65.8878184013321,2.47766439635785,75.));
#8770=CARTESIAN_POINT('',(129.834326614499,2.47766439635785,72.5185487497603));
#8771=CARTESIAN_POINT('',(99.8143266144988,2.47766439635785,72.5185487497603));
#8772=CARTESIAN_POINT('',(103.304981708582,2.47766439635785,72.5185487497603));
#8773=CARTESIAN_POINT('',(99.8143266144988,2.47766439635785,72.0185487497603));
#8774=CARTESIAN_POINT('',(99.8143266144988,2.47766439635785,60.0196835281442));
#8775=CARTESIAN_POINT('',(129.834326614499,2.47766439635785,72.0185487497603));
#8776=CARTESIAN_POINT('',(88.2949817085816,2.47766439635785,72.0185487497603));
#8777=CARTESIAN_POINT('',(129.834326614499,2.47766439635785,59.7696835281442));
#8778=CARTESIAN_POINT('',(144.232294474115,2.47766439635785,40.));
#8779=CARTESIAN_POINT('',(144.232294474115,2.47766439635785,40.5));
#8780=CARTESIAN_POINT('',(144.232294474115,2.47766439635785,43.7604091532641));
#8781=CARTESIAN_POINT('',(135.,2.47766439635785,40.5));
#8782=CARTESIAN_POINT('',(110.50396563839,2.47766439635785,40.5));
#8783=CARTESIAN_POINT('',(135.,2.47766439635785,40.));
#8784=CARTESIAN_POINT('',(135.,2.47766439635785,44.0104091532641));
#8785=CARTESIAN_POINT('',(105.887818401332,2.47766439635785,40.));
#8786=CARTESIAN_POINT('',(122.591001370907,2.47766439635785,31.5000003874302));
#8787=CARTESIAN_POINT('',(122.591001370907,2.47766439635785,20.5000003874302));
#8788=CARTESIAN_POINT('',(122.591001370907,2.47766439635785,35.0104093469792));
#8789=CARTESIAN_POINT('',(94.5910013709068,2.47766439635785,31.5000003874302));
#8790=CARTESIAN_POINT('',(98.6833190867856,2.47766439635785,31.5000003874302));
#8791=CARTESIAN_POINT('',(94.5910013709068,2.47766439635785,20.5000003874302));
#8792=CARTESIAN_POINT('',(94.5910013709068,2.47766439635785,38.5104093469792));
#8793=CARTESIAN_POINT('',(86.6833190867855,2.47766439635785,20.5000003874302));
#8794=CARTESIAN_POINT('',(140.560228369557,2.47766439635785,80.790914078161));
#8795=CARTESIAN_POINT('Origin',(140.560228369557,2.47766439635785,82.240914078161));
#8796=CARTESIAN_POINT('',(12.9077542375509,2.47766439635785,11.2654357414148));
#8797=CARTESIAN_POINT('Origin',(12.9077542375509,2.47766439635785,12.7154357414148));
#8798=CARTESIAN_POINT('',(116.833948590708,2.47766439635785,56.2609084124081));
#8799=CARTESIAN_POINT('',(129.833948590708,2.47766439635785,56.2609084124081));
#8800=CARTESIAN_POINT('',(103.304792696686,2.47766439635785,56.2609084124081));
#8801=CARTESIAN_POINT('',(130.333948590708,2.47766439635785,56.7609084124081));
#8802=CARTESIAN_POINT('Origin',(129.833948590708,2.47766439635785,56.7609084124081));
#8803=CARTESIAN_POINT('',(130.333948590708,2.47766439635785,69.7609084124081));
#8804=CARTESIAN_POINT('',(130.333948590708,2.47766439635785,58.6408633594682));
#8805=CARTESIAN_POINT('',(129.833948590708,2.47766439635785,70.2609084124081));
#8806=CARTESIAN_POINT('Origin',(129.833948590708,2.47766439635785,69.7609084124081));
#8807=CARTESIAN_POINT('',(116.833948590708,2.47766439635785,70.2609084124081));
#8808=CARTESIAN_POINT('',(96.8047926966863,2.47766439635785,70.2609084124081));
#8809=CARTESIAN_POINT('',(116.333948590708,2.47766439635785,69.7609084124081));
#8810=CARTESIAN_POINT('Origin',(116.833948590708,2.47766439635785,69.7609084124081));
#8811=CARTESIAN_POINT('',(116.333948590708,2.47766439635785,56.7609084124081));
#8812=CARTESIAN_POINT('',(116.333948590708,2.47766439635785,52.1408633594682));
#8813=CARTESIAN_POINT('Origin',(116.833948590708,2.47766439635785,56.7609084124081));
#8814=CARTESIAN_POINT('',(97.7839485907083,2.47766439635785,37.2109084124081));
#8815=CARTESIAN_POINT('',(110.783948590708,2.47766439635785,37.2109084124081));
#8816=CARTESIAN_POINT('',(93.7797926966863,2.47766439635785,37.2109084124081));
#8817=CARTESIAN_POINT('',(111.283948590708,2.47766439635785,37.7109084124081));
#8818=CARTESIAN_POINT('Origin',(110.783948590708,2.47766439635785,37.7109084124081));
#8819=CARTESIAN_POINT('',(111.283948590708,2.47766439635785,50.7109084124081));
#8820=CARTESIAN_POINT('',(111.283948590708,2.47766439635785,49.1158633594682));
#8821=CARTESIAN_POINT('',(110.783948590708,2.47766439635785,51.2109084124081));
#8822=CARTESIAN_POINT('Origin',(110.783948590708,2.47766439635785,50.7109084124081));
#8823=CARTESIAN_POINT('',(97.7839485907083,2.47766439635785,51.2109084124081));
#8824=CARTESIAN_POINT('',(87.2797926966863,2.47766439635785,51.2109084124081));
#8825=CARTESIAN_POINT('',(97.2839485907083,2.47766439635785,50.7109084124081));
#8826=CARTESIAN_POINT('Origin',(97.7839485907083,2.47766439635785,50.7109084124081));
#8827=CARTESIAN_POINT('',(97.2839485907083,2.47766439635785,37.7109084124081));
#8828=CARTESIAN_POINT('',(97.2839485907083,2.47766439635785,42.6158633594682));
#8829=CARTESIAN_POINT('Origin',(97.7839485907083,2.47766439635785,37.7109084124081));
#8830=CARTESIAN_POINT('',(59.6839485907083,2.47766439635785,56.2609084124081));
#8831=CARTESIAN_POINT('',(72.6839485907083,2.47766439635785,56.2609084124081));
#8832=CARTESIAN_POINT('',(74.7297926966863,2.47766439635785,56.2609084124081));
#8833=CARTESIAN_POINT('',(73.1839485907083,2.47766439635785,56.7609084124081));
#8834=CARTESIAN_POINT('Origin',(72.6839485907083,2.47766439635785,56.7609084124081));
#8835=CARTESIAN_POINT('',(73.1839485907083,2.47766439635785,69.7609084124081));
#8836=CARTESIAN_POINT('',(73.1839485907083,2.47766439635785,58.6408633594682));
#8837=CARTESIAN_POINT('',(72.6839485907083,2.47766439635785,70.2609084124081));
#8838=CARTESIAN_POINT('Origin',(72.6839485907083,2.47766439635785,69.7609084124081));
#8839=CARTESIAN_POINT('',(59.4500008940697,2.47766439635785,70.125001013279));
#8840=CARTESIAN_POINT('',(67.9958495625275,2.47766439635785,70.2127634929642));
#8841=CARTESIAN_POINT('',(59.1839485907083,2.47766439635785,69.7609084124081));
#8842=CARTESIAN_POINT('Origin',(59.6689663546017,2.47766439635785,69.6857449289339));
#8843=CARTESIAN_POINT('',(59.1839485907083,2.47766439635785,56.7609084124081));
#8844=CARTESIAN_POINT('',(59.1839485907083,2.47766439635785,52.1408633594682));
#8845=CARTESIAN_POINT('Origin',(59.6839485907083,2.47766439635785,56.7609084124081));
#8846=CARTESIAN_POINT('',(97.7839485907083,2.47766439635785,56.2609084124081));
#8847=CARTESIAN_POINT('',(110.783948590708,2.47766439635785,56.2609084124081));
#8848=CARTESIAN_POINT('',(93.7797926966863,2.47766439635785,56.2609084124081));
#8849=CARTESIAN_POINT('',(111.283948590708,2.47766439635785,56.7609084124081));
#8850=CARTESIAN_POINT('Origin',(110.783948590708,2.47766439635785,56.7609084124081));
#8851=CARTESIAN_POINT('',(111.283948590708,2.47766439635785,69.7609084124081));
#8852=CARTESIAN_POINT('',(111.283948590708,2.47766439635785,58.6408633594682));
#8853=CARTESIAN_POINT('',(110.783948590708,2.47766439635785,70.2609084124081));
#8854=CARTESIAN_POINT('Origin',(110.783948590708,2.47766439635785,69.7609084124081));
#8855=CARTESIAN_POINT('',(97.7839485907083,2.47766439635785,70.2609084124081));
#8856=CARTESIAN_POINT('',(87.2797926966863,2.47766439635785,70.2609084124081));
#8857=CARTESIAN_POINT('',(97.2839485907083,2.47766439635785,69.7609084124081));
#8858=CARTESIAN_POINT('Origin',(97.7839485907083,2.47766439635785,69.7609084124081));
#8859=CARTESIAN_POINT('',(97.2839485907083,2.47766439635785,56.7609084124081));
#8860=CARTESIAN_POINT('',(97.2839485907083,2.47766439635785,52.1408633594682));
#8861=CARTESIAN_POINT('Origin',(97.7839485907083,2.47766439635785,56.7609084124081));
#8862=CARTESIAN_POINT('',(78.7339485907083,2.47766439635785,37.2109084124081));
#8863=CARTESIAN_POINT('',(91.7339485907083,2.47766439635785,37.2109084124081));
#8864=CARTESIAN_POINT('',(84.2547926966863,2.47766439635785,37.2109084124081));
#8865=CARTESIAN_POINT('',(92.2339485907083,2.47766439635785,37.7109084124081));
#8866=CARTESIAN_POINT('Origin',(91.7339485907083,2.47766439635785,37.7109084124081));
#8867=CARTESIAN_POINT('',(92.2339485907083,2.47766439635785,50.7109084124081));
#8868=CARTESIAN_POINT('',(92.2339485907083,2.47766439635785,49.1158633594682));
#8869=CARTESIAN_POINT('',(91.7339485907083,2.47766439635785,51.2109084124081));
#8870=CARTESIAN_POINT('Origin',(91.7339485907083,2.47766439635785,50.7109084124081));
#8871=CARTESIAN_POINT('',(78.7339485907083,2.47766439635785,51.2109084124081));
#8872=CARTESIAN_POINT('',(77.7547926966863,2.47766439635785,51.2109084124081));
#8873=CARTESIAN_POINT('',(78.2339485907083,2.47766439635785,50.7109084124081));
#8874=CARTESIAN_POINT('Origin',(78.7339485907083,2.47766439635785,50.7109084124081));
#8875=CARTESIAN_POINT('',(78.2339485907083,2.47766439635785,37.7109084124081));
#8876=CARTESIAN_POINT('',(78.2339485907083,2.47766439635785,42.6158633594682));
#8877=CARTESIAN_POINT('Origin',(78.7339485907083,2.47766439635785,37.7109084124081));
#8878=CARTESIAN_POINT('',(78.7339485907083,2.47766439635785,56.2609084124081));
#8879=CARTESIAN_POINT('',(91.7339485907083,2.47766439635785,56.2609084124081));
#8880=CARTESIAN_POINT('',(84.2547926966863,2.47766439635785,56.2609084124081));
#8881=CARTESIAN_POINT('',(92.2339485907083,2.47766439635785,56.7609084124081));
#8882=CARTESIAN_POINT('Origin',(91.7339485907083,2.47766439635785,56.7609084124081));
#8883=CARTESIAN_POINT('',(92.2339485907083,2.47766439635785,69.7609084124081));
#8884=CARTESIAN_POINT('',(92.2339485907083,2.47766439635785,58.6408633594682));
#8885=CARTESIAN_POINT('',(91.7339485907083,2.47766439635785,70.2609084124081));
#8886=CARTESIAN_POINT('Origin',(91.7339485907083,2.47766439635785,69.7609084124081));
#8887=CARTESIAN_POINT('',(78.7339485907083,2.47766439635785,70.2609084124081));
#8888=CARTESIAN_POINT('',(77.7547926966863,2.47766439635785,70.2609084124081));
#8889=CARTESIAN_POINT('',(78.2339485907083,2.47766439635785,69.7609084124081));
#8890=CARTESIAN_POINT('Origin',(78.7339485907083,2.47766439635785,69.7609084124081));
#8891=CARTESIAN_POINT('',(78.2339485907083,2.47766439635785,56.7609084124081));
#8892=CARTESIAN_POINT('',(78.2339485907083,2.47766439635785,52.1408633594682));
#8893=CARTESIAN_POINT('Origin',(78.7339485907083,2.47766439635785,56.7609084124081));
#8894=CARTESIAN_POINT('',(140.570930878182,2.47766439635785,11.3339087122296));
#8895=CARTESIAN_POINT('Origin',(140.570930878182,2.47766439635785,12.7839087122296));
#8896=CARTESIAN_POINT('',(12.97959653784,2.47766439635785,80.8170771342367));
#8897=CARTESIAN_POINT('Origin',(12.97959653784,2.47766439635785,82.2670771342366));
#8898=CARTESIAN_POINT('',(123.19021212262,2.47766439635785,49.4061071904196));
#8899=CARTESIAN_POINT('Origin',(123.19021212262,2.47766439635785,43.4061071904196));
#8900=CARTESIAN_POINT('',(27.4979582235497,2.47766439635785,19.0000003576279));
#8901=CARTESIAN_POINT('',(59.5000010728836,2.47766439635785,19.0000003576279));
#8902=CARTESIAN_POINT('',(52.136797513107,2.47766439635785,19.0000003576279));
#8903=CARTESIAN_POINT('',(65.5000010728836,2.47766439635785,25.0000003576279));
#8904=CARTESIAN_POINT('Origin',(59.5000010728836,2.47766439635785,25.0000003576279));
#8905=CARTESIAN_POINT('',(65.5000010728836,2.47766439635785,46.));
#8906=CARTESIAN_POINT('',(65.5000010728836,2.47766439635785,36.260409332078));
#8907=CARTESIAN_POINT('',(61.5000010728836,2.47766439635785,50.));
#8908=CARTESIAN_POINT('Origin',(61.5000010728836,2.47766439635785,46.));
#8909=CARTESIAN_POINT('',(52.1589463072071,2.47766439635785,50.));
#8910=CARTESIAN_POINT('',(70.3878189377739,2.47766439635785,50.));
#8911=CARTESIAN_POINT('',(49.1589463072072,2.47766439635785,53.));
#8912=CARTESIAN_POINT('Origin',(52.1589463072071,2.47766439635785,53.));
#8913=CARTESIAN_POINT('',(49.1589463072072,2.47766439635785,67.));
#8914=CARTESIAN_POINT('',(49.1589463072072,2.47766439635785,50.2604091532641));
#8915=CARTESIAN_POINT('',(45.1589463072072,2.47766439635785,71.));
#8916=CARTESIAN_POINT('Origin',(45.1589463072072,2.47766439635785,67.));
#8917=CARTESIAN_POINT('',(30.4979582235497,2.47766439635785,71.));
#8918=CARTESIAN_POINT('',(62.4672915549357,2.47766439635785,71.));
#8919=CARTESIAN_POINT('',(24.4979582235496,2.47766439635785,65.));
#8920=CARTESIAN_POINT('Origin',(30.4979582235496,2.47766439635785,65.));
#8921=CARTESIAN_POINT('',(24.4979582235497,2.47766439635785,22.0000003576279));
#8922=CARTESIAN_POINT('',(24.4979582235496,2.47766439635785,56.2604091532641));
#8923=CARTESIAN_POINT('Origin',(27.4979582235497,2.47766439635785,22.0000003576279));
#8924=CARTESIAN_POINT('',(73.0511959618653,2.47766439635785,32.8831209124393));
#8925=CARTESIAN_POINT('',(72.822079215059,2.47766439635785,32.9872649424347));
#8926=CARTESIAN_POINT('Ctrl Pts',(73.0511959618653,2.47766439635785,32.8831209124393));
#8927=CARTESIAN_POINT('Ctrl Pts',(72.9887097027793,2.47766439635785,32.9456079660812));
#8928=CARTESIAN_POINT('Ctrl Pts',(72.9053945582386,2.47766439635785,32.9872649424347));
#8929=CARTESIAN_POINT('Ctrl Pts',(72.822079215059,2.47766439635785,32.9872649424347));
#8930=CARTESIAN_POINT('',(72.5929622696136,2.47766439635785,32.903949400616));
#8931=CARTESIAN_POINT('Ctrl Pts',(72.822079215059,2.47766439635785,32.9872649424347));
#8932=CARTESIAN_POINT('Ctrl Pts',(72.7387640705183,2.47766439635785,32.9872649424347));
#8933=CARTESIAN_POINT('Ctrl Pts',(72.6554487273386,2.47766439635785,32.966436454258));
#8934=CARTESIAN_POINT('Ctrl Pts',(72.5929622696136,2.47766439635785,32.903949400616));
#8935=CARTESIAN_POINT('',(71.1974323074037,2.47766439635785,31.508420034323));
#8936=CARTESIAN_POINT('',(76.5950835947688,2.47766439635785,36.9060690167919));
#8937=CARTESIAN_POINT('',(71.1974323074037,2.47766439635785,31.0710154261649));
#8938=CARTESIAN_POINT('Ctrl Pts',(71.1974323074037,2.47766439635785,31.508420034323));
#8939=CARTESIAN_POINT('Ctrl Pts',(71.0724594912732,2.47766439635785,31.383447516151));
#8940=CARTESIAN_POINT('Ctrl Pts',(71.0724594912732,2.47766439635785,31.195987944337));
#8941=CARTESIAN_POINT('Ctrl Pts',(71.1974323074037,2.47766439635785,31.0710154261649));
#8942=CARTESIAN_POINT('',(72.1972150350869,2.47766439635785,30.0712321025648));
#8943=CARTESIAN_POINT('',(68.9794232437534,2.47766439635785,33.2890258118516));
#8944=CARTESIAN_POINT('',(73.5553504413649,2.47766439635785,28.7130968689826));
#8945=CARTESIAN_POINT('',(69.6584917746735,2.47766439635785,32.6099550401628));
#8946=CARTESIAN_POINT('',(72.2388726073572,2.47766439635785,27.3843158108624));
#8947=CARTESIAN_POINT('',(78.3964213618698,2.47766439635785,33.5994103138514));
#8948=CARTESIAN_POINT('',(72.1972150350869,2.47766439635785,26.9885681790577));
#8949=CARTESIAN_POINT('Ctrl Pts',(72.2388726073572,2.47766439635785,27.3843158108624));
#8950=CARTESIAN_POINT('Ctrl Pts',(72.1347285773618,2.47766439635785,27.280171780867));
#8951=CARTESIAN_POINT('Ctrl Pts',(72.1138996919072,2.47766439635785,27.1135414917856));
#8952=CARTESIAN_POINT('Ctrl Pts',(72.1972150350869,2.47766439635785,26.9885681790577));
#8953=CARTESIAN_POINT('',(73.5927449972968,2.47766439635785,25.072317868232));
#8954=CARTESIAN_POINT('',(68.8029452313295,2.47766439635785,31.6493570855002));
#8955=CARTESIAN_POINT('',(73.8218619427421,2.47766439635785,24.9473453500599));
#8956=CARTESIAN_POINT('Ctrl Pts',(73.5927449972968,2.47766439635785,25.072317868232));
#8957=CARTESIAN_POINT('Ctrl Pts',(73.6552312563828,2.47766439635785,24.9890023264134));
#8958=CARTESIAN_POINT('Ctrl Pts',(73.7385467982014,2.47766439635785,24.9473453500599));
#8959=CARTESIAN_POINT('Ctrl Pts',(73.8218619427421,2.47766439635785,24.9473453500599));
#8960=CARTESIAN_POINT('',(74.0718077736421,2.47766439635785,25.0306608918786));
#8961=CARTESIAN_POINT('Ctrl Pts',(73.8218619427421,2.47766439635785,24.9473453500599));
#8962=CARTESIAN_POINT('Ctrl Pts',(73.9051770872828,2.47766439635785,24.9473453500599));
#8963=CARTESIAN_POINT('Ctrl Pts',(74.0093211172782,2.47766439635785,24.9681738382367));
#8964=CARTESIAN_POINT('Ctrl Pts',(74.0718077736422,2.47766439635785,25.0306608918786));
#8965=CARTESIAN_POINT('',(75.1879868189443,2.47766439635785,26.1468399371807));
#8966=CARTESIAN_POINT('',(80.9283939072111,2.47766439635785,31.8872470254476));
#8967=CARTESIAN_POINT('',(77.2358607709921,2.47766439635785,24.1330973478673));
#8968=CARTESIAN_POINT('',(71.2727666815272,2.47766439635785,29.9968061567178));
#8969=CARTESIAN_POINT('',(76.6545792407934,2.47766439635785,23.5518159837669));
#8970=CARTESIAN_POINT('',(82.6770942205991,2.47766439635785,29.5743292426687));
#8971=CARTESIAN_POINT('',(76.5712636989747,2.47766439635785,23.3851856946856));
#8972=CARTESIAN_POINT('Ctrl Pts',(76.6545792407934,2.47766439635785,23.5518159837669));
#8973=CARTESIAN_POINT('Ctrl Pts',(76.612921469884,2.47766439635785,23.5101582128576));
#8974=CARTESIAN_POINT('Ctrl Pts',(76.5712636989747,2.47766439635785,23.4476719537716));
#8975=CARTESIAN_POINT('Ctrl Pts',(76.5712636989747,2.47766439635785,23.3851856946856));
#8976=CARTESIAN_POINT('',(76.1338586935387,2.47766439635785,20.6566120293517));
#8977=CARTESIAN_POINT('',(78.2411892925226,2.47766439635785,33.8023389988168));
#8978=CARTESIAN_POINT('',(76.2171738380793,2.47766439635785,20.385837710275));
#8979=CARTESIAN_POINT('Ctrl Pts',(76.1338586935387,2.47766439635785,20.6566120293517));
#8980=CARTESIAN_POINT('Ctrl Pts',(76.113029808084,2.47766439635785,20.5524679993564));
#8981=CARTESIAN_POINT('Ctrl Pts',(76.1546875789933,2.47766439635785,20.448323969361));
#8982=CARTESIAN_POINT('Ctrl Pts',(76.2171738380793,2.47766439635785,20.385837710275));
#8983=CARTESIAN_POINT('',(76.4879481571561,2.47766439635785,20.3025225657343));
#8984=CARTESIAN_POINT('Ctrl Pts',(76.2171738380793,2.47766439635785,20.385837710275));
#8985=CARTESIAN_POINT('Ctrl Pts',(76.2796600971654,2.47766439635785,20.323351451189));
#8986=CARTESIAN_POINT('Ctrl Pts',(76.3838041271607,2.47766439635785,20.2816936802796));
#8987=CARTESIAN_POINT('Ctrl Pts',(76.4879481571561,2.47766439635785,20.3025225657343));
#8988=CARTESIAN_POINT('',(79.216521425212,2.47766439635785,20.7399275711704));
#8989=CARTESIAN_POINT('',(80.1194367443574,2.47766439635785,20.88466976472));
#8990=CARTESIAN_POINT('',(79.3831517142933,2.47766439635785,20.8232427157111));
#8991=CARTESIAN_POINT('Ctrl Pts',(79.216521425212,2.47766439635785,20.7399275711704));
#8992=CARTESIAN_POINT('Ctrl Pts',(79.279007684298,2.47766439635785,20.7399275711704));
#8993=CARTESIAN_POINT('Ctrl Pts',(79.341493943384,2.47766439635785,20.7815853420797));
#8994=CARTESIAN_POINT('Ctrl Pts',(79.3831517142933,2.47766439635785,20.8232427157111));
#8995=CARTESIAN_POINT('',(79.9663587752991,2.47766439635785,21.4064497767168));
#8996=CARTESIAN_POINT('',(85.6972704145932,2.47766439635785,27.137361416011));
#8997=CARTESIAN_POINT('',(80.5495669160866,2.47766439635785,20.8232419211552));
#8998=CARTESIAN_POINT('',(72.9316898299655,2.47766439635785,28.4411152816501));
#8999=CARTESIAN_POINT('',(80.716197205168,2.47766439635785,20.7399267766145));
#9000=CARTESIAN_POINT('Ctrl Pts',(80.5495669160866,2.47766439635785,20.8232419211552));
#9001=CARTESIAN_POINT('Ctrl Pts',(80.5912246869959,2.47766439635785,20.7815841502459));
#9002=CARTESIAN_POINT('Ctrl Pts',(80.653710946082,2.47766439635785,20.7399267766145));
#9003=CARTESIAN_POINT('Ctrl Pts',(80.716197205168,2.47766439635785,20.7399267766145));
#9004=CARTESIAN_POINT('',(83.4447712677797,2.47766439635785,20.3025217711784));
#9005=CARTESIAN_POINT('',(78.0667872097759,2.47766439635785,21.1646413589731));
#9006=CARTESIAN_POINT('',(83.7155463814124,2.47766439635785,20.3858369157191));
#9007=CARTESIAN_POINT('Ctrl Pts',(83.4447712677797,2.47766439635785,20.3025217711784));
#9008=CARTESIAN_POINT('Ctrl Pts',(83.5489152977751,2.47766439635785,20.2816928857238));
#9009=CARTESIAN_POINT('Ctrl Pts',(83.6530593277705,2.47766439635785,20.3233506566331));
#9010=CARTESIAN_POINT('Ctrl Pts',(83.7155463814124,2.47766439635785,20.3858369157191));
#9011=CARTESIAN_POINT('',(83.798861923231,2.47766439635785,20.6566112347958));
#9012=CARTESIAN_POINT('Ctrl Pts',(83.7155463814124,2.47766439635785,20.3858369157191));
#9013=CARTESIAN_POINT('Ctrl Pts',(83.7780334350543,2.47766439635785,20.4483231748051));
#9014=CARTESIAN_POINT('Ctrl Pts',(83.8196904114077,2.47766439635785,20.5524672048005));
#9015=CARTESIAN_POINT('Ctrl Pts',(83.798861923231,2.47766439635785,20.6566112347958));
#9016=CARTESIAN_POINT('',(83.3614573150729,2.47766439635785,23.3851849001297));
#9017=CARTESIAN_POINT('',(81.3928906066516,2.47766439635785,35.6653007902427));
#9018=CARTESIAN_POINT('',(83.2781417732542,2.47766439635785,23.551815189211));
#9019=CARTESIAN_POINT('Ctrl Pts',(83.3614573150729,2.47766439635785,23.3851849001297));
#9020=CARTESIAN_POINT('Ctrl Pts',(83.3614573150729,2.47766439635785,23.4476711592157));
#9021=CARTESIAN_POINT('Ctrl Pts',(83.3198003387195,2.47766439635785,23.5101574183017));
#9022=CARTESIAN_POINT('Ctrl Pts',(83.2781417732542,2.47766439635785,23.551815189211));
#9023=CARTESIAN_POINT('',(82.6873583900778,2.47766439635785,24.1274493914956));
#9024=CARTESIAN_POINT('',(75.3246748483798,2.47766439635785,31.301335096289));
#9025=CARTESIAN_POINT('',(84.7257414739438,2.47766439635785,26.1658324753615));
#9026=CARTESIAN_POINT('',(88.0769617639156,2.47766439635785,29.5170527653333));
#9027=CARTESIAN_POINT('',(85.8817409340263,2.47766439635785,25.0098331982578));
#9028=CARTESIAN_POINT('',(77.9774682637756,2.47766439635785,32.9141046173713));
#9029=CARTESIAN_POINT('',(86.1316859703704,2.47766439635785,24.9265176564391));
#9030=CARTESIAN_POINT('Ctrl Pts',(85.8817409340263,2.47766439635785,25.0098331982578));
#9031=CARTESIAN_POINT('Ctrl Pts',(85.9442279876682,2.47766439635785,24.9473469391717));
#9032=CARTESIAN_POINT('Ctrl Pts',(86.027541940375,2.47766439635785,24.9056891682624));
#9033=CARTESIAN_POINT('Ctrl Pts',(86.1316859703704,2.47766439635785,24.9265176564391));
#9034=CARTESIAN_POINT('',(86.3608025185378,2.47766439635785,25.0514901746112));
#9035=CARTESIAN_POINT('Ctrl Pts',(86.1316859703704,2.47766439635785,24.9265176564391));
#9036=CARTESIAN_POINT('Ctrl Pts',(86.215001512189,2.47766439635785,24.9265176564391));
#9037=CARTESIAN_POINT('Ctrl Pts',(86.2983170540077,2.47766439635785,24.9890039155252));
#9038=CARTESIAN_POINT('Ctrl Pts',(86.3608025185378,2.47766439635785,25.0514901746112));
#9039=CARTESIAN_POINT('',(87.7563318848308,2.47766439635785,26.9677404854368));
#9040=CARTESIAN_POINT('',(90.7439349581317,2.47766439635785,31.0701230336767));
#9041=CARTESIAN_POINT('',(87.7146749084774,2.47766439635785,27.3634881172415));
#9042=CARTESIAN_POINT('Ctrl Pts',(87.7563318848308,2.47766439635785,26.9677404854368));
#9043=CARTESIAN_POINT('Ctrl Pts',(87.8396474266495,2.47766439635785,27.0927130036089));
#9044=CARTESIAN_POINT('Ctrl Pts',(87.8396474266495,2.47766439635785,27.2593440872462));
#9045=CARTESIAN_POINT('Ctrl Pts',(87.7146749084774,2.47766439635785,27.3634881172415));
#9046=CARTESIAN_POINT('',(86.3847245975483,2.47766439635785,28.6996239132121));
#9047=CARTESIAN_POINT('',(79.288351484212,2.47766439635785,35.8290016503908));
#9048=CARTESIAN_POINT('',(87.7355033966541,2.47766439635785,30.0504020252763));
#9049=CARTESIAN_POINT('',(89.3631394248496,2.47766439635785,31.6780372256133));
#9050=CARTESIAN_POINT('',(87.8112659836385,2.47766439635785,30.1678231777259));
#9051=CARTESIAN_POINT('Ctrl Pts',(87.7355033966541,2.47766439635785,30.0504020252763));
#9052=CARTESIAN_POINT('Ctrl Pts',(87.7706318022362,2.47766439635785,30.0855304308583));
#9053=CARTESIAN_POINT('Ctrl Pts',(87.7958859978976,2.47766439635785,30.1255960041794));
#9054=CARTESIAN_POINT('Ctrl Pts',(87.8112659836384,2.47766439635785,30.1678231777259));
#9055=CARTESIAN_POINT('',(88.7144582320775,2.47766439635785,31.0710154261649));
#9056=CARTESIAN_POINT('',(89.842203594815,2.47766439635785,32.1987607889025));
#9057=CARTESIAN_POINT('',(88.7144582320775,2.47766439635785,31.508420034323));
#9058=CARTESIAN_POINT('Ctrl Pts',(88.7144582320775,2.47766439635785,31.0710154261649));
#9059=CARTESIAN_POINT('Ctrl Pts',(88.8394307502496,2.47766439635785,31.195987944337));
#9060=CARTESIAN_POINT('Ctrl Pts',(88.8394307502496,2.47766439635785,31.383447516151));
#9061=CARTESIAN_POINT('Ctrl Pts',(88.7144582320775,2.47766439635785,31.508420034323));
#9062=CARTESIAN_POINT('',(87.3189288657845,2.47766439635785,32.8831209124393));
#9063=CARTESIAN_POINT('',(80.98446161251,2.47766439635785,39.1230452779199));
#9064=CARTESIAN_POINT('',(87.1106408057938,2.47766439635785,32.9872649424347));
#9065=CARTESIAN_POINT('Ctrl Pts',(87.3189288657845,2.47766439635785,32.8831209124393));
#9066=CARTESIAN_POINT('Ctrl Pts',(87.2564418121426,2.47766439635785,32.9456079660812));
#9067=CARTESIAN_POINT('Ctrl Pts',(87.1939547585006,2.47766439635785,32.9872649424347));
#9068=CARTESIAN_POINT('Ctrl Pts',(87.1106408057938,2.47766439635785,32.9872649424347));
#9069=CARTESIAN_POINT('',(86.8815242576264,2.47766439635785,32.903949400616));
#9070=CARTESIAN_POINT('Ctrl Pts',(87.1106408057938,2.47766439635785,32.9872649424347));
#9071=CARTESIAN_POINT('Ctrl Pts',(87.0273252639751,2.47766439635785,32.9872649424347));
#9072=CARTESIAN_POINT('Ctrl Pts',(86.9440097221565,2.47766439635785,32.966436454258));
#9073=CARTESIAN_POINT('Ctrl Pts',(86.8815242576264,2.47766439635785,32.903949400616));
#9074=CARTESIAN_POINT('',(84.5352625287618,2.47766439635785,30.5576876717515));
#9075=CARTESIAN_POINT('',(86.8361387559316,2.47766439635785,32.8585638989213));
#9076=CARTESIAN_POINT('',(83.2364816186773,2.47766439635785,31.8625091006625));
#9077=CARTESIAN_POINT('',(77.7142299947765,2.47766439635785,37.410444244116));
#9078=CARTESIAN_POINT('',(83.0073650705098,2.47766439635785,31.9666531306579));
#9079=CARTESIAN_POINT('Ctrl Pts',(83.2364816186773,2.47766439635785,31.8625091006625));
#9080=CARTESIAN_POINT('Ctrl Pts',(83.1739961541471,2.47766439635785,31.9249961543044));
#9081=CARTESIAN_POINT('Ctrl Pts',(83.0906806123285,2.47766439635785,31.9666531306579));
#9082=CARTESIAN_POINT('Ctrl Pts',(83.0073650705098,2.47766439635785,31.9666531306579));
#9083=CARTESIAN_POINT('',(82.8199054986958,2.47766439635785,31.9041660770159));
#9084=CARTESIAN_POINT('Ctrl Pts',(83.0073650705098,2.47766439635785,31.9666531306579));
#9085=CARTESIAN_POINT('Ctrl Pts',(82.9448780168679,2.47766439635785,31.9666531306579));
#9086=CARTESIAN_POINT('Ctrl Pts',(82.8823925523378,2.47766439635785,31.9458246424811));
#9087=CARTESIAN_POINT('Ctrl Pts',(82.8199054986958,2.47766439635785,31.9041660770159));
#9088=CARTESIAN_POINT('',(80.9036551878702,2.47766439635785,30.5086367107229));
#9089=CARTESIAN_POINT('',(83.6027793050193,2.47766439635785,32.4743021289993));
#9090=CARTESIAN_POINT('',(80.7786826696981,2.47766439635785,30.2795201625555));
#9091=CARTESIAN_POINT('Ctrl Pts',(80.9036551878702,2.47766439635785,30.5086367107229));
#9092=CARTESIAN_POINT('Ctrl Pts',(80.8203396460516,2.47766439635785,30.446149657081));
#9093=CARTESIAN_POINT('Ctrl Pts',(80.7786826696981,2.47766439635785,30.3628357043741));
#9094=CARTESIAN_POINT('Ctrl Pts',(80.7786826696981,2.47766439635785,30.2795201625555));
#9095=CARTESIAN_POINT('',(80.8619982115168,2.47766439635785,30.0295751262114));
#9096=CARTESIAN_POINT('Ctrl Pts',(80.7786826696981,2.47766439635785,30.2795201625555));
#9097=CARTESIAN_POINT('Ctrl Pts',(80.7786826696981,2.47766439635785,30.1962046207369));
#9098=CARTESIAN_POINT('Ctrl Pts',(80.7995111578748,2.47766439635785,30.0920605907415));
#9099=CARTESIAN_POINT('Ctrl Pts',(80.8619982115168,2.47766439635785,30.0295751262114));
#9100=CARTESIAN_POINT('',(81.9971691505276,2.47766439635785,28.8944043668824));
#9101=CARTESIAN_POINT('',(76.0351823720263,2.47766439635785,34.8563902016837));
#9102=CARTESIAN_POINT('',(79.9663598250756,2.47766439635785,26.8635956217242));
#9103=CARTESIAN_POINT('',(84.3329845127402,2.47766439635785,31.2302190616473));
#9104=CARTESIAN_POINT('',(77.9355514897825,2.47766439635785,28.8944046080189));
#9105=CARTESIAN_POINT('',(72.9889694863323,2.47766439635785,33.8409881971597));
#9106=CARTESIAN_POINT('',(79.0915504961517,2.47766439635785,30.0504036143881));
#9107=CARTESIAN_POINT('',(82.8801757458149,2.47766439635785,33.8390288640513));
#9108=CARTESIAN_POINT('',(79.1748660379703,2.47766439635785,30.3003486507322));
#9109=CARTESIAN_POINT('Ctrl Pts',(79.0915504961517,2.47766439635785,30.0504036143881));
#9110=CARTESIAN_POINT('Ctrl Pts',(79.1540367552377,2.47766439635785,30.11289066803));
#9111=CARTESIAN_POINT('Ctrl Pts',(79.195694526147,2.47766439635785,30.1962046207369));
#9112=CARTESIAN_POINT('Ctrl Pts',(79.1748660379703,2.47766439635785,30.3003486507322));
#9113=CARTESIAN_POINT('',(79.0498935197982,2.47766439635785,30.5294651988996));
#9114=CARTESIAN_POINT('Ctrl Pts',(79.1748660379703,2.47766439635785,30.3003486507322));
#9115=CARTESIAN_POINT('Ctrl Pts',(79.1748660379703,2.47766439635785,30.3836641925509));
#9116=CARTESIAN_POINT('Ctrl Pts',(79.1123797788843,2.47766439635785,30.4669797343695));
#9117=CARTESIAN_POINT('Ctrl Pts',(79.0498935197982,2.47766439635785,30.5294651988996));
#9118=CARTESIAN_POINT('',(77.1336432089726,2.47766439635785,31.9249945651926));
#9119=CARTESIAN_POINT('',(73.3058500718002,2.47766439635785,34.7126250228844));
#9120=CARTESIAN_POINT('',(76.925354354426,2.47766439635785,31.9666531306579));
#9121=CARTESIAN_POINT('Ctrl Pts',(77.1336432089726,2.47766439635785,31.9249945651926));
#9122=CARTESIAN_POINT('Ctrl Pts',(77.050326872598,2.47766439635785,31.9458246424811));
#9123=CARTESIAN_POINT('Ctrl Pts',(76.987840613512,2.47766439635785,31.9666531306579));
#9124=CARTESIAN_POINT('Ctrl Pts',(76.925354354426,2.47766439635785,31.9666531306579));
#9125=CARTESIAN_POINT('',(76.6962378062586,2.47766439635785,31.8833375888392));
#9126=CARTESIAN_POINT('Ctrl Pts',(76.925354354426,2.47766439635785,31.9666531306579));
#9127=CARTESIAN_POINT('Ctrl Pts',(76.8420388126074,2.47766439635785,31.9666531306579));
#9128=CARTESIAN_POINT('Ctrl Pts',(76.7587240653446,2.47766439635785,31.9458246424811));
#9129=CARTESIAN_POINT('Ctrl Pts',(76.6962378062586,2.47766439635785,31.8833375888392));
#9130=CARTESIAN_POINT('',(75.4004917709486,2.47766439635785,30.5754820797094));
#9131=CARTESIAN_POINT('',(79.9772309436655,2.47766439635785,35.1949934482749));
#9132=CARTESIAN_POINT('',(74.0509792854654,2.47766439635785,31.9249945651926));
#9133=CARTESIAN_POINT('',(70.8331877294313,2.47766439635785,35.1427861212268));
#9134=CARTESIAN_POINT('',(73.9847918541242,2.47766439635785,31.9495242624389));
#9135=CARTESIAN_POINT('Ctrl Pts',(74.0509792854654,2.47766439635785,31.9249945651926));
#9136=CARTESIAN_POINT('Ctrl Pts',(74.0308466787524,2.47766439635785,31.931705775426));
#9137=CARTESIAN_POINT('Ctrl Pts',(74.0085520038409,2.47766439635785,31.9405789301389));
#9138=CARTESIAN_POINT('Ctrl Pts',(73.9847918541242,2.47766439635785,31.9495242624389));
#9139=CARTESIAN_POINT('',(70.3228810678203,2.47766439635785,35.6114380208872));
#9140=CARTESIAN_POINT('Origin',(142.486937139839,2.47766439635785,51.0000007599592));
#9141=CARTESIAN_POINT('',(142.486937139839,2.07766439635785,51.0000007599592));
#9142=CARTESIAN_POINT('',(142.486937139839,2.47766439635785,51.0000007599592));
#9143=CARTESIAN_POINT('',(142.486937139839,2.07766439635785,51.5000007599592));
#9144=CARTESIAN_POINT('',(142.486937139839,2.07766439635785,51.0000007599592));
#9145=CARTESIAN_POINT('',(142.486937139839,2.47766439635785,51.5000007599592));
#9146=CARTESIAN_POINT('Origin',(115.000001713634,2.47766439635785,51.0000007599592));
#9147=CARTESIAN_POINT('',(115.000001713634,2.07766439635785,51.0000007599592));
#9148=CARTESIAN_POINT('',(115.000001713634,2.47766439635785,51.0000007599592));
#9149=CARTESIAN_POINT('',(115.000001713634,2.07766439635785,51.0000007599592));
#9150=CARTESIAN_POINT('Origin',(115.000001713634,2.47766439635785,51.5000007599592));
#9151=CARTESIAN_POINT('',(115.000001713634,2.07766439635785,51.5000007599592));
#9152=CARTESIAN_POINT('',(115.000001713634,2.47766439635785,51.5000007599592));
#9153=CARTESIAN_POINT('',(115.000001713634,2.07766439635785,51.5000007599592));
#9154=CARTESIAN_POINT('Origin',(142.486937139839,2.47766439635785,51.5000007599592));
#9155=CARTESIAN_POINT('',(142.486937139839,2.07766439635785,51.5000007599592));
#9156=CARTESIAN_POINT('Origin',(128.743469426736,2.07766439635785,51.2500007599592));
#9157=CARTESIAN_POINT('Origin',(123.981444896524,2.47766439635785,82.5230864048978));
#9158=CARTESIAN_POINT('',(123.981444896524,2.07766439635785,82.5230864048978));
#9159=CARTESIAN_POINT('',(123.981444896524,2.47766439635785,82.5230864048978));
#9160=CARTESIAN_POINT('',(123.981444896524,2.07766439635785,83.0230864048978));
#9161=CARTESIAN_POINT('',(123.981444896524,2.07766439635785,82.5230864048978));
#9162=CARTESIAN_POINT('',(123.981444896524,2.47766439635785,83.0230864048978));
#9163=CARTESIAN_POINT('Origin',(61.0977776173655,2.47766439635785,82.5230864048978));
#9164=CARTESIAN_POINT('',(61.0977776173655,2.07766439635785,82.5230864048978));
#9165=CARTESIAN_POINT('',(61.0977776173655,2.47766439635785,82.5230864048978));
#9166=CARTESIAN_POINT('',(61.0977776173655,2.07766439635785,82.5230864048978));
#9167=CARTESIAN_POINT('Origin',(61.0977776173655,2.47766439635785,83.0230864048978));
#9168=CARTESIAN_POINT('',(61.0977776173655,2.07766439635785,83.0230864048978));
#9169=CARTESIAN_POINT('',(61.0977776173655,2.47766439635785,83.0230864048978));
#9170=CARTESIAN_POINT('',(61.0977776173655,2.07766439635785,83.0230864048978));
#9171=CARTESIAN_POINT('Origin',(123.981444896524,2.47766439635785,83.0230864048978));
#9172=CARTESIAN_POINT('',(123.981444896524,2.07766439635785,83.0230864048978));
#9173=CARTESIAN_POINT('Origin',(92.5396112569446,2.07766439635785,82.7730864048978));
#9174=CARTESIAN_POINT('Origin',(36.6211730587669,2.47766439635785,76.2632595881504));
#9175=CARTESIAN_POINT('',(36.6211730587669,2.07766439635785,76.2632595881504));
#9176=CARTESIAN_POINT('',(36.6211730587669,2.47766439635785,76.2632595881504));
#9177=CARTESIAN_POINT('',(36.6211730587669,2.07766439635785,76.7632595881504));
#9178=CARTESIAN_POINT('',(36.6211730587669,2.07766439635785,76.2632595881504));
#9179=CARTESIAN_POINT('',(36.6211730587669,2.47766439635785,76.7632595881504));
#9180=CARTESIAN_POINT('Origin',(20.8421730587669,2.47766439635785,76.2632595881504));
#9181=CARTESIAN_POINT('',(20.8421730587669,2.07766439635785,76.2632595881504));
#9182=CARTESIAN_POINT('',(20.8421730587669,2.47766439635785,76.2632595881504));
#9183=CARTESIAN_POINT('',(20.8421730587669,2.07766439635785,76.2632595881504));
#9184=CARTESIAN_POINT('Origin',(20.8421730587669,2.47766439635785,76.7632595881504));
#9185=CARTESIAN_POINT('',(20.8421730587669,2.07766439635785,76.7632595881504));
#9186=CARTESIAN_POINT('',(20.8421730587669,2.47766439635785,76.7632595881504));
#9187=CARTESIAN_POINT('',(20.8421730587669,2.07766439635785,76.7632595881504));
#9188=CARTESIAN_POINT('Origin',(36.6211730587669,2.47766439635785,76.7632595881504));
#9189=CARTESIAN_POINT('',(36.6211730587669,2.07766439635785,76.7632595881504));
#9190=CARTESIAN_POINT('Origin',(28.7316730587669,2.07766439635785,76.5132595881504));
#9191=CARTESIAN_POINT('Origin',(129.277653409866,2.47766439635785,54.0000008046627));
#9192=CARTESIAN_POINT('',(129.277653409866,2.07766439635785,54.0000008046627));
#9193=CARTESIAN_POINT('',(129.277653409866,2.47766439635785,54.0000008046627));
#9194=CARTESIAN_POINT('',(129.277653409866,2.07766439635785,54.5000008046627));
#9195=CARTESIAN_POINT('',(129.277653409866,2.07766439635785,54.0000008046627));
#9196=CARTESIAN_POINT('',(129.277653409866,2.47766439635785,54.5000008046627));
#9197=CARTESIAN_POINT('Origin',(77.0000011473894,2.47766439635785,54.0000008046627));
#9198=CARTESIAN_POINT('',(77.0000011473894,2.07766439635785,54.0000008046627));
#9199=CARTESIAN_POINT('',(77.0000011473894,2.47766439635785,54.0000008046627));
#9200=CARTESIAN_POINT('',(77.0000011473894,2.07766439635785,54.0000008046627));
#9201=CARTESIAN_POINT('Origin',(77.0000011473894,2.47766439635785,54.5000008046627));
#9202=CARTESIAN_POINT('',(77.0000011473894,2.07766439635785,54.5000008046627));
#9203=CARTESIAN_POINT('',(77.0000011473894,2.47766439635785,54.5000008046627));
#9204=CARTESIAN_POINT('',(77.0000011473894,2.07766439635785,54.5000008046627));
#9205=CARTESIAN_POINT('Origin',(129.277653409866,2.47766439635785,54.5000008046627));
#9206=CARTESIAN_POINT('',(129.277653409866,2.07766439635785,54.5000008046627));
#9207=CARTESIAN_POINT('Origin',(103.138827278628,2.07766439635785,54.2500008046627));
#9208=CARTESIAN_POINT('Origin',(24.2116183265014,2.47766439635785,35.0000005215406));
#9209=CARTESIAN_POINT('',(24.2116183265014,2.07766439635785,35.0000005215406));
#9210=CARTESIAN_POINT('',(24.2116183265014,2.47766439635785,35.0000005215406));
#9211=CARTESIAN_POINT('',(9.21161810298396,2.07766439635785,35.0000005215406));
#9212=CARTESIAN_POINT('',(9.21161810298396,2.07766439635785,35.0000005215406));
#9213=CARTESIAN_POINT('',(9.21161810298396,2.47766439635785,35.0000005215406));
#9214=CARTESIAN_POINT('Origin',(24.2116183265014,2.47766439635785,34.5000005215406));
#9215=CARTESIAN_POINT('',(24.2116183265014,2.07766439635785,34.5000005215406));
#9216=CARTESIAN_POINT('',(24.2116183265014,2.47766439635785,34.5000005215406));
#9217=CARTESIAN_POINT('',(24.2116183265014,2.07766439635785,35.0000005215406));
#9218=CARTESIAN_POINT('Origin',(9.21161810298396,2.47766439635785,34.5000005215406));
#9219=CARTESIAN_POINT('',(9.21161810298396,2.07766439635785,34.5000005215406));
#9220=CARTESIAN_POINT('',(9.21161810298396,2.47766439635785,34.5000005215406));
#9221=CARTESIAN_POINT('',(24.2116183265014,2.07766439635785,34.5000005215406));
#9222=CARTESIAN_POINT('Origin',(9.21161810298396,2.47766439635785,35.0000005215406));
#9223=CARTESIAN_POINT('',(9.21161810298396,2.07766439635785,34.5000005215406));
#9224=CARTESIAN_POINT('Origin',(16.7116182147427,2.07766439635785,34.7500005215406));
#9225=CARTESIAN_POINT('Origin',(137.365463419386,2.47766439635785,14.0000002086163));
#9226=CARTESIAN_POINT('',(137.365463419386,2.07766439635785,14.0000002086163));
#9227=CARTESIAN_POINT('',(137.365463419386,2.47766439635785,14.0000002086163));
#9228=CARTESIAN_POINT('',(137.365463419386,2.07766439635785,14.5000002086163));
#9229=CARTESIAN_POINT('',(137.365463419386,2.07766439635785,14.0000002086163));
#9230=CARTESIAN_POINT('',(137.365463419386,2.47766439635785,14.5000002086163));
#9231=CARTESIAN_POINT('Origin',(89.0000013262033,2.47766439635785,14.0000002086163));
#9232=CARTESIAN_POINT('',(89.0000013262033,2.07766439635785,14.0000002086163));
#9233=CARTESIAN_POINT('',(89.0000013262033,2.47766439635785,14.0000002086163));
#9234=CARTESIAN_POINT('',(89.0000013262033,2.07766439635785,14.0000002086163));
#9235=CARTESIAN_POINT('Origin',(89.0000013262033,2.47766439635785,14.5000002086163));
#9236=CARTESIAN_POINT('',(89.0000013262033,2.07766439635785,14.5000002086163));
#9237=CARTESIAN_POINT('',(89.0000013262033,2.47766439635785,14.5000002086163));
#9238=CARTESIAN_POINT('',(89.0000013262033,2.07766439635785,14.5000002086163));
#9239=CARTESIAN_POINT('Origin',(137.365463419386,2.47766439635785,14.5000002086163));
#9240=CARTESIAN_POINT('',(137.365463419386,2.07766439635785,14.5000002086163));
#9241=CARTESIAN_POINT('Origin',(113.182732372795,2.07766439635785,14.2500002086163));
#9242=CARTESIAN_POINT('Origin',(78.4176113676285,2.47766439635785,12.7154357414148));
#9243=CARTESIAN_POINT('',(78.4176113676285,2.07766439635785,12.7154357414148));
#9244=CARTESIAN_POINT('',(78.4176113676285,2.47766439635785,12.7154357414148));
#9245=CARTESIAN_POINT('',(15.8912618004065,2.07766439635785,12.7154357414148));
#9246=CARTESIAN_POINT('',(15.8912618004065,2.07766439635785,12.7154357414148));
#9247=CARTESIAN_POINT('',(15.8912618004065,2.47766439635785,12.7154357414148));
#9248=CARTESIAN_POINT('Origin',(78.4176113676285,2.47766439635785,12.2154357414148));
#9249=CARTESIAN_POINT('',(78.4176113676285,2.07766439635785,12.2154357414148));
#9250=CARTESIAN_POINT('',(78.4176113676285,2.47766439635785,12.2154357414148));
#9251=CARTESIAN_POINT('',(78.4176113676285,2.07766439635785,12.2154357414148));
#9252=CARTESIAN_POINT('Origin',(15.8912618004065,2.47766439635785,12.2154357414148));
#9253=CARTESIAN_POINT('',(15.8912618004065,2.07766439635785,12.2154357414148));
#9254=CARTESIAN_POINT('',(15.8912618004065,2.47766439635785,12.2154357414148));
#9255=CARTESIAN_POINT('',(15.8912618004065,2.07766439635785,12.2154357414148));
#9256=CARTESIAN_POINT('Origin',(15.8912618004065,2.47766439635785,12.7154357414148));
#9257=CARTESIAN_POINT('',(15.8912618004065,2.07766439635785,12.7154357414148));
#9258=CARTESIAN_POINT('Origin',(47.1544365840175,2.07766439635785,12.4654357414148));
#9259=CARTESIAN_POINT('Origin',(75.919323627187,2.47766439635785,17.9057982135148));
#9260=CARTESIAN_POINT('',(75.919323627187,2.07766439635785,17.9057982135148));
#9261=CARTESIAN_POINT('',(75.919323627187,2.47766439635785,17.9057982135148));
#9262=CARTESIAN_POINT('',(75.919323627187,2.07766439635785,17.4057982135148));
#9263=CARTESIAN_POINT('',(75.919323627187,2.07766439635785,17.4057982135148));
#9264=CARTESIAN_POINT('',(75.919323627187,2.47766439635785,17.4057982135148));
#9265=CARTESIAN_POINT('Origin',(141.939667465306,2.47766439635785,17.9057982135148));
#9266=CARTESIAN_POINT('',(141.939667465306,2.07766439635785,17.9057982135148));
#9267=CARTESIAN_POINT('',(141.939667465306,2.47766439635785,17.9057982135148));
#9268=CARTESIAN_POINT('',(75.919323627187,2.07766439635785,17.9057982135148));
#9269=CARTESIAN_POINT('Origin',(141.939667465306,2.47766439635785,17.4057982135148));
#9270=CARTESIAN_POINT('',(141.939667465306,2.07766439635785,17.4057982135148));
#9271=CARTESIAN_POINT('',(141.939667465306,2.47766439635785,17.4057982135148));
#9272=CARTESIAN_POINT('',(141.939667465306,2.07766439635785,17.4057982135148));
#9273=CARTESIAN_POINT('Origin',(75.919323627187,2.47766439635785,17.4057982135148));
#9274=CARTESIAN_POINT('',(141.939667465306,2.07766439635785,17.4057982135148));
#9275=CARTESIAN_POINT('Origin',(108.929495546246,2.07766439635785,17.6557982135148));
#9276=CARTESIAN_POINT('Origin',(77.0000011473894,2.47766439635785,40.0000005960464));
#9277=CARTESIAN_POINT('',(77.0000011473894,2.07766439635785,40.0000005960464));
#9278=CARTESIAN_POINT('',(77.0000011473894,2.47766439635785,40.0000005960464));
#9279=CARTESIAN_POINT('',(66.0000009834766,2.07766439635785,40.0000005960464));
#9280=CARTESIAN_POINT('',(66.0000009834766,2.07766439635785,40.0000005960464));
#9281=CARTESIAN_POINT('',(66.0000009834766,2.47766439635785,40.0000005960464));
#9282=CARTESIAN_POINT('Origin',(77.0000011473894,2.47766439635785,39.5000005960464));
#9283=CARTESIAN_POINT('',(77.0000011473894,2.07766439635785,39.5000005960464));
#9284=CARTESIAN_POINT('',(77.0000011473894,2.47766439635785,39.5000005960464));
#9285=CARTESIAN_POINT('',(77.0000011473894,2.07766439635785,40.0000005960464));
#9286=CARTESIAN_POINT('Origin',(66.0000009834766,2.47766439635785,39.5000005960464));
#9287=CARTESIAN_POINT('',(66.0000009834766,2.07766439635785,39.5000005960464));
#9288=CARTESIAN_POINT('',(66.0000009834766,2.47766439635785,39.5000005960464));
#9289=CARTESIAN_POINT('',(77.0000011473894,2.07766439635785,39.5000005960464));
#9290=CARTESIAN_POINT('Origin',(66.0000009834766,2.47766439635785,40.0000005960464));
#9291=CARTESIAN_POINT('',(66.0000009834766,2.07766439635785,39.5000005960464));
#9292=CARTESIAN_POINT('Origin',(71.500001065433,2.07766439635785,39.7500005960464));
#9293=CARTESIAN_POINT('Origin',(21.8634845740024,2.47766439635785,50.2906093174675));
#9294=CARTESIAN_POINT('',(21.8634845740024,2.07766439635785,50.2906093174675));
#9295=CARTESIAN_POINT('',(21.8634845740024,2.47766439635785,50.2906093174675));
#9296=CARTESIAN_POINT('',(21.8634845740024,2.07766439635785,50.7906093174675));
#9297=CARTESIAN_POINT('',(21.8634845740024,2.07766439635785,50.2906093174675));
#9298=CARTESIAN_POINT('',(21.8634845740024,2.47766439635785,50.7906093174675));
#9299=CARTESIAN_POINT('Origin',(13.3581678342518,2.47766439635785,50.2906093174675));
#9300=CARTESIAN_POINT('',(13.3581678342518,2.07766439635785,50.2906093174675));
#9301=CARTESIAN_POINT('',(13.3581678342518,2.47766439635785,50.2906093174675));
#9302=CARTESIAN_POINT('',(13.3581678342518,2.07766439635785,50.2906093174675));
#9303=CARTESIAN_POINT('Origin',(13.3581678342518,2.47766439635785,50.7906093174675));
#9304=CARTESIAN_POINT('',(13.3581678342518,2.07766439635785,50.7906093174675));
#9305=CARTESIAN_POINT('',(13.3581678342518,2.47766439635785,50.7906093174675));
#9306=CARTESIAN_POINT('',(13.3581678342518,2.07766439635785,50.7906093174675));
#9307=CARTESIAN_POINT('Origin',(21.8634845740024,2.47766439635785,50.7906093174675));
#9308=CARTESIAN_POINT('',(21.8634845740024,2.07766439635785,50.7906093174675));
#9309=CARTESIAN_POINT('Origin',(17.6108262041271,2.07766439635785,50.5406093174675));
#9310=CARTESIAN_POINT('Origin',(68.676883919606,2.47766439635785,80.));
#9311=CARTESIAN_POINT('',(68.676883919606,2.07766439635785,80.));
#9312=CARTESIAN_POINT('',(68.676883919606,2.47766439635785,80.));
#9313=CARTESIAN_POINT('',(15.,2.07766439635785,80.));
#9314=CARTESIAN_POINT('',(15.,2.07766439635785,80.));
#9315=CARTESIAN_POINT('',(15.,2.47766439635785,80.));
#9316=CARTESIAN_POINT('Origin',(68.676883919606,2.47766439635785,79.5));
#9317=CARTESIAN_POINT('',(68.676883919606,2.07766439635785,79.5));
#9318=CARTESIAN_POINT('',(68.676883919606,2.47766439635785,79.5));
#9319=CARTESIAN_POINT('',(68.676883919606,2.07766439635785,80.));
#9320=CARTESIAN_POINT('Origin',(15.,2.47766439635785,79.5));
#9321=CARTESIAN_POINT('',(15.,2.07766439635785,79.5));
#9322=CARTESIAN_POINT('',(15.,2.47766439635785,79.5));
#9323=CARTESIAN_POINT('',(68.676883919606,2.07766439635785,79.5));
#9324=CARTESIAN_POINT('Origin',(15.,2.47766439635785,80.));
#9325=CARTESIAN_POINT('',(15.,2.07766439635785,79.5));
#9326=CARTESIAN_POINT('Origin',(41.838441959803,2.07766439635785,79.75));
#9327=CARTESIAN_POINT('Origin',(142.865225644829,2.47766439635785,77.9752769174789));
#9328=CARTESIAN_POINT('',(142.865225644829,2.07766439635785,77.9752769174789));
#9329=CARTESIAN_POINT('',(142.865225644829,2.47766439635785,77.9752769174789));
#9330=CARTESIAN_POINT('',(142.865225644829,2.07766439635785,78.4752769174789));
#9331=CARTESIAN_POINT('',(142.865225644829,2.07766439635785,77.9752769174789));
#9332=CARTESIAN_POINT('',(142.865225644829,2.47766439635785,78.4752769174789));
#9333=CARTESIAN_POINT('Origin',(82.0777797114833,2.47766439635785,77.9752769174789));
#9334=CARTESIAN_POINT('',(82.0777797114833,2.07766439635785,77.9752769174789));
#9335=CARTESIAN_POINT('',(82.0777797114833,2.47766439635785,77.9752769174789));
#9336=CARTESIAN_POINT('',(82.0777797114833,2.07766439635785,77.9752769174789));
#9337=CARTESIAN_POINT('Origin',(82.0777797114833,2.47766439635785,78.4752769174789));
#9338=CARTESIAN_POINT('',(82.0777797114833,2.07766439635785,78.4752769174789));
#9339=CARTESIAN_POINT('',(82.0777797114833,2.47766439635785,78.4752769174789));
#9340=CARTESIAN_POINT('',(82.0777797114833,2.07766439635785,78.4752769174789));
#9341=CARTESIAN_POINT('Origin',(142.865225644829,2.47766439635785,78.4752769174789));
#9342=CARTESIAN_POINT('',(142.865225644829,2.07766439635785,78.4752769174789));
#9343=CARTESIAN_POINT('Origin',(112.471502678156,2.07766439635785,78.2252769174789));
#9344=CARTESIAN_POINT('Origin',(142.000002115965,2.47766439635785,33.0000004917383));
#9345=CARTESIAN_POINT('',(142.000002115965,2.07766439635785,33.0000004917383));
#9346=CARTESIAN_POINT('',(142.000002115965,2.47766439635785,33.0000004917383));
#9347=CARTESIAN_POINT('',(142.000002115965,2.07766439635785,33.5000004917383));
#9348=CARTESIAN_POINT('',(142.000002115965,2.07766439635785,33.0000004917383));
#9349=CARTESIAN_POINT('',(142.000002115965,2.47766439635785,33.5000004917383));
#9350=CARTESIAN_POINT('Origin',(114.000001698732,2.47766439635785,33.0000004917383));
#9351=CARTESIAN_POINT('',(114.000001698732,2.07766439635785,33.0000004917383));
#9352=CARTESIAN_POINT('',(114.000001698732,2.47766439635785,33.0000004917383));
#9353=CARTESIAN_POINT('',(114.000001698732,2.07766439635785,33.0000004917383));
#9354=CARTESIAN_POINT('Origin',(114.000001698732,2.47766439635785,33.5000004917383));
#9355=CARTESIAN_POINT('',(114.000001698732,2.07766439635785,33.5000004917383));
#9356=CARTESIAN_POINT('',(114.000001698732,2.47766439635785,33.5000004917383));
#9357=CARTESIAN_POINT('',(114.000001698732,2.07766439635785,33.5000004917383));
#9358=CARTESIAN_POINT('Origin',(142.000002115965,2.47766439635785,33.5000004917383));
#9359=CARTESIAN_POINT('',(142.000002115965,2.07766439635785,33.5000004917383));
#9360=CARTESIAN_POINT('Origin',(128.000001907349,2.07766439635785,33.2500004917383));
#9361=CARTESIAN_POINT('Origin',(144.019084341026,2.47766439635785,61.0000009089708));
#9362=CARTESIAN_POINT('',(144.019084341026,2.07766439635785,61.0000009089708));
#9363=CARTESIAN_POINT('',(144.019084341026,2.47766439635785,61.0000009089708));
#9364=CARTESIAN_POINT('',(144.019084341026,2.07766439635785,61.5000009089708));
#9365=CARTESIAN_POINT('',(144.019084341026,2.07766439635785,61.0000009089708));
#9366=CARTESIAN_POINT('',(144.019084341026,2.47766439635785,61.5000009089708));
#9367=CARTESIAN_POINT('Origin',(131.120039695893,2.47766439635785,61.0000009089708));
#9368=CARTESIAN_POINT('',(131.120039695893,2.07766439635785,61.0000009089708));
#9369=CARTESIAN_POINT('',(131.120039695893,2.47766439635785,61.0000009089708));
#9370=CARTESIAN_POINT('',(131.120039695893,2.07766439635785,61.0000009089708));
#9371=CARTESIAN_POINT('Origin',(131.120039695893,2.47766439635785,61.5000009089708));
#9372=CARTESIAN_POINT('',(131.120039695893,2.07766439635785,61.5000009089708));
#9373=CARTESIAN_POINT('',(131.120039695893,2.47766439635785,61.5000009089708));
#9374=CARTESIAN_POINT('',(131.120039695893,2.07766439635785,61.5000009089708));
#9375=CARTESIAN_POINT('Origin',(144.019084341026,2.47766439635785,61.5000009089708));
#9376=CARTESIAN_POINT('',(144.019084341026,2.07766439635785,61.5000009089708));
#9377=CARTESIAN_POINT('Origin',(137.569562018459,2.07766439635785,61.2500009089708));
#9378=CARTESIAN_POINT('Origin',(81.8613706498296,2.47766439635785,84.8056724977656));
#9379=CARTESIAN_POINT('',(81.8613706498296,2.07766439635785,84.8056724977656));
#9380=CARTESIAN_POINT('',(81.8613706498296,2.47766439635785,84.8056724977656));
#9381=CARTESIAN_POINT('',(81.8613706498296,2.07766439635785,85.3056724977656));
#9382=CARTESIAN_POINT('',(81.8613706498296,2.07766439635785,84.8056724977656));
#9383=CARTESIAN_POINT('',(81.8613706498296,2.47766439635785,85.3056724977656));
#9384=CARTESIAN_POINT('Origin',(13.3886577313813,2.47766439635785,84.8056724977656));
#9385=CARTESIAN_POINT('',(13.3886577313813,2.07766439635785,84.8056724977656));
#9386=CARTESIAN_POINT('',(13.3886577313813,2.47766439635785,84.8056724977656));
#9387=CARTESIAN_POINT('',(13.3886577313813,2.07766439635785,84.8056724977656));
#9388=CARTESIAN_POINT('Origin',(13.3886577313813,2.47766439635785,85.3056724977656));
#9389=CARTESIAN_POINT('',(13.3886577313813,2.07766439635785,85.3056724977656));
#9390=CARTESIAN_POINT('',(13.3886577313813,2.47766439635785,85.3056724977656));
#9391=CARTESIAN_POINT('',(13.3886577313813,2.07766439635785,85.3056724977656));
#9392=CARTESIAN_POINT('Origin',(81.8613706498296,2.47766439635785,85.3056724977656));
#9393=CARTESIAN_POINT('',(81.8613706498296,2.07766439635785,85.3056724977656));
#9394=CARTESIAN_POINT('Origin',(47.6250141906054,2.07766439635785,85.0556724977656));
#9395=CARTESIAN_POINT('Origin',(63.2616764944073,2.47766439635785,72.0185487497603));
#9396=CARTESIAN_POINT('',(63.2616764944073,2.07766439635785,72.0185487497603));
#9397=CARTESIAN_POINT('',(63.2616764944073,2.47766439635785,72.0185487497603));
#9398=CARTESIAN_POINT('',(63.2616764944073,2.07766439635785,72.5185487497603));
#9399=CARTESIAN_POINT('',(63.2616764944073,2.07766439635785,72.0185487497603));
#9400=CARTESIAN_POINT('',(63.2616764944073,2.47766439635785,72.5185487497603));
#9401=CARTESIAN_POINT('Origin',(13.3581678342518,2.47766439635785,72.0185487497603));
#9402=CARTESIAN_POINT('',(13.3581678342518,2.07766439635785,72.0185487497603));
#9403=CARTESIAN_POINT('',(13.3581678342518,2.47766439635785,72.0185487497603));
#9404=CARTESIAN_POINT('',(13.3581678342518,2.07766439635785,72.0185487497603));
#9405=CARTESIAN_POINT('Origin',(13.3581678342518,2.47766439635785,72.5185487497603));
#9406=CARTESIAN_POINT('',(13.3581678342518,2.07766439635785,72.5185487497603));
#9407=CARTESIAN_POINT('',(13.3581678342518,2.47766439635785,72.5185487497603));
#9408=CARTESIAN_POINT('',(13.3581678342518,2.07766439635785,72.5185487497603));
#9409=CARTESIAN_POINT('Origin',(63.2616764944073,2.47766439635785,72.5185487497603));
#9410=CARTESIAN_POINT('',(63.2616764944073,2.07766439635785,72.5185487497603));
#9411=CARTESIAN_POINT('Origin',(38.3099221643296,2.07766439635785,72.2685487497603));
#9412=CARTESIAN_POINT('Origin',(86.0000012814999,2.47766439635785,52.0000007748604));
#9413=CARTESIAN_POINT('',(86.0000012814999,2.07766439635785,52.0000007748604));
#9414=CARTESIAN_POINT('',(86.0000012814999,2.47766439635785,52.0000007748604));
#9415=CARTESIAN_POINT('',(86.0000012814999,2.07766439635785,52.5000007748604));
#9416=CARTESIAN_POINT('',(86.0000012814999,2.07766439635785,52.0000007748604));
#9417=CARTESIAN_POINT('',(86.0000012814999,2.47766439635785,52.5000007748604));
#9418=CARTESIAN_POINT('Origin',(54.0000008046627,2.47766439635785,52.0000007748604));
#9419=CARTESIAN_POINT('',(54.0000008046627,2.07766439635785,52.0000007748604));
#9420=CARTESIAN_POINT('',(54.0000008046627,2.47766439635785,52.0000007748604));
#9421=CARTESIAN_POINT('',(54.0000008046627,2.07766439635785,52.0000007748604));
#9422=CARTESIAN_POINT('Origin',(54.0000008046627,2.47766439635785,52.5000007748604));
#9423=CARTESIAN_POINT('',(54.0000008046627,2.07766439635785,52.5000007748604));
#9424=CARTESIAN_POINT('',(54.0000008046627,2.47766439635785,52.5000007748604));
#9425=CARTESIAN_POINT('',(54.0000008046627,2.07766439635785,52.5000007748604));
#9426=CARTESIAN_POINT('Origin',(86.0000012814999,2.47766439635785,52.5000007748604));
#9427=CARTESIAN_POINT('',(86.0000012814999,2.07766439635785,52.5000007748604));
#9428=CARTESIAN_POINT('Origin',(70.0000010430813,2.07766439635785,52.2500007748604));
#9429=CARTESIAN_POINT('Origin',(143.000002130866,2.47766439635785,22.0000003278255));
#9430=CARTESIAN_POINT('',(143.000002130866,2.07766439635785,22.0000003278255));
#9431=CARTESIAN_POINT('',(143.000002130866,2.47766439635785,22.0000003278255));
#9432=CARTESIAN_POINT('',(143.000002130866,2.07766439635785,22.5000003278255));
#9433=CARTESIAN_POINT('',(143.000002130866,2.07766439635785,22.0000003278255));
#9434=CARTESIAN_POINT('',(143.000002130866,2.47766439635785,22.5000003278255));
#9435=CARTESIAN_POINT('Origin',(129.00000192225,2.47766439635785,22.0000003278255));
#9436=CARTESIAN_POINT('',(129.00000192225,2.07766439635785,22.0000003278255));
#9437=CARTESIAN_POINT('',(129.00000192225,2.47766439635785,22.0000003278255));
#9438=CARTESIAN_POINT('',(129.00000192225,2.07766439635785,22.0000003278255));
#9439=CARTESIAN_POINT('Origin',(129.00000192225,2.47766439635785,22.5000003278255));
#9440=CARTESIAN_POINT('',(129.00000192225,2.07766439635785,22.5000003278255));
#9441=CARTESIAN_POINT('',(129.00000192225,2.47766439635785,22.5000003278255));
#9442=CARTESIAN_POINT('',(129.00000192225,2.07766439635785,22.5000003278255));
#9443=CARTESIAN_POINT('Origin',(143.000002130866,2.47766439635785,22.5000003278255));
#9444=CARTESIAN_POINT('',(143.000002130866,2.07766439635785,22.5000003278255));
#9445=CARTESIAN_POINT('Origin',(136.000002026558,2.07766439635785,22.2500003278255));
#9446=CARTESIAN_POINT('Origin',(132.847780390953,2.47766439635785,10.7410883917857));
#9447=CARTESIAN_POINT('',(132.847780390953,2.07766439635785,10.7410883917857));
#9448=CARTESIAN_POINT('',(132.847780390953,2.47766439635785,10.7410883917857));
#9449=CARTESIAN_POINT('',(97.2578154664026,2.07766439635785,10.7410883917857));
#9450=CARTESIAN_POINT('',(97.2578154664026,2.07766439635785,10.7410883917857));
#9451=CARTESIAN_POINT('',(97.2578154664026,2.47766439635785,10.7410883917857));
#9452=CARTESIAN_POINT('Origin',(132.847780390953,2.47766439635785,10.2410883917857));
#9453=CARTESIAN_POINT('',(132.847780390953,2.07766439635785,10.2410883917857));
#9454=CARTESIAN_POINT('',(132.847780390953,2.47766439635785,10.2410883917857));
#9455=CARTESIAN_POINT('',(132.847780390953,2.07766439635785,10.2410883917857));
#9456=CARTESIAN_POINT('Origin',(97.2578154664026,2.47766439635785,10.2410883917857));
#9457=CARTESIAN_POINT('',(97.2578154664026,2.07766439635785,10.2410883917857));
#9458=CARTESIAN_POINT('',(97.2578154664026,2.47766439635785,10.2410883917857));
#9459=CARTESIAN_POINT('',(97.2578154664026,2.07766439635785,10.2410883917857));
#9460=CARTESIAN_POINT('Origin',(97.2578154664026,2.47766439635785,10.7410883917857));
#9461=CARTESIAN_POINT('',(97.2578154664026,2.07766439635785,10.2410883917857));
#9462=CARTESIAN_POINT('Origin',(115.052797928678,2.07766439635785,10.4910883917857));
#9463=CARTESIAN_POINT('Origin',(23.2249896704084,2.47766439635785,17.2464898232545));
#9464=CARTESIAN_POINT('',(23.2249896704084,2.07766439635785,17.2464898232545));
#9465=CARTESIAN_POINT('',(23.2249896704084,2.47766439635785,17.2464898232545));
#9466=CARTESIAN_POINT('',(23.2249896704084,2.07766439635785,17.7464898232545));
#9467=CARTESIAN_POINT('',(23.2249896704084,2.07766439635785,17.2464898232545));
#9468=CARTESIAN_POINT('',(23.2249896704084,2.47766439635785,17.7464898232545));
#9469=CARTESIAN_POINT('Origin',(11.1024109246864,2.47766439635785,17.2464898232545));
#9470=CARTESIAN_POINT('',(11.1024109246864,2.07766439635785,17.2464898232545));
#9471=CARTESIAN_POINT('',(11.1024109246864,2.47766439635785,17.2464898232545));
#9472=CARTESIAN_POINT('',(11.1024109246864,2.07766439635785,17.2464898232545));
#9473=CARTESIAN_POINT('Origin',(11.1024109246864,2.47766439635785,17.7464898232545));
#9474=CARTESIAN_POINT('',(11.1024109246864,2.07766439635785,17.7464898232545));
#9475=CARTESIAN_POINT('',(11.1024109246864,2.47766439635785,17.7464898232545));
#9476=CARTESIAN_POINT('',(11.1024109246864,2.07766439635785,17.7464898232545));
#9477=CARTESIAN_POINT('Origin',(23.2249896704084,2.47766439635785,17.7464898232545));
#9478=CARTESIAN_POINT('',(23.2249896704084,2.07766439635785,17.7464898232545));
#9479=CARTESIAN_POINT('Origin',(17.1637002975474,2.07766439635785,17.4964898232545));
#9480=CARTESIAN_POINT('Origin',(74.0000011026859,2.47766439635785,20.7573596705086));
#9481=CARTESIAN_POINT('',(74.0000011026859,2.07766439635785,20.7573596705086));
#9482=CARTESIAN_POINT('',(74.0000011026859,2.47766439635785,20.7573596705086));
#9483=CARTESIAN_POINT('',(74.0000011026859,2.07766439635785,21.2573596705086));
#9484=CARTESIAN_POINT('',(74.0000011026859,2.07766439635785,20.7573596705086));
#9485=CARTESIAN_POINT('',(74.0000011026859,2.47766439635785,21.2573596705086));
#9486=CARTESIAN_POINT('Origin',(66.4341449917665,2.47766439635785,20.7573596705086));
#9487=CARTESIAN_POINT('',(66.4341449917665,2.07766439635785,20.7573596705086));
#9488=CARTESIAN_POINT('',(66.4341449917665,2.47766439635785,20.7573596705086));
#9489=CARTESIAN_POINT('',(66.4341449917665,2.07766439635785,20.7573596705086));
#9490=CARTESIAN_POINT('Origin',(66.4341449917665,2.47766439635785,21.2573596705086));
#9491=CARTESIAN_POINT('',(66.4341449917665,2.07766439635785,21.2573596705086));
#9492=CARTESIAN_POINT('',(66.4341449917665,2.47766439635785,21.2573596705086));
#9493=CARTESIAN_POINT('',(66.4341449917665,2.07766439635785,21.2573596705086));
#9494=CARTESIAN_POINT('Origin',(74.0000011026859,2.47766439635785,21.2573596705086));
#9495=CARTESIAN_POINT('',(74.0000011026859,2.07766439635785,21.2573596705086));
#9496=CARTESIAN_POINT('Origin',(70.2170730472262,2.07766439635785,21.0073596705086));
#9497=CARTESIAN_POINT('Origin',(77.6691523575351,2.47766439635785,46.0000006854534));
#9498=CARTESIAN_POINT('',(77.6691523575351,2.07766439635785,46.0000006854534));
#9499=CARTESIAN_POINT('',(77.6691523575351,2.47766439635785,46.0000006854534));
#9500=CARTESIAN_POINT('',(77.6691523575351,2.07766439635785,46.5000006854534));
#9501=CARTESIAN_POINT('',(77.6691523575351,2.07766439635785,46.0000006854534));
#9502=CARTESIAN_POINT('',(77.6691523575351,2.47766439635785,46.5000006854534));
#9503=CARTESIAN_POINT('Origin',(73.0000010877848,2.47766439635785,46.0000006854534));
#9504=CARTESIAN_POINT('',(73.0000010877848,2.07766439635785,46.0000006854534));
#9505=CARTESIAN_POINT('',(73.0000010877848,2.47766439635785,46.0000006854534));
#9506=CARTESIAN_POINT('',(73.0000010877848,2.07766439635785,46.0000006854534));
#9507=CARTESIAN_POINT('Origin',(73.0000010877848,2.47766439635785,46.5000006854534));
#9508=CARTESIAN_POINT('',(73.0000010877848,2.07766439635785,46.5000006854534));
#9509=CARTESIAN_POINT('',(73.0000010877848,2.47766439635785,46.5000006854534));
#9510=CARTESIAN_POINT('',(73.0000010877848,2.07766439635785,46.5000006854534));
#9511=CARTESIAN_POINT('Origin',(77.6691523575351,2.47766439635785,46.5000006854534));
#9512=CARTESIAN_POINT('',(77.6691523575351,2.07766439635785,46.5000006854534));
#9513=CARTESIAN_POINT('Origin',(75.3345767226599,2.07766439635785,46.2500006854534));
#9514=CARTESIAN_POINT('Origin',(24.1371526115118,2.47766439635785,63.2043999008763));
#9515=CARTESIAN_POINT('',(24.1371526115118,2.07766439635785,63.2043999008763));
#9516=CARTESIAN_POINT('',(24.1371526115118,2.47766439635785,63.2043999008763));
#9517=CARTESIAN_POINT('',(24.1371526115118,2.07766439635785,63.7043999008763));
#9518=CARTESIAN_POINT('',(24.1371526115118,2.07766439635785,63.2043999008763));
#9519=CARTESIAN_POINT('',(24.1371526115118,2.47766439635785,63.7043999008763));
#9520=CARTESIAN_POINT('Origin',(9.42376642107628,2.47766439635785,63.2043999008763));
#9521=CARTESIAN_POINT('',(9.42376642107628,2.07766439635785,63.2043999008763));
#9522=CARTESIAN_POINT('',(9.42376642107628,2.47766439635785,63.2043999008763));
#9523=CARTESIAN_POINT('',(9.42376642107628,2.07766439635785,63.2043999008763));
#9524=CARTESIAN_POINT('Origin',(9.42376642107628,2.47766439635785,63.7043999008763));
#9525=CARTESIAN_POINT('',(9.42376642107628,2.07766439635785,63.7043999008763));
#9526=CARTESIAN_POINT('',(9.42376642107628,2.47766439635785,63.7043999008763));
#9527=CARTESIAN_POINT('',(9.42376642107628,2.07766439635785,63.7043999008763));
#9528=CARTESIAN_POINT('Origin',(24.1371526115118,2.47766439635785,63.7043999008763));
#9529=CARTESIAN_POINT('',(24.1371526115118,2.07766439635785,63.7043999008763));
#9530=CARTESIAN_POINT('Origin',(16.780459516294,2.07766439635785,63.4543999008763));
#9531=CARTESIAN_POINT('Origin',(109.155559422967,2.47766439635785,75.));
#9532=CARTESIAN_POINT('',(109.155559422967,2.07766439635785,75.));
#9533=CARTESIAN_POINT('',(109.155559422967,2.47766439635785,75.));
#9534=CARTESIAN_POINT('',(109.155559422967,2.07766439635785,75.5));
#9535=CARTESIAN_POINT('',(109.155559422967,2.07766439635785,75.));
#9536=CARTESIAN_POINT('',(109.155559422967,2.47766439635785,75.5));
#9537=CARTESIAN_POINT('Origin',(55.,2.47766439635785,75.));
#9538=CARTESIAN_POINT('',(55.,2.07766439635785,75.));
#9539=CARTESIAN_POINT('',(55.,2.47766439635785,75.));
#9540=CARTESIAN_POINT('',(55.,2.07766439635785,75.));
#9541=CARTESIAN_POINT('Origin',(55.,2.47766439635785,75.5));
#9542=CARTESIAN_POINT('',(55.,2.07766439635785,75.5));
#9543=CARTESIAN_POINT('',(55.,2.47766439635785,75.5));
#9544=CARTESIAN_POINT('',(55.,2.07766439635785,75.5));
#9545=CARTESIAN_POINT('Origin',(109.155559422967,2.47766439635785,75.5));
#9546=CARTESIAN_POINT('',(109.155559422967,2.07766439635785,75.5));
#9547=CARTESIAN_POINT('Origin',(82.0777797114833,2.07766439635785,75.25));
#9548=CARTESIAN_POINT('Origin',(129.834326614499,2.47766439635785,72.5185487497603));
#9549=CARTESIAN_POINT('',(129.834326614499,2.07766439635785,72.5185487497603));
#9550=CARTESIAN_POINT('',(129.834326614499,2.47766439635785,72.5185487497603));
#9551=CARTESIAN_POINT('',(99.8143266144988,2.07766439635785,72.5185487497603));
#9552=CARTESIAN_POINT('',(99.8143266144988,2.07766439635785,72.5185487497603));
#9553=CARTESIAN_POINT('',(99.8143266144988,2.47766439635785,72.5185487497603));
#9554=CARTESIAN_POINT('Origin',(129.834326614499,2.47766439635785,72.0185487497603));
#9555=CARTESIAN_POINT('',(129.834326614499,2.07766439635785,72.0185487497603));
#9556=CARTESIAN_POINT('',(129.834326614499,2.47766439635785,72.0185487497603));
#9557=CARTESIAN_POINT('',(129.834326614499,2.07766439635785,72.5185487497603));
#9558=CARTESIAN_POINT('Origin',(99.8143266144988,2.47766439635785,72.0185487497603));
#9559=CARTESIAN_POINT('',(99.8143266144988,2.07766439635785,72.0185487497603));
#9560=CARTESIAN_POINT('',(99.8143266144988,2.47766439635785,72.0185487497603));
#9561=CARTESIAN_POINT('',(129.834326614499,2.07766439635785,72.0185487497603));
#9562=CARTESIAN_POINT('Origin',(99.8143266144988,2.47766439635785,72.5185487497603));
#9563=CARTESIAN_POINT('',(99.8143266144988,2.07766439635785,72.0185487497603));
#9564=CARTESIAN_POINT('Origin',(114.824326614499,2.07766439635785,72.2685487497603));
#9565=CARTESIAN_POINT('Origin',(144.232294474115,2.47766439635785,40.));
#9566=CARTESIAN_POINT('',(144.232294474115,2.07766439635785,40.));
#9567=CARTESIAN_POINT('',(144.232294474115,2.47766439635785,40.));
#9568=CARTESIAN_POINT('',(144.232294474115,2.07766439635785,40.5));
#9569=CARTESIAN_POINT('',(144.232294474115,2.07766439635785,40.));
#9570=CARTESIAN_POINT('',(144.232294474115,2.47766439635785,40.5));
#9571=CARTESIAN_POINT('Origin',(135.,2.47766439635785,40.));
#9572=CARTESIAN_POINT('',(135.,2.07766439635785,40.));
#9573=CARTESIAN_POINT('',(135.,2.47766439635785,40.));
#9574=CARTESIAN_POINT('',(135.,2.07766439635785,40.));
#9575=CARTESIAN_POINT('Origin',(135.,2.47766439635785,40.5));
#9576=CARTESIAN_POINT('',(135.,2.07766439635785,40.5));
#9577=CARTESIAN_POINT('',(135.,2.47766439635785,40.5));
#9578=CARTESIAN_POINT('',(135.,2.07766439635785,40.5));
#9579=CARTESIAN_POINT('Origin',(144.232294474115,2.47766439635785,40.5));
#9580=CARTESIAN_POINT('',(144.232294474115,2.07766439635785,40.5));
#9581=CARTESIAN_POINT('Origin',(139.616147237058,2.07766439635785,40.25));
#9582=CARTESIAN_POINT('Origin',(73.8218619427421,2.47766439635785,31.2376449206904));
#9583=CARTESIAN_POINT('',(72.8637367873293,2.47766439635785,30.2795201625555));
#9584=CARTESIAN_POINT('',(73.8218619427421,2.47766439635785,31.2376449206904));
#9585=CARTESIAN_POINT('',(78.6310993103709,2.47766439635785,36.0468802942122));
#9586=CARTESIAN_POINT('',(72.8637367873293,2.97766439635785,30.2795201625555));
#9587=CARTESIAN_POINT('',(72.8637367873293,2.47766439635785,30.2795201625555));
#9588=CARTESIAN_POINT('',(73.8218619427421,2.97766439635785,31.2376449206904));
#9589=CARTESIAN_POINT('',(72.8637367873293,2.97766439635785,30.2795201625555));
#9590=CARTESIAN_POINT('',(73.8218619427421,2.47766439635785,31.2376449206904));
#9591=CARTESIAN_POINT('Origin',(74.9466173872363,2.47766439635785,30.1128890789182));
#9592=CARTESIAN_POINT('',(74.9466173872363,2.47766439635785,30.1128890789182));
#9593=CARTESIAN_POINT('',(71.0518897726829,2.47766439635785,34.0076180691391));
#9594=CARTESIAN_POINT('',(74.9466173872363,2.97766439635785,30.1128890789182));
#9595=CARTESIAN_POINT('',(73.8218619427421,2.97766439635785,31.2376449206904));
#9596=CARTESIAN_POINT('',(74.9466173872363,2.47766439635785,30.1128890789182));
#9597=CARTESIAN_POINT('Origin',(73.9884922318235,2.47766439635785,29.1547643207834));
#9598=CARTESIAN_POINT('',(73.9884922318235,2.47766439635785,29.1547643207834));
#9599=CARTESIAN_POINT('',(79.2767921598857,2.47766439635785,34.4430620560996));
#9600=CARTESIAN_POINT('',(73.9884922318235,2.97766439635785,29.1547643207834));
#9601=CARTESIAN_POINT('',(74.9466173872363,2.97766439635785,30.1128890789182));
#9602=CARTESIAN_POINT('',(73.9884922318235,2.47766439635785,29.1547643207834));
#9603=CARTESIAN_POINT('Origin',(72.8637367873293,2.47766439635785,30.2795201625555));
#9604=CARTESIAN_POINT('',(69.531386909737,2.47766439635785,33.6118712171763));
#9605=CARTESIAN_POINT('',(73.9884922318235,2.97766439635785,29.1547643207834));
#9606=CARTESIAN_POINT('Origin',(76.9670113307794,2.47766439635785,31.2376465098022));
#9607=CARTESIAN_POINT('',(72.8637367873293,2.47766439635785,27.1343707745182));
#9608=CARTESIAN_POINT('',(76.9670113307794,2.47766439635785,31.2376465098022));
#9609=CARTESIAN_POINT('',(80.9899606618286,2.47766439635785,35.260597009354));
#9610=CARTESIAN_POINT('',(72.8637367873293,2.97766439635785,27.1343707745182));
#9611=CARTESIAN_POINT('',(72.8637367873293,2.47766439635785,27.1343707745182));
#9612=CARTESIAN_POINT('',(76.9670113307794,2.97766439635785,31.2376465098022));
#9613=CARTESIAN_POINT('',(72.8637367873293,2.97766439635785,27.1343707745182));
#9614=CARTESIAN_POINT('',(76.9670113307794,2.47766439635785,31.2376465098022));
#9615=CARTESIAN_POINT('Origin',(78.383369979805,2.47766439635785,30.2170346980254));
#9616=CARTESIAN_POINT('',(78.383369979805,2.47766439635785,30.2170346980254));
#9617=CARTESIAN_POINT('',(73.75060337692,2.47766439635785,33.5553532230419));
#9618=CARTESIAN_POINT('',(78.383369979805,2.97766439635785,30.2170346980254));
#9619=CARTESIAN_POINT('',(76.9670113307794,2.97766439635785,31.2376465098022));
#9620=CARTESIAN_POINT('',(78.383369979805,2.47766439635785,30.2170346980254));
#9621=CARTESIAN_POINT('Origin',(73.8843482018282,2.47766439635785,25.7180113309367));
#9622=CARTESIAN_POINT('',(73.8843482018282,2.47766439635785,25.7180113309367));
#9623=CARTESIAN_POINT('',(80.0578718406248,2.47766439635785,31.8915371503005));
#9624=CARTESIAN_POINT('',(73.8843482018282,2.97766439635785,25.7180113309367));
#9625=CARTESIAN_POINT('',(78.383369979805,2.97766439635785,30.2170346980254));
#9626=CARTESIAN_POINT('',(73.8843482018282,2.47766439635785,25.7180113309367));
#9627=CARTESIAN_POINT('Origin',(72.8637367873293,2.47766439635785,27.1343707745182));
#9628=CARTESIAN_POINT('',(68.6975327708618,2.47766439635785,32.9160446993668));
#9629=CARTESIAN_POINT('',(73.8843482018282,2.97766439635785,25.7180113309367));
#9630=CARTESIAN_POINT('Origin',(82.2575283723657,2.47766439635785,23.6976177846716));
#9631=CARTESIAN_POINT('',(80.403764320626,2.47766439635785,21.843853732932));
#9632=CARTESIAN_POINT('',(82.2575283723657,2.47766439635785,23.6976177846716));
#9633=CARTESIAN_POINT('',(86.8428556104045,2.47766439635785,28.2829450227104));
#9634=CARTESIAN_POINT('',(80.403764320626,2.97766439635785,21.843853732932));
#9635=CARTESIAN_POINT('',(80.403764320626,2.47766439635785,21.843853732932));
#9636=CARTESIAN_POINT('',(82.2575283723657,2.97766439635785,23.6976177846716));
#9637=CARTESIAN_POINT('',(80.403764320626,2.97766439635785,21.843853732932));
#9638=CARTESIAN_POINT('',(82.2575283723657,2.47766439635785,23.6976177846716));
#9639=CARTESIAN_POINT('Origin',(82.7782485223424,2.47766439635785,23.1768976346948));
#9640=CARTESIAN_POINT('',(82.7782485223424,2.47766439635785,23.1768976346948));
#9641=CARTESIAN_POINT('',(75.1916154244646,2.47766439635785,30.7635307325728));
#9642=CARTESIAN_POINT('',(82.7782485223424,2.97766439635785,23.1768976346948));
#9643=CARTESIAN_POINT('',(82.2575283723657,2.97766439635785,23.6976177846716));
#9644=CARTESIAN_POINT('',(82.7782485223424,2.47766439635785,23.1768976346948));
#9645=CARTESIAN_POINT('Origin',(83.1323375886819,2.47766439635785,20.9898730047925));
#9646=CARTESIAN_POINT('',(83.1323375886819,2.47766439635785,20.9898730047925));
#9647=CARTESIAN_POINT('',(80.958272855062,2.47766439635785,34.4179439943389));
#9648=CARTESIAN_POINT('',(83.1323375886819,2.97766439635785,20.9898730047925));
#9649=CARTESIAN_POINT('',(82.7782485223424,2.97766439635785,23.1768976346948));
#9650=CARTESIAN_POINT('',(83.1323375886819,2.47766439635785,20.9898730047925));
#9651=CARTESIAN_POINT('Origin',(80.9453129587795,2.47766439635785,21.3439628656878));
#9652=CARTESIAN_POINT('',(80.9453129587795,2.47766439635785,21.3439628656878));
#9653=CARTESIAN_POINT('',(76.8487783367309,2.47766439635785,22.0072116259631));
#9654=CARTESIAN_POINT('',(80.9453129587795,2.97766439635785,21.3439628656878));
#9655=CARTESIAN_POINT('',(83.1323375886819,2.97766439635785,20.9898730047925));
#9656=CARTESIAN_POINT('',(80.9453129587795,2.47766439635785,21.3439628656878));
#9657=CARTESIAN_POINT('Origin',(80.403764320626,2.47766439635785,21.843853732932));
#9658=CARTESIAN_POINT('',(73.02555327653,2.47766439635785,28.6545075831933));
#9659=CARTESIAN_POINT('',(80.9453129587795,2.97766439635785,21.3439628656878));
#9660=CARTESIAN_POINT('Origin',(84.2987510760806,2.47766439635785,26.592822805638));
#9661=CARTESIAN_POINT('',(82.4449876721843,2.47766439635785,28.4465859161092));
#9662=CARTESIAN_POINT('',(84.2987510760806,2.47766439635785,26.592822805638));
#9663=CARTESIAN_POINT('',(77.1859733348028,2.47766439635785,33.7055994210614));
#9664=CARTESIAN_POINT('',(82.4449876721843,2.97766439635785,28.4465859161092));
#9665=CARTESIAN_POINT('',(82.4449876721843,2.47766439635785,28.4465859161092));
#9666=CARTESIAN_POINT('',(84.2987510760806,2.97766439635785,26.592822805638));
#9667=CARTESIAN_POINT('',(80.8619982115168,2.97766439635785,30.0295751262114));
#9668=CARTESIAN_POINT('',(84.2987510760806,2.47766439635785,26.592822805638));
#9669=CARTESIAN_POINT('Origin',(79.008234954333,2.47766439635785,21.3231335829552));
#9670=CARTESIAN_POINT('',(79.008234954333,2.47766439635785,21.3231335829552));
#9671=CARTESIAN_POINT('',(84.997254084973,2.47766439635785,27.2885760511599));
#9672=CARTESIAN_POINT('',(79.008234954333,2.97766439635785,21.3231335829552));
#9673=CARTESIAN_POINT('',(84.2987504068075,2.97766439635785,26.5928221363648));
#9674=CARTESIAN_POINT('',(79.008234954333,2.47766439635785,21.3231335829552));
#9675=CARTESIAN_POINT('Origin',(76.8212103244306,2.47766439635785,20.9690437220599));
#9676=CARTESIAN_POINT('',(76.8212103244306,2.47766439635785,20.9690437220599));
#9677=CARTESIAN_POINT('',(78.8935317735622,2.47766439635785,21.3045625834484));
#9678=CARTESIAN_POINT('',(76.8212103244306,2.97766439635785,20.9690437220599));
#9679=CARTESIAN_POINT('',(79.008234954333,2.97766439635785,21.3231335829552));
#9680=CARTESIAN_POINT('',(76.8212103244306,2.47766439635785,20.9690437220599));
#9681=CARTESIAN_POINT('Origin',(77.1752993907701,2.47766439635785,23.1768976346948));
#9682=CARTESIAN_POINT('',(77.1752993907701,2.47766439635785,23.1768976346948));
#9683=CARTESIAN_POINT('',(79.0734407885411,2.47766439635785,35.0123913287733));
#9684=CARTESIAN_POINT('',(77.1752993907701,2.97766439635785,23.1768976346948));
#9685=CARTESIAN_POINT('',(76.8212103244306,2.97766439635785,20.9690437220599));
#9686=CARTESIAN_POINT('',(77.1752993907701,2.47766439635785,23.1768976346948));
#9687=CARTESIAN_POINT('Origin',(82.4449871496238,2.47766439635785,28.4465853935485));
#9688=CARTESIAN_POINT('',(85.7962077911288,2.47766439635785,31.7978060350536));
#9689=CARTESIAN_POINT('',(77.9043076007376,2.97766439635785,23.9059058446623));
#9690=CARTESIAN_POINT('Origin',(82.9865365823331,2.47766439635785,31.2376449206904));
#9691=CARTESIAN_POINT('',(81.5701779333075,2.47766439635785,30.2170331089136));
#9692=CARTESIAN_POINT('',(82.9865365823331,2.47766439635785,31.2376449206904));
#9693=CARTESIAN_POINT('',(84.8040702996931,2.47766439635785,32.5473388894577));
#9694=CARTESIAN_POINT('',(81.5701779333075,2.97766439635785,30.2170331089136));
#9695=CARTESIAN_POINT('',(81.5701779333075,2.47766439635785,30.2170331089136));
#9696=CARTESIAN_POINT('',(82.9865365823331,2.97766439635785,31.2376449206904));
#9697=CARTESIAN_POINT('',(81.5701779333075,2.97766439635785,30.2170331089136));
#9698=CARTESIAN_POINT('',(82.9865365823331,2.47766439635785,31.2376449206904));
#9699=CARTESIAN_POINT('Origin',(87.0898107285053,2.47766439635785,27.1343699799623));
#9700=CARTESIAN_POINT('',(87.0898107285053,2.47766439635785,27.1343699799623));
#9701=CARTESIAN_POINT('',(79.4146556647115,2.47766439635785,34.8095265299693));
#9702=CARTESIAN_POINT('',(87.0898107285053,2.97766439635785,27.1343699799623));
#9703=CARTESIAN_POINT('',(82.9865365823331,2.97766439635785,31.2376449206904));
#9704=CARTESIAN_POINT('',(87.0898107285053,2.47766439635785,27.1343699799623));
#9705=CARTESIAN_POINT('Origin',(86.0691989167285,2.47766439635785,25.7180113309367));
#9706=CARTESIAN_POINT('',(86.0691989167285,2.47766439635785,25.7180113309367));
#9707=CARTESIAN_POINT('',(89.6516264969082,2.47766439635785,30.6895413770783));
#9708=CARTESIAN_POINT('',(86.0691989167285,2.97766439635785,25.7180113309367));
#9709=CARTESIAN_POINT('',(87.0898107285053,2.97766439635785,27.1343699799623));
#9710=CARTESIAN_POINT('',(86.0691989167285,2.47766439635785,25.7180113309367));
#9711=CARTESIAN_POINT('Origin',(81.5701779333075,2.47766439635785,30.2170331089136));
#9712=CARTESIAN_POINT('',(76.0455965629298,2.47766439635785,35.7416154549678));
#9713=CARTESIAN_POINT('',(86.0691989167285,2.97766439635785,25.7180113309367));
#9714=CARTESIAN_POINT('Origin',(87.0689822403286,2.47766439635785,30.2795201625555));
#9715=CARTESIAN_POINT('',(86.1108574821937,2.47766439635785,31.2376449206904));
#9716=CARTESIAN_POINT('',(87.0689822403286,2.47766439635785,30.2795201625555));
#9717=CARTESIAN_POINT('',(80.1853213449193,2.47766439635785,37.1631810579648));
#9718=CARTESIAN_POINT('',(86.1108574821937,2.97766439635785,31.2376449206904));
#9719=CARTESIAN_POINT('',(86.1108574821937,2.47766439635785,31.2376449206904));
#9720=CARTESIAN_POINT('',(87.0689822403286,2.97766439635785,30.2795201625555));
#9721=CARTESIAN_POINT('',(85.8817409340263,2.97766439635785,31.4667614688578));
#9722=CARTESIAN_POINT('',(87.0689822403286,2.47766439635785,30.2795201625555));
#9723=CARTESIAN_POINT('Origin',(85.9442263985564,2.47766439635785,29.1547643207834));
#9724=CARTESIAN_POINT('',(85.9442263985564,2.47766439635785,29.1547643207834));
#9725=CARTESIAN_POINT('',(88.2435924960196,2.47766439635785,31.4541304182465));
#9726=CARTESIAN_POINT('',(85.9442263985564,2.97766439635785,29.1547643207834));
#9727=CARTESIAN_POINT('',(87.0689822403286,2.97766439635785,30.2795201625555));
#9728=CARTESIAN_POINT('',(85.9442263985564,2.47766439635785,29.1547643207834));
#9729=CARTESIAN_POINT('Origin',(84.9861016404215,2.47766439635785,30.1128890789182));
#9730=CARTESIAN_POINT('',(84.9861016404215,2.47766439635785,30.1128890789182));
#9731=CARTESIAN_POINT('',(78.5815031240797,2.47766439635785,36.51748759526));
#9732=CARTESIAN_POINT('',(84.9861016404215,2.97766439635785,30.1128890789182));
#9733=CARTESIAN_POINT('',(85.9442263985564,2.97766439635785,29.1547643207834));
#9734=CARTESIAN_POINT('',(84.9861016404215,2.47766439635785,30.1128890789182));
#9735=CARTESIAN_POINT('Origin',(86.1108574821937,2.47766439635785,31.2376449206904));
#9736=CARTESIAN_POINT('',(87.8478456587708,2.47766439635785,32.9746330972675));
#9737=CARTESIAN_POINT('',(84.9861016404215,2.97766439635785,30.1128890789182));
#9738=CARTESIAN_POINT('Origin',(77.4877314807562,2.47766439635785,28.4674146762811));
#9739=CARTESIAN_POINT('',(75.6339682235725,2.47766439635785,26.6136506245415));
#9740=CARTESIAN_POINT('',(77.4877314807562,2.47766439635785,28.4674146762811));
#9741=CARTESIAN_POINT('',(82.0730587950986,2.47766439635785,33.0527439559764));
#9742=CARTESIAN_POINT('',(75.6339682235725,2.97766439635785,26.6136506245415));
#9743=CARTESIAN_POINT('',(75.6339682235725,2.47766439635785,26.6136506245415));
#9744=CARTESIAN_POINT('',(77.4877314807562,2.97766439635785,28.4674146762811));
#9745=CARTESIAN_POINT('',(75.6339682235725,2.97766439635785,26.6136506245415));
#9746=CARTESIAN_POINT('',(77.4877314807562,2.47766439635785,28.4674146762811));
#9747=CARTESIAN_POINT('Origin',(79.5289543097539,2.47766439635785,26.4261918472834));
#9748=CARTESIAN_POINT('',(79.5289543097539,2.47766439635785,26.4261918472834));
#9749=CARTESIAN_POINT('',(73.5669683181703,2.47766439635785,32.388177838867));
#9750=CARTESIAN_POINT('',(79.5289543097539,2.97766439635785,26.4261918472834));
#9751=CARTESIAN_POINT('',(77.4877314807562,2.97766439635785,28.4674146762811));
#9752=CARTESIAN_POINT('',(79.5289543097539,2.47766439635785,26.4261918472834));
#9753=CARTESIAN_POINT('Origin',(77.6751910525702,2.47766439635785,24.5724270009879));
#9754=CARTESIAN_POINT('',(77.6751910525702,2.47766439635785,24.5724270009879));
#9755=CARTESIAN_POINT('',(83.1874005092591,2.47766439635785,30.0846411829388));
#9756=CARTESIAN_POINT('',(77.6751910525702,2.97766439635785,24.5724270009879));
#9757=CARTESIAN_POINT('',(79.5289543097539,2.97766439635785,26.4261918472834));
#9758=CARTESIAN_POINT('',(77.6751910525702,2.47766439635785,24.5724270009879));
#9759=CARTESIAN_POINT('Origin',(75.6339682235725,2.47766439635785,26.6136506245415));
#9760=CARTESIAN_POINT('',(70.6925933367491,2.47766439635785,31.5550274348189));
#9761=CARTESIAN_POINT('',(77.6751910525702,2.97766439635785,24.5724270009879));
#9762=CARTESIAN_POINT('Origin',(87.110639216682,2.47766439635785,32.2374266551787));
#9763=CARTESIAN_POINT('',(86.5482620903518,2.47766439635785,31.6750495288485));
#9764=CARTESIAN_POINT('',(87.110639216682,2.47766439635785,32.2374266551787));
#9765=CARTESIAN_POINT('',(88.347736526015,2.47766439635785,33.4745239645116));
#9766=CARTESIAN_POINT('',(86.5482620903518,2.97766439635785,31.6750495288485));
#9767=CARTESIAN_POINT('',(86.5482620903518,2.47766439635785,31.6750495288485));
#9768=CARTESIAN_POINT('',(87.110639216682,2.97766439635785,32.2374266551787));
#9769=CARTESIAN_POINT('',(86.5482620903518,2.97766439635785,31.6750495288485));
#9770=CARTESIAN_POINT('',(87.110639216682,2.47766439635785,32.2374266551787));
#9771=CARTESIAN_POINT('Origin',(88.0687639748169,2.47766439635785,31.2793018970438));
#9772=CARTESIAN_POINT('',(88.0687639748169,2.47766439635785,31.2793018970438));
#9773=CARTESIAN_POINT('',(81.1851030794077,2.47766439635785,38.162962792453));
#9774=CARTESIAN_POINT('',(88.0687639748169,2.97766439635785,31.2793018970438));
#9775=CARTESIAN_POINT('',(87.110639216682,2.97766439635785,32.2374266551787));
#9776=CARTESIAN_POINT('',(88.0687639748169,2.47766439635785,31.2793018970438));
#9777=CARTESIAN_POINT('Origin',(87.5063868484867,2.47766439635785,30.7169247707136));
#9778=CARTESIAN_POINT('',(87.5063868484867,2.47766439635785,30.7169247707136));
#9779=CARTESIAN_POINT('',(89.0246727209847,2.47766439635785,32.2352106432117));
#9780=CARTESIAN_POINT('',(87.5063868484867,2.97766439635785,30.7169247707136));
#9781=CARTESIAN_POINT('',(88.0687639748169,2.97766439635785,31.2793018970438));
#9782=CARTESIAN_POINT('',(87.5063868484867,2.47766439635785,30.7169247707136));
#9783=CARTESIAN_POINT('Origin',(86.5482620903518,2.47766439635785,31.6750495288485));
#9784=CARTESIAN_POINT('',(80.14366357401,2.47766439635785,38.0796480451903));
#9785=CARTESIAN_POINT('',(87.5063868484867,2.97766439635785,30.7169247707136));
#9786=CARTESIAN_POINT('Origin',(72.8220794136979,2.47766439635785,32.216598167002));
#9787=CARTESIAN_POINT('',(71.8639542582851,2.47766439635785,31.2584734088671));
#9788=CARTESIAN_POINT('',(72.8220794136979,2.47766439635785,32.216598167002));
#9789=CARTESIAN_POINT('',(77.6365242056475,2.47766439635785,37.0310409626855));
#9790=CARTESIAN_POINT('',(71.8639542582851,2.97766439635785,31.2584734088671));
#9791=CARTESIAN_POINT('',(71.8639542582851,2.47766439635785,31.2584734088671));
#9792=CARTESIAN_POINT('',(72.8220794136979,2.97766439635785,32.216598167002));
#9793=CARTESIAN_POINT('',(71.8639542582851,2.97766439635785,31.2584734088671));
#9794=CARTESIAN_POINT('',(72.8220794136979,2.47766439635785,32.216598167002));
#9795=CARTESIAN_POINT('Origin',(73.384457334584,2.47766439635785,31.6542210406718));
#9796=CARTESIAN_POINT('',(73.384457334584,2.47766439635785,31.6542210406718));
#9797=CARTESIAN_POINT('',(70.2656040829521,2.47766439635785,34.7730698858305));
#9798=CARTESIAN_POINT('',(73.384457334584,2.97766439635785,31.6542210406718));
#9799=CARTESIAN_POINT('',(72.8220794136979,2.97766439635785,32.216598167002));
#9800=CARTESIAN_POINT('',(73.384457334584,2.47766439635785,31.6542210406718));
#9801=CARTESIAN_POINT('Origin',(72.4263321791712,2.47766439635785,30.6960962825369));
#9802=CARTESIAN_POINT('',(72.4263321791712,2.47766439635785,30.6960962825369));
#9803=CARTESIAN_POINT('',(77.719839291892,2.47766439635785,35.9896012003528));
#9804=CARTESIAN_POINT('',(72.4263321791712,2.97766439635785,30.6960962825369));
#9805=CARTESIAN_POINT('',(73.384457334584,2.97766439635785,31.6542210406718));
#9806=CARTESIAN_POINT('',(72.4263321791712,2.47766439635785,30.6960962825369));
#9807=CARTESIAN_POINT('Origin',(71.8639542582851,2.47766439635785,31.2584734088671));
#9808=CARTESIAN_POINT('',(69.0262904048381,2.47766439635785,34.0961332531195));
#9809=CARTESIAN_POINT('',(72.4263321791712,2.97766439635785,30.6960962825369));
#9810=CARTESIAN_POINT('Ctrl Pts',(72.822079215059,2.47766439635785,32.9872649424347));
#9811=CARTESIAN_POINT('Ctrl Pts',(72.822079215059,2.97766439635785,32.9872649424347));
#9812=CARTESIAN_POINT('Ctrl Pts',(72.9053945582386,2.47766439635785,32.9872649424347));
#9813=CARTESIAN_POINT('Ctrl Pts',(72.9053945582386,2.97766439635785,32.9872649424347));
#9814=CARTESIAN_POINT('Ctrl Pts',(72.9887097027793,2.47766439635785,32.9456079660812));
#9815=CARTESIAN_POINT('Ctrl Pts',(72.9887097027793,2.97766439635785,32.9456079660812));
#9816=CARTESIAN_POINT('Ctrl Pts',(73.0511959618653,2.47766439635785,32.8831209124393));
#9817=CARTESIAN_POINT('Ctrl Pts',(73.0511959618653,2.97766439635785,32.8831209124393));
#9818=CARTESIAN_POINT('',(73.0511959618653,2.97766439635785,32.8831209124393));
#9819=CARTESIAN_POINT('',(73.0511959618653,2.47766439635785,32.8831209124393));
#9820=CARTESIAN_POINT('',(72.822079215059,2.97766439635785,32.9872649424347));
#9821=CARTESIAN_POINT('Ctrl Pts',(72.822079215059,2.97766439635785,32.9872649424347));
#9822=CARTESIAN_POINT('Ctrl Pts',(72.9053945582386,2.97766439635785,32.9872649424347));
#9823=CARTESIAN_POINT('Ctrl Pts',(72.9887097027793,2.97766439635785,32.9456079660812));
#9824=CARTESIAN_POINT('Ctrl Pts',(73.0511959618653,2.97766439635785,32.8831209124393));
#9825=CARTESIAN_POINT('',(72.822079215059,2.47766439635785,32.9872649424347));
#9826=CARTESIAN_POINT('Ctrl Pts',(72.5929622696136,2.47766439635785,32.903949400616));
#9827=CARTESIAN_POINT('Ctrl Pts',(72.5929622696136,2.97766439635785,32.903949400616));
#9828=CARTESIAN_POINT('Ctrl Pts',(72.6554487273386,2.47766439635785,32.966436454258));
#9829=CARTESIAN_POINT('Ctrl Pts',(72.6554487273386,2.97766439635785,32.966436454258));
#9830=CARTESIAN_POINT('Ctrl Pts',(72.7387640705183,2.47766439635785,32.9872649424347));
#9831=CARTESIAN_POINT('Ctrl Pts',(72.7387640705183,2.97766439635785,32.9872649424347));
#9832=CARTESIAN_POINT('Ctrl Pts',(72.822079215059,2.47766439635785,32.9872649424347));
#9833=CARTESIAN_POINT('Ctrl Pts',(72.822079215059,2.97766439635785,32.9872649424347));
#9834=CARTESIAN_POINT('',(72.5929622696136,2.97766439635785,32.903949400616));
#9835=CARTESIAN_POINT('Ctrl Pts',(72.5929622696136,2.97766439635785,32.903949400616));
#9836=CARTESIAN_POINT('Ctrl Pts',(72.6554487273386,2.97766439635785,32.966436454258));
#9837=CARTESIAN_POINT('Ctrl Pts',(72.7387640705183,2.97766439635785,32.9872649424347));
#9838=CARTESIAN_POINT('Ctrl Pts',(72.822079215059,2.97766439635785,32.9872649424347));
#9839=CARTESIAN_POINT('',(72.5929622696136,2.47766439635785,32.903949400616));
#9840=CARTESIAN_POINT('Origin',(71.1974323074037,2.47766439635785,31.508420034323));
#9841=CARTESIAN_POINT('',(71.1974323074037,2.97766439635785,31.508420034323));
#9842=CARTESIAN_POINT('',(72.5929622696136,2.97766439635785,32.903949400616));
#9843=CARTESIAN_POINT('',(71.1974323074037,2.47766439635785,31.508420034323));
#9844=CARTESIAN_POINT('Ctrl Pts',(71.1974323074037,2.47766439635785,31.0710154261649));
#9845=CARTESIAN_POINT('Ctrl Pts',(71.1974323074037,2.97766439635785,31.0710154261649));
#9846=CARTESIAN_POINT('Ctrl Pts',(71.0724594912732,2.47766439635785,31.195987944337));
#9847=CARTESIAN_POINT('Ctrl Pts',(71.0724594912732,2.97766439635785,31.195987944337));
#9848=CARTESIAN_POINT('Ctrl Pts',(71.0724594912732,2.47766439635785,31.383447516151));
#9849=CARTESIAN_POINT('Ctrl Pts',(71.0724594912732,2.97766439635785,31.383447516151));
#9850=CARTESIAN_POINT('Ctrl Pts',(71.1974323074037,2.47766439635785,31.508420034323));
#9851=CARTESIAN_POINT('Ctrl Pts',(71.1974323074037,2.97766439635785,31.508420034323));
#9852=CARTESIAN_POINT('',(71.1974323074037,2.97766439635785,31.0710154261649));
#9853=CARTESIAN_POINT('Ctrl Pts',(71.1974323074037,2.97766439635785,31.0710154261649));
#9854=CARTESIAN_POINT('Ctrl Pts',(71.0724594912732,2.97766439635785,31.195987944337));
#9855=CARTESIAN_POINT('Ctrl Pts',(71.0724594912732,2.97766439635785,31.383447516151));
#9856=CARTESIAN_POINT('Ctrl Pts',(71.1974323074037,2.97766439635785,31.508420034323));
#9857=CARTESIAN_POINT('',(71.1974323074037,2.47766439635785,31.0710154261649));
#9858=CARTESIAN_POINT('Origin',(72.1972150350869,2.47766439635785,30.0712321025648));
#9859=CARTESIAN_POINT('',(72.1972150350869,2.97766439635785,30.0712321025648));
#9860=CARTESIAN_POINT('',(71.1974323074037,2.97766439635785,31.0710154261649));
#9861=CARTESIAN_POINT('',(72.1972150350869,2.47766439635785,30.0712321025648));
#9862=CARTESIAN_POINT('Origin',(73.5553504413649,2.47766439635785,28.7130968689826));
#9863=CARTESIAN_POINT('',(73.5553504413649,2.97766439635785,28.7130968689826));
#9864=CARTESIAN_POINT('',(72.1972150350869,2.97766439635785,30.0712321025648));
#9865=CARTESIAN_POINT('',(73.5553504413649,2.47766439635785,28.7130968689826));
#9866=CARTESIAN_POINT('Origin',(72.2388726073572,2.47766439635785,27.3843158108624));
#9867=CARTESIAN_POINT('',(72.2388726073572,2.97766439635785,27.3843158108624));
#9868=CARTESIAN_POINT('',(76.6962378062586,2.97766439635785,31.8833375888392));
#9869=CARTESIAN_POINT('',(72.2388726073572,2.47766439635785,27.3843158108624));
#9870=CARTESIAN_POINT('Ctrl Pts',(72.1972150350869,2.47766439635785,26.9885681790577));
#9871=CARTESIAN_POINT('Ctrl Pts',(72.1972150350869,2.97766439635785,26.9885681790577));
#9872=CARTESIAN_POINT('Ctrl Pts',(72.1138996919072,2.47766439635785,27.1135414917856));
#9873=CARTESIAN_POINT('Ctrl Pts',(72.1138996919072,2.97766439635785,27.1135414917856));
#9874=CARTESIAN_POINT('Ctrl Pts',(72.1347285773618,2.47766439635785,27.280171780867));
#9875=CARTESIAN_POINT('Ctrl Pts',(72.1347285773618,2.97766439635785,27.280171780867));
#9876=CARTESIAN_POINT('Ctrl Pts',(72.2388726073572,2.47766439635785,27.3843158108624));
#9877=CARTESIAN_POINT('Ctrl Pts',(72.2388726073572,2.97766439635785,27.3843158108624));
#9878=CARTESIAN_POINT('',(72.1972150350869,2.97766439635785,26.9885681790577));
#9879=CARTESIAN_POINT('Ctrl Pts',(72.1972150350869,2.97766439635785,26.9885681790577));
#9880=CARTESIAN_POINT('Ctrl Pts',(72.1138996919072,2.97766439635785,27.1135414917856));
#9881=CARTESIAN_POINT('Ctrl Pts',(72.1347285773618,2.97766439635785,27.280171780867));
#9882=CARTESIAN_POINT('Ctrl Pts',(72.2388726073572,2.97766439635785,27.3843158108624));
#9883=CARTESIAN_POINT('',(72.1972150350869,2.47766439635785,26.9885681790577));
#9884=CARTESIAN_POINT('Origin',(73.5927449972968,2.47766439635785,25.072317868232));
#9885=CARTESIAN_POINT('',(73.5927449972968,2.97766439635785,25.072317868232));
#9886=CARTESIAN_POINT('',(72.1972150350869,2.97766439635785,26.9885681790577));
#9887=CARTESIAN_POINT('',(73.5927449972968,2.47766439635785,25.072317868232));
#9888=CARTESIAN_POINT('Ctrl Pts',(73.8218619427421,2.47766439635785,24.9473453500599));
#9889=CARTESIAN_POINT('Ctrl Pts',(73.8218619427421,2.97766439635785,24.9473453500599));
#9890=CARTESIAN_POINT('Ctrl Pts',(73.7385467982014,2.47766439635785,24.9473453500599));
#9891=CARTESIAN_POINT('Ctrl Pts',(73.7385467982014,2.97766439635785,24.9473453500599));
#9892=CARTESIAN_POINT('Ctrl Pts',(73.6552312563828,2.47766439635785,24.9890023264134));
#9893=CARTESIAN_POINT('Ctrl Pts',(73.6552312563828,2.97766439635785,24.9890023264134));
#9894=CARTESIAN_POINT('Ctrl Pts',(73.5927449972968,2.47766439635785,25.072317868232));
#9895=CARTESIAN_POINT('Ctrl Pts',(73.5927449972968,2.97766439635785,25.072317868232));
#9896=CARTESIAN_POINT('',(73.8218619427421,2.97766439635785,24.9473453500599));
#9897=CARTESIAN_POINT('Ctrl Pts',(73.8218619427421,2.97766439635785,24.9473453500599));
#9898=CARTESIAN_POINT('Ctrl Pts',(73.7385467982014,2.97766439635785,24.9473453500599));
#9899=CARTESIAN_POINT('Ctrl Pts',(73.6552312563828,2.97766439635785,24.9890023264134));
#9900=CARTESIAN_POINT('Ctrl Pts',(73.5927449972968,2.97766439635785,25.072317868232));
#9901=CARTESIAN_POINT('',(73.8218619427421,2.47766439635785,24.9473453500599));
#9902=CARTESIAN_POINT('Ctrl Pts',(74.0718077736422,2.47766439635785,25.0306608918786));
#9903=CARTESIAN_POINT('Ctrl Pts',(74.0718077736422,2.97766439635785,25.0306608918786));
#9904=CARTESIAN_POINT('Ctrl Pts',(74.0093211172782,2.47766439635785,24.9681738382367));
#9905=CARTESIAN_POINT('Ctrl Pts',(74.0093211172782,2.97766439635785,24.9681738382367));
#9906=CARTESIAN_POINT('Ctrl Pts',(73.9051770872828,2.47766439635785,24.9473453500599));
#9907=CARTESIAN_POINT('Ctrl Pts',(73.9051770872828,2.97766439635785,24.9473453500599));
#9908=CARTESIAN_POINT('Ctrl Pts',(73.8218619427421,2.47766439635785,24.9473453500599));
#9909=CARTESIAN_POINT('Ctrl Pts',(73.8218619427421,2.97766439635785,24.9473453500599));
#9910=CARTESIAN_POINT('',(74.0718077736421,2.97766439635785,25.0306608918786));
#9911=CARTESIAN_POINT('Ctrl Pts',(74.0718077736422,2.97766439635785,25.0306608918786));
#9912=CARTESIAN_POINT('Ctrl Pts',(74.0093211172782,2.97766439635785,24.9681738382367));
#9913=CARTESIAN_POINT('Ctrl Pts',(73.9051770872828,2.97766439635785,24.9473453500599));
#9914=CARTESIAN_POINT('Ctrl Pts',(73.8218619427421,2.97766439635785,24.9473453500599));
#9915=CARTESIAN_POINT('',(74.0718077736421,2.47766439635785,25.0306608918786));
#9916=CARTESIAN_POINT('Origin',(75.1879868189443,2.47766439635785,26.1468399371807));
#9917=CARTESIAN_POINT('',(75.1879868189443,2.97766439635785,26.1468399371807));
#9918=CARTESIAN_POINT('',(74.0718077736421,2.97766439635785,25.0306608918786));
#9919=CARTESIAN_POINT('',(75.1879868189443,2.47766439635785,26.1468399371807));
#9920=CARTESIAN_POINT('Origin',(77.2358607709921,2.47766439635785,24.1330973478673));
#9921=CARTESIAN_POINT('',(77.2358607709921,2.97766439635785,24.1330973478673));
#9922=CARTESIAN_POINT('',(74.967446272691,2.97766439635785,26.3637047936415));
#9923=CARTESIAN_POINT('',(77.2358607709921,2.47766439635785,24.1330973478673));
#9924=CARTESIAN_POINT('Origin',(76.6545792407934,2.47766439635785,23.5518159837669));
#9925=CARTESIAN_POINT('',(76.6545792407934,2.97766439635785,23.5518159837669));
#9926=CARTESIAN_POINT('',(82.2158713960122,2.97766439635785,29.113106549874));
#9927=CARTESIAN_POINT('',(76.6545792407934,2.47766439635785,23.5518159837669));
#9928=CARTESIAN_POINT('Ctrl Pts',(76.5712636989747,2.47766439635785,23.3851856946856));
#9929=CARTESIAN_POINT('Ctrl Pts',(76.5712636989747,2.97766439635785,23.3851856946856));
#9930=CARTESIAN_POINT('Ctrl Pts',(76.5712636989747,2.47766439635785,23.4476719537716));
#9931=CARTESIAN_POINT('Ctrl Pts',(76.5712636989747,2.97766439635785,23.4476719537716));
#9932=CARTESIAN_POINT('Ctrl Pts',(76.612921469884,2.47766439635785,23.5101582128576));
#9933=CARTESIAN_POINT('Ctrl Pts',(76.612921469884,2.97766439635785,23.5101582128576));
#9934=CARTESIAN_POINT('Ctrl Pts',(76.6545792407934,2.47766439635785,23.5518159837669));
#9935=CARTESIAN_POINT('Ctrl Pts',(76.6545792407934,2.97766439635785,23.5518159837669));
#9936=CARTESIAN_POINT('',(76.5712636989747,2.97766439635785,23.3851856946856));
#9937=CARTESIAN_POINT('Ctrl Pts',(76.5712636989747,2.97766439635785,23.3851856946856));
#9938=CARTESIAN_POINT('Ctrl Pts',(76.5712636989747,2.97766439635785,23.4476719537716));
#9939=CARTESIAN_POINT('Ctrl Pts',(76.612921469884,2.97766439635785,23.5101582128576));
#9940=CARTESIAN_POINT('Ctrl Pts',(76.6545792407934,2.97766439635785,23.5518159837669));
#9941=CARTESIAN_POINT('',(76.5712636989747,2.47766439635785,23.3851856946856));
#9942=CARTESIAN_POINT('Origin',(76.1338586935387,2.47766439635785,20.6566120293517));
#9943=CARTESIAN_POINT('',(76.1338586935387,2.97766439635785,20.6566120293517));
#9944=CARTESIAN_POINT('',(76.5712636989747,2.97766439635785,23.3851856946856));
#9945=CARTESIAN_POINT('',(76.1338586935387,2.47766439635785,20.6566120293517));
#9946=CARTESIAN_POINT('Ctrl Pts',(76.2171738380793,2.47766439635785,20.385837710275));
#9947=CARTESIAN_POINT('Ctrl Pts',(76.2171738380793,2.97766439635785,20.385837710275));
#9948=CARTESIAN_POINT('Ctrl Pts',(76.1546875789933,2.47766439635785,20.448323969361));
#9949=CARTESIAN_POINT('Ctrl Pts',(76.1546875789933,2.97766439635785,20.448323969361));
#9950=CARTESIAN_POINT('Ctrl Pts',(76.113029808084,2.47766439635785,20.5524679993564));
#9951=CARTESIAN_POINT('Ctrl Pts',(76.113029808084,2.97766439635785,20.5524679993564));
#9952=CARTESIAN_POINT('Ctrl Pts',(76.1338586935387,2.47766439635785,20.6566120293517));
#9953=CARTESIAN_POINT('Ctrl Pts',(76.1338586935387,2.97766439635785,20.6566120293517));
#9954=CARTESIAN_POINT('',(76.2171738380793,2.97766439635785,20.385837710275));
#9955=CARTESIAN_POINT('Ctrl Pts',(76.2171738380793,2.97766439635785,20.385837710275));
#9956=CARTESIAN_POINT('Ctrl Pts',(76.1546875789933,2.97766439635785,20.448323969361));
#9957=CARTESIAN_POINT('Ctrl Pts',(76.113029808084,2.97766439635785,20.5524679993564));
#9958=CARTESIAN_POINT('Ctrl Pts',(76.1338586935387,2.97766439635785,20.6566120293517));
#9959=CARTESIAN_POINT('',(76.2171738380793,2.47766439635785,20.385837710275));
#9960=CARTESIAN_POINT('Ctrl Pts',(76.4879481571561,2.47766439635785,20.3025225657343));
#9961=CARTESIAN_POINT('Ctrl Pts',(76.4879481571561,2.97766439635785,20.3025225657343));
#9962=CARTESIAN_POINT('Ctrl Pts',(76.3838041271607,2.47766439635785,20.2816936802796));
#9963=CARTESIAN_POINT('Ctrl Pts',(76.3838041271607,2.97766439635785,20.2816936802796));
#9964=CARTESIAN_POINT('Ctrl Pts',(76.2796600971654,2.47766439635785,20.323351451189));
#9965=CARTESIAN_POINT('Ctrl Pts',(76.2796600971654,2.97766439635785,20.323351451189));
#9966=CARTESIAN_POINT('Ctrl Pts',(76.2171738380793,2.47766439635785,20.385837710275));
#9967=CARTESIAN_POINT('Ctrl Pts',(76.2171738380793,2.97766439635785,20.385837710275));
#9968=CARTESIAN_POINT('',(76.4879481571561,2.97766439635785,20.3025225657343));
#9969=CARTESIAN_POINT('Ctrl Pts',(76.4879481571561,2.97766439635785,20.3025225657343));
#9970=CARTESIAN_POINT('Ctrl Pts',(76.3838041271607,2.97766439635785,20.2816936802796));
#9971=CARTESIAN_POINT('Ctrl Pts',(76.2796600971654,2.97766439635785,20.323351451189));
#9972=CARTESIAN_POINT('Ctrl Pts',(76.2171738380793,2.97766439635785,20.385837710275));
#9973=CARTESIAN_POINT('',(76.4879481571561,2.47766439635785,20.3025225657343));
#9974=CARTESIAN_POINT('Origin',(79.216521425212,2.47766439635785,20.7399275711704));
#9975=CARTESIAN_POINT('',(79.216521425212,2.97766439635785,20.7399275711704));
#9976=CARTESIAN_POINT('',(76.4879481571561,2.97766439635785,20.3025225657343));
#9977=CARTESIAN_POINT('',(79.216521425212,2.47766439635785,20.7399275711704));
#9978=CARTESIAN_POINT('Ctrl Pts',(79.3831517142933,2.47766439635785,20.8232427157111));
#9979=CARTESIAN_POINT('Ctrl Pts',(79.3831517142933,2.97766439635785,20.8232427157111));
#9980=CARTESIAN_POINT('Ctrl Pts',(79.341493943384,2.47766439635785,20.7815853420797));
#9981=CARTESIAN_POINT('Ctrl Pts',(79.341493943384,2.97766439635785,20.7815853420797));
#9982=CARTESIAN_POINT('Ctrl Pts',(79.279007684298,2.47766439635785,20.7399275711704));
#9983=CARTESIAN_POINT('Ctrl Pts',(79.279007684298,2.97766439635785,20.7399275711704));
#9984=CARTESIAN_POINT('Ctrl Pts',(79.216521425212,2.47766439635785,20.7399275711704));
#9985=CARTESIAN_POINT('Ctrl Pts',(79.216521425212,2.97766439635785,20.7399275711704));
#9986=CARTESIAN_POINT('',(79.3831517142933,2.97766439635785,20.8232427157111));
#9987=CARTESIAN_POINT('Ctrl Pts',(79.3831517142933,2.97766439635785,20.8232427157111));
#9988=CARTESIAN_POINT('Ctrl Pts',(79.341493943384,2.97766439635785,20.7815853420797));
#9989=CARTESIAN_POINT('Ctrl Pts',(79.279007684298,2.97766439635785,20.7399275711704));
#9990=CARTESIAN_POINT('Ctrl Pts',(79.216521425212,2.97766439635785,20.7399275711704));
#9991=CARTESIAN_POINT('',(79.3831517142933,2.47766439635785,20.8232427157111));
#9992=CARTESIAN_POINT('Origin',(79.9663587752991,2.47766439635785,21.4064497767168));
#9993=CARTESIAN_POINT('',(79.9663587752991,2.97766439635785,21.4064497767168));
#9994=CARTESIAN_POINT('',(79.3831517142933,2.97766439635785,20.8232427157111));
#9995=CARTESIAN_POINT('',(79.9663587752991,2.47766439635785,21.4064497767168));
#9996=CARTESIAN_POINT('Origin',(80.5495669160866,2.47766439635785,20.8232419211552));
#9997=CARTESIAN_POINT('',(80.5495669160866,2.97766439635785,20.8232419211552));
#9998=CARTESIAN_POINT('',(79.7372431643005,2.97766439635785,21.6355652756633));
#9999=CARTESIAN_POINT('',(80.5495669160866,2.47766439635785,20.8232419211552));
#10000=CARTESIAN_POINT('Ctrl Pts',(80.716197205168,2.47766439635785,20.7399267766145));
#10001=CARTESIAN_POINT('Ctrl Pts',(80.716197205168,2.97766439635785,20.7399267766145));
#10002=CARTESIAN_POINT('Ctrl Pts',(80.653710946082,2.47766439635785,20.7399267766145));
#10003=CARTESIAN_POINT('Ctrl Pts',(80.653710946082,2.97766439635785,20.7399267766145));
#10004=CARTESIAN_POINT('Ctrl Pts',(80.5912246869959,2.47766439635785,20.7815841502459));
#10005=CARTESIAN_POINT('Ctrl Pts',(80.5912246869959,2.97766439635785,20.7815841502459));
#10006=CARTESIAN_POINT('Ctrl Pts',(80.5495669160866,2.47766439635785,20.8232419211552));
#10007=CARTESIAN_POINT('Ctrl Pts',(80.5495669160866,2.97766439635785,20.8232419211552));
#10008=CARTESIAN_POINT('',(80.716197205168,2.97766439635785,20.7399267766145));
#10009=CARTESIAN_POINT('Ctrl Pts',(80.716197205168,2.97766439635785,20.7399267766145));
#10010=CARTESIAN_POINT('Ctrl Pts',(80.653710946082,2.97766439635785,20.7399267766145));
#10011=CARTESIAN_POINT('Ctrl Pts',(80.5912246869959,2.97766439635785,20.7815841502459));
#10012=CARTESIAN_POINT('Ctrl Pts',(80.5495669160866,2.97766439635785,20.8232419211552));
#10013=CARTESIAN_POINT('',(80.716197205168,2.47766439635785,20.7399267766145));
#10014=CARTESIAN_POINT('Origin',(83.4447712677797,2.47766439635785,20.3025217711784));
#10015=CARTESIAN_POINT('',(83.4447712677797,2.97766439635785,20.3025217711784));
#10016=CARTESIAN_POINT('',(80.716197205168,2.97766439635785,20.7399267766145));
#10017=CARTESIAN_POINT('',(83.4447712677797,2.47766439635785,20.3025217711784));
#10018=CARTESIAN_POINT('Ctrl Pts',(83.7155463814124,2.47766439635785,20.3858369157191));
#10019=CARTESIAN_POINT('Ctrl Pts',(83.7155463814124,2.97766439635785,20.3858369157191));
#10020=CARTESIAN_POINT('Ctrl Pts',(83.6530593277705,2.47766439635785,20.3233506566331));
#10021=CARTESIAN_POINT('Ctrl Pts',(83.6530593277705,2.97766439635785,20.3233506566331));
#10022=CARTESIAN_POINT('Ctrl Pts',(83.5489152977751,2.47766439635785,20.2816928857238));
#10023=CARTESIAN_POINT('Ctrl Pts',(83.5489152977751,2.97766439635785,20.2816928857238));
#10024=CARTESIAN_POINT('Ctrl Pts',(83.4447712677797,2.47766439635785,20.3025217711784));
#10025=CARTESIAN_POINT('Ctrl Pts',(83.4447712677797,2.97766439635785,20.3025217711784));
#10026=CARTESIAN_POINT('',(83.7155463814124,2.97766439635785,20.3858369157191));
#10027=CARTESIAN_POINT('Ctrl Pts',(83.7155463814124,2.97766439635785,20.3858369157191));
#10028=CARTESIAN_POINT('Ctrl Pts',(83.6530593277705,2.97766439635785,20.3233506566331));
#10029=CARTESIAN_POINT('Ctrl Pts',(83.5489152977751,2.97766439635785,20.2816928857238));
#10030=CARTESIAN_POINT('Ctrl Pts',(83.4447712677797,2.97766439635785,20.3025217711784));
#10031=CARTESIAN_POINT('',(83.7155463814124,2.47766439635785,20.3858369157191));
#10032=CARTESIAN_POINT('Ctrl Pts',(83.798861923231,2.47766439635785,20.6566112347958));
#10033=CARTESIAN_POINT('Ctrl Pts',(83.798861923231,2.97766439635785,20.6566112347958));
#10034=CARTESIAN_POINT('Ctrl Pts',(83.8196904114077,2.47766439635785,20.5524672048005));
#10035=CARTESIAN_POINT('Ctrl Pts',(83.8196904114077,2.97766439635785,20.5524672048005));
#10036=CARTESIAN_POINT('Ctrl Pts',(83.7780334350543,2.47766439635785,20.4483231748051));
#10037=CARTESIAN_POINT('Ctrl Pts',(83.7780334350543,2.97766439635785,20.4483231748051));
#10038=CARTESIAN_POINT('Ctrl Pts',(83.7155463814124,2.47766439635785,20.3858369157191));
#10039=CARTESIAN_POINT('Ctrl Pts',(83.7155463814124,2.97766439635785,20.3858369157191));
#10040=CARTESIAN_POINT('',(83.798861923231,2.97766439635785,20.6566112347958));
#10041=CARTESIAN_POINT('Ctrl Pts',(83.798861923231,2.97766439635785,20.6566112347958));
#10042=CARTESIAN_POINT('Ctrl Pts',(83.8196904114077,2.97766439635785,20.5524672048005));
#10043=CARTESIAN_POINT('Ctrl Pts',(83.7780334350543,2.97766439635785,20.4483231748051));
#10044=CARTESIAN_POINT('Ctrl Pts',(83.7155463814124,2.97766439635785,20.3858369157191));
#10045=CARTESIAN_POINT('',(83.798861923231,2.47766439635785,20.6566112347958));
#10046=CARTESIAN_POINT('Origin',(83.3614573150729,2.47766439635785,23.3851849001297));
#10047=CARTESIAN_POINT('',(83.3614573150729,2.97766439635785,23.3851849001297));
#10048=CARTESIAN_POINT('',(83.798861923231,2.97766439635785,20.6566112347958));
#10049=CARTESIAN_POINT('',(83.3614573150729,2.47766439635785,23.3851849001297));
#10050=CARTESIAN_POINT('Ctrl Pts',(83.2781417732542,2.47766439635785,23.551815189211));
#10051=CARTESIAN_POINT('Ctrl Pts',(83.2781417732542,2.97766439635785,23.551815189211));
#10052=CARTESIAN_POINT('Ctrl Pts',(83.3198003387195,2.47766439635785,23.5101574183017));
#10053=CARTESIAN_POINT('Ctrl Pts',(83.3198003387195,2.97766439635785,23.5101574183017));
#10054=CARTESIAN_POINT('Ctrl Pts',(83.3614573150729,2.47766439635785,23.4476711592157));
#10055=CARTESIAN_POINT('Ctrl Pts',(83.3614573150729,2.97766439635785,23.4476711592157));
#10056=CARTESIAN_POINT('Ctrl Pts',(83.3614573150729,2.47766439635785,23.3851849001297));
#10057=CARTESIAN_POINT('Ctrl Pts',(83.3614573150729,2.97766439635785,23.3851849001297));
#10058=CARTESIAN_POINT('',(83.2781417732542,2.97766439635785,23.551815189211));
#10059=CARTESIAN_POINT('Ctrl Pts',(83.2781417732542,2.97766439635785,23.551815189211));
#10060=CARTESIAN_POINT('Ctrl Pts',(83.3198003387195,2.97766439635785,23.5101574183017));
#10061=CARTESIAN_POINT('Ctrl Pts',(83.3614573150729,2.97766439635785,23.4476711592157));
#10062=CARTESIAN_POINT('Ctrl Pts',(83.3614573150729,2.97766439635785,23.3851849001297));
#10063=CARTESIAN_POINT('',(83.2781417732542,2.47766439635785,23.551815189211));
#10064=CARTESIAN_POINT('Origin',(82.6873583900778,2.47766439635785,24.1274493914956));
#10065=CARTESIAN_POINT('',(82.6873583900778,2.97766439635785,24.1274493914956));
#10066=CARTESIAN_POINT('',(83.2781417732542,2.97766439635785,23.551815189211));
#10067=CARTESIAN_POINT('',(82.6873583900778,2.47766439635785,24.1274493914956));
#10068=CARTESIAN_POINT('Origin',(84.7257414739438,2.47766439635785,26.1658324753615));
#10069=CARTESIAN_POINT('',(84.7257414739438,2.97766439635785,26.1658324753615));
#10070=CARTESIAN_POINT('',(79.3831517142933,2.97766439635785,20.8232427157111));
#10071=CARTESIAN_POINT('',(84.7257414739438,2.47766439635785,26.1658324753615));
#10072=CARTESIAN_POINT('Origin',(85.8817409340263,2.47766439635785,25.0098331982578));
#10073=CARTESIAN_POINT('',(85.8817409340263,2.97766439635785,25.0098331982578));
#10074=CARTESIAN_POINT('',(80.8619982115168,2.97766439635785,30.0295751262114));
#10075=CARTESIAN_POINT('',(85.8817409340263,2.47766439635785,25.0098331982578));
#10076=CARTESIAN_POINT('Ctrl Pts',(86.1316859703704,2.47766439635785,24.9265176564391));
#10077=CARTESIAN_POINT('Ctrl Pts',(86.1316859703704,2.97766439635785,24.9265176564391));
#10078=CARTESIAN_POINT('Ctrl Pts',(86.027541940375,2.47766439635785,24.9056891682624));
#10079=CARTESIAN_POINT('Ctrl Pts',(86.027541940375,2.97766439635785,24.9056891682624));
#10080=CARTESIAN_POINT('Ctrl Pts',(85.9442279876682,2.47766439635785,24.9473469391717));
#10081=CARTESIAN_POINT('Ctrl Pts',(85.9442279876682,2.97766439635785,24.9473469391717));
#10082=CARTESIAN_POINT('Ctrl Pts',(85.8817409340263,2.47766439635785,25.0098331982578));
#10083=CARTESIAN_POINT('Ctrl Pts',(85.8817409340263,2.97766439635785,25.0098331982578));
#10084=CARTESIAN_POINT('',(86.1316859703704,2.97766439635785,24.9265176564391));
#10085=CARTESIAN_POINT('Ctrl Pts',(86.1316859703704,2.97766439635785,24.9265176564391));
#10086=CARTESIAN_POINT('Ctrl Pts',(86.027541940375,2.97766439635785,24.9056891682624));
#10087=CARTESIAN_POINT('Ctrl Pts',(85.9442279876682,2.97766439635785,24.9473469391717));
#10088=CARTESIAN_POINT('Ctrl Pts',(85.8817409340263,2.97766439635785,25.0098331982578));
#10089=CARTESIAN_POINT('',(86.1316859703704,2.47766439635785,24.9265176564391));
#10090=CARTESIAN_POINT('Ctrl Pts',(86.3608025185378,2.47766439635785,25.0514901746112));
#10091=CARTESIAN_POINT('Ctrl Pts',(86.3608025185378,2.97766439635785,25.0514901746112));
#10092=CARTESIAN_POINT('Ctrl Pts',(86.2983170540077,2.47766439635785,24.9890039155252));
#10093=CARTESIAN_POINT('Ctrl Pts',(86.2983170540077,2.97766439635785,24.9890039155252));
#10094=CARTESIAN_POINT('Ctrl Pts',(86.215001512189,2.47766439635785,24.9265176564391));
#10095=CARTESIAN_POINT('Ctrl Pts',(86.215001512189,2.97766439635785,24.9265176564391));
#10096=CARTESIAN_POINT('Ctrl Pts',(86.1316859703704,2.47766439635785,24.9265176564391));
#10097=CARTESIAN_POINT('Ctrl Pts',(86.1316859703704,2.97766439635785,24.9265176564391));
#10098=CARTESIAN_POINT('',(86.3608025185378,2.97766439635785,25.0514901746112));
#10099=CARTESIAN_POINT('Ctrl Pts',(86.3608025185378,2.97766439635785,25.0514901746112));
#10100=CARTESIAN_POINT('Ctrl Pts',(86.2983170540077,2.97766439635785,24.9890039155252));
#10101=CARTESIAN_POINT('Ctrl Pts',(86.215001512189,2.97766439635785,24.9265176564391));
#10102=CARTESIAN_POINT('Ctrl Pts',(86.1316859703704,2.97766439635785,24.9265176564391));
#10103=CARTESIAN_POINT('',(86.3608025185378,2.47766439635785,25.0514901746112));
#10104=CARTESIAN_POINT('Origin',(87.7563318848308,2.47766439635785,26.9677404854368));
#10105=CARTESIAN_POINT('',(87.7563318848308,2.97766439635785,26.9677404854368));
#10106=CARTESIAN_POINT('',(86.3608025185378,2.97766439635785,25.0514901746112));
#10107=CARTESIAN_POINT('',(87.7563318848308,2.47766439635785,26.9677404854368));
#10108=CARTESIAN_POINT('Ctrl Pts',(87.7146749084774,2.47766439635785,27.3634881172415));
#10109=CARTESIAN_POINT('Ctrl Pts',(87.7146749084774,2.97766439635785,27.3634881172415));
#10110=CARTESIAN_POINT('Ctrl Pts',(87.8396474266495,2.47766439635785,27.2593440872462));
#10111=CARTESIAN_POINT('Ctrl Pts',(87.8396474266495,2.97766439635785,27.2593440872462));
#10112=CARTESIAN_POINT('Ctrl Pts',(87.8396474266495,2.47766439635785,27.0927130036089));
#10113=CARTESIAN_POINT('Ctrl Pts',(87.8396474266495,2.97766439635785,27.0927130036089));
#10114=CARTESIAN_POINT('Ctrl Pts',(87.7563318848308,2.47766439635785,26.9677404854368));
#10115=CARTESIAN_POINT('Ctrl Pts',(87.7563318848308,2.97766439635785,26.9677404854368));
#10116=CARTESIAN_POINT('',(87.7146749084774,2.97766439635785,27.3634881172415));
#10117=CARTESIAN_POINT('Ctrl Pts',(87.7146749084774,2.97766439635785,27.3634881172415));
#10118=CARTESIAN_POINT('Ctrl Pts',(87.8396474266495,2.97766439635785,27.2593440872462));
#10119=CARTESIAN_POINT('Ctrl Pts',(87.8396474266495,2.97766439635785,27.0927130036089));
#10120=CARTESIAN_POINT('Ctrl Pts',(87.7563318848308,2.97766439635785,26.9677404854368));
#10121=CARTESIAN_POINT('',(87.7146749084774,2.47766439635785,27.3634881172415));
#10122=CARTESIAN_POINT('Origin',(86.3847245975483,2.47766439635785,28.6996239132121));
#10123=CARTESIAN_POINT('',(86.3847245975483,2.97766439635785,28.6996239132121));
#10124=CARTESIAN_POINT('',(87.7146749084774,2.97766439635785,27.3634881172415));
#10125=CARTESIAN_POINT('',(86.3847245975483,2.47766439635785,28.6996239132121));
#10126=CARTESIAN_POINT('Origin',(87.7355033966541,2.47766439635785,30.0504020252763));
#10127=CARTESIAN_POINT('',(87.7355033966541,2.97766439635785,30.0504020252763));
#10128=CARTESIAN_POINT('',(86.1733429467239,2.97766439635785,28.4882423699019));
#10129=CARTESIAN_POINT('',(87.7355033966541,2.47766439635785,30.0504020252763));
#10130=CARTESIAN_POINT('Ctrl Pts',(87.8112659836385,2.47766439635785,30.1678231777259));
#10131=CARTESIAN_POINT('Ctrl Pts',(87.8112659836385,2.97766439635785,30.1678231777259));
#10132=CARTESIAN_POINT('Ctrl Pts',(87.7958859978976,2.47766439635785,30.1255960041794));
#10133=CARTESIAN_POINT('Ctrl Pts',(87.7958859978976,2.97766439635785,30.1255960041794));
#10134=CARTESIAN_POINT('Ctrl Pts',(87.7706318022362,2.47766439635785,30.0855304308583));
#10135=CARTESIAN_POINT('Ctrl Pts',(87.7706318022362,2.97766439635785,30.0855304308583));
#10136=CARTESIAN_POINT('Ctrl Pts',(87.7355033966541,2.47766439635785,30.0504020252763));
#10137=CARTESIAN_POINT('Ctrl Pts',(87.7355033966541,2.97766439635785,30.0504020252763));
#10138=CARTESIAN_POINT('',(87.8112659836385,2.97766439635785,30.1678231777259));
#10139=CARTESIAN_POINT('Ctrl Pts',(87.8112659836384,2.97766439635785,30.1678231777259));
#10140=CARTESIAN_POINT('Ctrl Pts',(87.7958859978976,2.97766439635785,30.1255960041794));
#10141=CARTESIAN_POINT('Ctrl Pts',(87.7706318022362,2.97766439635785,30.0855304308583));
#10142=CARTESIAN_POINT('Ctrl Pts',(87.7355033966541,2.97766439635785,30.0504020252763));
#10143=CARTESIAN_POINT('',(87.8112659836385,2.47766439635785,30.1678231777259));
#10144=CARTESIAN_POINT('Origin',(88.7144582320775,2.47766439635785,31.0710154261649));
#10145=CARTESIAN_POINT('',(88.7144582320775,2.97766439635785,31.0710154261649));
#10146=CARTESIAN_POINT('',(87.7146749084774,2.97766439635785,30.0712321025648));
#10147=CARTESIAN_POINT('',(88.7144582320775,2.47766439635785,31.0710154261649));
#10148=CARTESIAN_POINT('Ctrl Pts',(88.7144582320775,2.47766439635785,31.508420034323));
#10149=CARTESIAN_POINT('Ctrl Pts',(88.7144582320775,2.97766439635785,31.508420034323));
#10150=CARTESIAN_POINT('Ctrl Pts',(88.8394307502496,2.47766439635785,31.383447516151));
#10151=CARTESIAN_POINT('Ctrl Pts',(88.8394307502496,2.97766439635785,31.383447516151));
#10152=CARTESIAN_POINT('Ctrl Pts',(88.8394307502496,2.47766439635785,31.195987944337));
#10153=CARTESIAN_POINT('Ctrl Pts',(88.8394307502496,2.97766439635785,31.195987944337));
#10154=CARTESIAN_POINT('Ctrl Pts',(88.7144582320775,2.47766439635785,31.0710154261649));
#10155=CARTESIAN_POINT('Ctrl Pts',(88.7144582320775,2.97766439635785,31.0710154261649));
#10156=CARTESIAN_POINT('',(88.7144582320775,2.97766439635785,31.508420034323));
#10157=CARTESIAN_POINT('Ctrl Pts',(88.7144582320775,2.97766439635785,31.508420034323));
#10158=CARTESIAN_POINT('Ctrl Pts',(88.8394307502496,2.97766439635785,31.383447516151));
#10159=CARTESIAN_POINT('Ctrl Pts',(88.8394307502496,2.97766439635785,31.195987944337));
#10160=CARTESIAN_POINT('Ctrl Pts',(88.7144582320775,2.97766439635785,31.0710154261649));
#10161=CARTESIAN_POINT('',(88.7144582320775,2.47766439635785,31.508420034323));
#10162=CARTESIAN_POINT('Origin',(87.3189288657845,2.47766439635785,32.8831209124393));
#10163=CARTESIAN_POINT('',(87.3189288657845,2.97766439635785,32.8831209124393));
#10164=CARTESIAN_POINT('',(88.7144582320775,2.97766439635785,31.508420034323));
#10165=CARTESIAN_POINT('',(87.3189288657845,2.47766439635785,32.8831209124393));
#10166=CARTESIAN_POINT('Ctrl Pts',(87.1106408057938,2.47766439635785,32.9872649424347));
#10167=CARTESIAN_POINT('Ctrl Pts',(87.1106408057938,2.97766439635785,32.9872649424347));
#10168=CARTESIAN_POINT('Ctrl Pts',(87.1939547585006,2.47766439635785,32.9872649424347));
#10169=CARTESIAN_POINT('Ctrl Pts',(87.1939547585006,2.97766439635785,32.9872649424347));
#10170=CARTESIAN_POINT('Ctrl Pts',(87.2564418121426,2.47766439635785,32.9456079660812));
#10171=CARTESIAN_POINT('Ctrl Pts',(87.2564418121426,2.97766439635785,32.9456079660812));
#10172=CARTESIAN_POINT('Ctrl Pts',(87.3189288657845,2.47766439635785,32.8831209124393));
#10173=CARTESIAN_POINT('Ctrl Pts',(87.3189288657845,2.97766439635785,32.8831209124393));
#10174=CARTESIAN_POINT('',(87.1106408057938,2.97766439635785,32.9872649424347));
#10175=CARTESIAN_POINT('Ctrl Pts',(87.1106408057938,2.97766439635785,32.9872649424347));
#10176=CARTESIAN_POINT('Ctrl Pts',(87.1939547585006,2.97766439635785,32.9872649424347));
#10177=CARTESIAN_POINT('Ctrl Pts',(87.2564418121426,2.97766439635785,32.9456079660812));
#10178=CARTESIAN_POINT('Ctrl Pts',(87.3189288657845,2.97766439635785,32.8831209124393));
#10179=CARTESIAN_POINT('',(87.1106408057938,2.47766439635785,32.9872649424347));
#10180=CARTESIAN_POINT('Ctrl Pts',(86.8815242576264,2.47766439635785,32.903949400616));
#10181=CARTESIAN_POINT('Ctrl Pts',(86.8815242576264,2.97766439635785,32.903949400616));
#10182=CARTESIAN_POINT('Ctrl Pts',(86.9440097221565,2.47766439635785,32.966436454258));
#10183=CARTESIAN_POINT('Ctrl Pts',(86.9440097221565,2.97766439635785,32.966436454258));
#10184=CARTESIAN_POINT('Ctrl Pts',(87.0273252639751,2.47766439635785,32.9872649424347));
#10185=CARTESIAN_POINT('Ctrl Pts',(87.0273252639751,2.97766439635785,32.9872649424347));
#10186=CARTESIAN_POINT('Ctrl Pts',(87.1106408057938,2.47766439635785,32.9872649424347));
#10187=CARTESIAN_POINT('Ctrl Pts',(87.1106408057938,2.97766439635785,32.9872649424347));
#10188=CARTESIAN_POINT('',(86.8815242576264,2.97766439635785,32.903949400616));
#10189=CARTESIAN_POINT('Ctrl Pts',(86.8815242576264,2.97766439635785,32.903949400616));
#10190=CARTESIAN_POINT('Ctrl Pts',(86.9440097221565,2.97766439635785,32.966436454258));
#10191=CARTESIAN_POINT('Ctrl Pts',(87.0273252639751,2.97766439635785,32.9872649424347));
#10192=CARTESIAN_POINT('Ctrl Pts',(87.1106408057938,2.97766439635785,32.9872649424347));
#10193=CARTESIAN_POINT('',(86.8815242576264,2.47766439635785,32.903949400616));
#10194=CARTESIAN_POINT('Origin',(84.5352625287618,2.47766439635785,30.5576876717515));
#10195=CARTESIAN_POINT('',(84.5352625287618,2.97766439635785,30.5576876717515));
#10196=CARTESIAN_POINT('',(85.8817409340263,2.97766439635785,31.9041660770159));
#10197=CARTESIAN_POINT('',(84.5352625287618,2.47766439635785,30.5576876717515));
#10198=CARTESIAN_POINT('Origin',(83.2364816186773,2.47766439635785,31.8625091006625));
#10199=CARTESIAN_POINT('',(83.2364816186773,2.97766439635785,31.8625091006625));
#10200=CARTESIAN_POINT('',(87.7146749084774,2.97766439635785,27.3634881172415));
#10201=CARTESIAN_POINT('',(83.2364816186773,2.47766439635785,31.8625091006625));
#10202=CARTESIAN_POINT('Ctrl Pts',(83.0073650705098,2.47766439635785,31.9666531306579));
#10203=CARTESIAN_POINT('Ctrl Pts',(83.0073650705098,2.97766439635785,31.9666531306579));
#10204=CARTESIAN_POINT('Ctrl Pts',(83.0906806123285,2.47766439635785,31.9666531306579));
#10205=CARTESIAN_POINT('Ctrl Pts',(83.0906806123285,2.97766439635785,31.9666531306579));
#10206=CARTESIAN_POINT('Ctrl Pts',(83.1739961541471,2.47766439635785,31.9249961543044));
#10207=CARTESIAN_POINT('Ctrl Pts',(83.1739961541471,2.97766439635785,31.9249961543044));
#10208=CARTESIAN_POINT('Ctrl Pts',(83.2364816186773,2.47766439635785,31.8625091006625));
#10209=CARTESIAN_POINT('Ctrl Pts',(83.2364816186773,2.97766439635785,31.8625091006625));
#10210=CARTESIAN_POINT('',(83.0073650705098,2.97766439635785,31.9666531306579));
#10211=CARTESIAN_POINT('Ctrl Pts',(83.0073650705098,2.97766439635785,31.9666531306579));
#10212=CARTESIAN_POINT('Ctrl Pts',(83.0906806123285,2.97766439635785,31.9666531306579));
#10213=CARTESIAN_POINT('Ctrl Pts',(83.1739961541471,2.97766439635785,31.9249961543044));
#10214=CARTESIAN_POINT('Ctrl Pts',(83.2364816186773,2.97766439635785,31.8625091006625));
#10215=CARTESIAN_POINT('',(83.0073650705098,2.47766439635785,31.9666531306579));
#10216=CARTESIAN_POINT('Ctrl Pts',(82.8199054986958,2.47766439635785,31.9041660770159));
#10217=CARTESIAN_POINT('Ctrl Pts',(82.8199054986958,2.97766439635785,31.9041660770159));
#10218=CARTESIAN_POINT('Ctrl Pts',(82.8823925523378,2.47766439635785,31.9458246424811));
#10219=CARTESIAN_POINT('Ctrl Pts',(82.8823925523378,2.97766439635785,31.9458246424811));
#10220=CARTESIAN_POINT('Ctrl Pts',(82.9448780168679,2.47766439635785,31.9666531306579));
#10221=CARTESIAN_POINT('Ctrl Pts',(82.9448780168679,2.97766439635785,31.9666531306579));
#10222=CARTESIAN_POINT('Ctrl Pts',(83.0073650705098,2.47766439635785,31.9666531306579));
#10223=CARTESIAN_POINT('Ctrl Pts',(83.0073650705098,2.97766439635785,31.9666531306579));
#10224=CARTESIAN_POINT('',(82.8199054986958,2.97766439635785,31.9041660770159));
#10225=CARTESIAN_POINT('Ctrl Pts',(82.8199054986958,2.97766439635785,31.9041660770159));
#10226=CARTESIAN_POINT('Ctrl Pts',(82.8823925523378,2.97766439635785,31.9458246424811));
#10227=CARTESIAN_POINT('Ctrl Pts',(82.9448780168679,2.97766439635785,31.9666531306579));
#10228=CARTESIAN_POINT('Ctrl Pts',(83.0073650705098,2.97766439635785,31.9666531306579));
#10229=CARTESIAN_POINT('',(82.8199054986958,2.47766439635785,31.9041660770159));
#10230=CARTESIAN_POINT('Origin',(80.9036551878702,2.47766439635785,30.5086367107229));
#10231=CARTESIAN_POINT('',(80.9036551878702,2.97766439635785,30.5086367107229));
#10232=CARTESIAN_POINT('',(82.8199054986958,2.97766439635785,31.9041660770159));
#10233=CARTESIAN_POINT('',(80.9036551878702,2.47766439635785,30.5086367107229));
#10234=CARTESIAN_POINT('Ctrl Pts',(80.7786826696981,2.47766439635785,30.2795201625555));
#10235=CARTESIAN_POINT('Ctrl Pts',(80.7786826696981,2.97766439635785,30.2795201625555));
#10236=CARTESIAN_POINT('Ctrl Pts',(80.7786826696981,2.47766439635785,30.3628357043741));
#10237=CARTESIAN_POINT('Ctrl Pts',(80.7786826696981,2.97766439635785,30.3628357043741));
#10238=CARTESIAN_POINT('Ctrl Pts',(80.8203396460516,2.47766439635785,30.446149657081));
#10239=CARTESIAN_POINT('Ctrl Pts',(80.8203396460516,2.97766439635785,30.446149657081));
#10240=CARTESIAN_POINT('Ctrl Pts',(80.9036551878702,2.47766439635785,30.5086367107229));
#10241=CARTESIAN_POINT('Ctrl Pts',(80.9036551878702,2.97766439635785,30.5086367107229));
#10242=CARTESIAN_POINT('',(80.7786826696981,2.97766439635785,30.2795201625555));
#10243=CARTESIAN_POINT('Ctrl Pts',(80.7786826696981,2.97766439635785,30.2795201625555));
#10244=CARTESIAN_POINT('Ctrl Pts',(80.7786826696981,2.97766439635785,30.3628357043741));
#10245=CARTESIAN_POINT('Ctrl Pts',(80.8203396460516,2.97766439635785,30.446149657081));
#10246=CARTESIAN_POINT('Ctrl Pts',(80.9036551878702,2.97766439635785,30.5086367107229));
#10247=CARTESIAN_POINT('',(80.7786826696981,2.47766439635785,30.2795201625555));
#10248=CARTESIAN_POINT('Ctrl Pts',(80.8619982115168,2.47766439635785,30.0295751262114));
#10249=CARTESIAN_POINT('Ctrl Pts',(80.8619982115168,2.97766439635785,30.0295751262114));
#10250=CARTESIAN_POINT('Ctrl Pts',(80.7995111578748,2.47766439635785,30.0920605907415));
#10251=CARTESIAN_POINT('Ctrl Pts',(80.7995111578748,2.97766439635785,30.0920605907415));
#10252=CARTESIAN_POINT('Ctrl Pts',(80.7786826696981,2.47766439635785,30.1962046207369));
#10253=CARTESIAN_POINT('Ctrl Pts',(80.7786826696981,2.97766439635785,30.1962046207369));
#10254=CARTESIAN_POINT('Ctrl Pts',(80.7786826696981,2.47766439635785,30.2795201625555));
#10255=CARTESIAN_POINT('Ctrl Pts',(80.7786826696981,2.97766439635785,30.2795201625555));
#10256=CARTESIAN_POINT('',(80.8619982115168,2.97766439635785,30.0295751262114));
#10257=CARTESIAN_POINT('Ctrl Pts',(80.8619982115168,2.97766439635785,30.0295751262114));
#10258=CARTESIAN_POINT('Ctrl Pts',(80.7995111578748,2.97766439635785,30.0920605907415));
#10259=CARTESIAN_POINT('Ctrl Pts',(80.7786826696981,2.97766439635785,30.1962046207369));
#10260=CARTESIAN_POINT('Ctrl Pts',(80.7786826696981,2.97766439635785,30.2795201625555));
#10261=CARTESIAN_POINT('',(80.8619982115168,2.47766439635785,30.0295751262114));
#10262=CARTESIAN_POINT('Origin',(81.9971691505276,2.47766439635785,28.8944043668824));
#10263=CARTESIAN_POINT('',(81.9971691505276,2.97766439635785,28.8944043668824));
#10264=CARTESIAN_POINT('',(80.8619982115168,2.97766439635785,30.0295751262114));
#10265=CARTESIAN_POINT('',(81.9971691505276,2.47766439635785,28.8944043668824));
#10266=CARTESIAN_POINT('Origin',(79.9663598250756,2.47766439635785,26.8635956217242));
#10267=CARTESIAN_POINT('',(79.9663598250756,2.97766439635785,26.8635956217242));
#10268=CARTESIAN_POINT('',(82.2158713960122,2.97766439635785,29.113106549874));
#10269=CARTESIAN_POINT('',(79.9663598250756,2.47766439635785,26.8635956217242));
#10270=CARTESIAN_POINT('Origin',(77.9355514897825,2.47766439635785,28.8944046080189));
#10271=CARTESIAN_POINT('',(77.9355514897825,2.97766439635785,28.8944046080189));
#10272=CARTESIAN_POINT('',(80.1954762606353,2.97766439635785,26.6344791127182));
#10273=CARTESIAN_POINT('',(77.9355514897825,2.47766439635785,28.8944046080189));
#10274=CARTESIAN_POINT('Origin',(79.0915504961517,2.47766439635785,30.0504036143881));
#10275=CARTESIAN_POINT('',(79.0915504961517,2.97766439635785,30.0504036143881));
#10276=CARTESIAN_POINT('',(74.0718077736421,2.97766439635785,25.0306608918786));
#10277=CARTESIAN_POINT('',(79.0915504961517,2.47766439635785,30.0504036143881));
#10278=CARTESIAN_POINT('Ctrl Pts',(79.1748660379703,2.47766439635785,30.3003486507322));
#10279=CARTESIAN_POINT('Ctrl Pts',(79.1748660379703,2.97766439635785,30.3003486507322));
#10280=CARTESIAN_POINT('Ctrl Pts',(79.195694526147,2.47766439635785,30.1962046207369));
#10281=CARTESIAN_POINT('Ctrl Pts',(79.195694526147,2.97766439635785,30.1962046207369));
#10282=CARTESIAN_POINT('Ctrl Pts',(79.1540367552377,2.47766439635785,30.11289066803));
#10283=CARTESIAN_POINT('Ctrl Pts',(79.1540367552377,2.97766439635785,30.11289066803));
#10284=CARTESIAN_POINT('Ctrl Pts',(79.0915504961517,2.47766439635785,30.0504036143881));
#10285=CARTESIAN_POINT('Ctrl Pts',(79.0915504961517,2.97766439635785,30.0504036143881));
#10286=CARTESIAN_POINT('',(79.1748660379703,2.97766439635785,30.3003486507322));
#10287=CARTESIAN_POINT('Ctrl Pts',(79.1748660379703,2.97766439635785,30.3003486507322));
#10288=CARTESIAN_POINT('Ctrl Pts',(79.195694526147,2.97766439635785,30.1962046207369));
#10289=CARTESIAN_POINT('Ctrl Pts',(79.1540367552377,2.97766439635785,30.11289066803));
#10290=CARTESIAN_POINT('Ctrl Pts',(79.0915504961517,2.97766439635785,30.0504036143881));
#10291=CARTESIAN_POINT('',(79.1748660379703,2.47766439635785,30.3003486507322));
#10292=CARTESIAN_POINT('Ctrl Pts',(79.0498935197982,2.47766439635785,30.5294651988996));
#10293=CARTESIAN_POINT('Ctrl Pts',(79.0498935197982,2.97766439635785,30.5294651988996));
#10294=CARTESIAN_POINT('Ctrl Pts',(79.1123797788843,2.47766439635785,30.4669797343695));
#10295=CARTESIAN_POINT('Ctrl Pts',(79.1123797788843,2.97766439635785,30.4669797343695));
#10296=CARTESIAN_POINT('Ctrl Pts',(79.1748660379703,2.47766439635785,30.3836641925509));
#10297=CARTESIAN_POINT('Ctrl Pts',(79.1748660379703,2.97766439635785,30.3836641925509));
#10298=CARTESIAN_POINT('Ctrl Pts',(79.1748660379703,2.47766439635785,30.3003486507322));
#10299=CARTESIAN_POINT('Ctrl Pts',(79.1748660379703,2.97766439635785,30.3003486507322));
#10300=CARTESIAN_POINT('',(79.0498935197982,2.97766439635785,30.5294651988996));
#10301=CARTESIAN_POINT('Ctrl Pts',(79.0498935197982,2.97766439635785,30.5294651988996));
#10302=CARTESIAN_POINT('Ctrl Pts',(79.1123797788843,2.97766439635785,30.4669797343695));
#10303=CARTESIAN_POINT('Ctrl Pts',(79.1748660379703,2.97766439635785,30.3836641925509));
#10304=CARTESIAN_POINT('Ctrl Pts',(79.1748660379703,2.97766439635785,30.3003486507322));
#10305=CARTESIAN_POINT('',(79.0498935197982,2.47766439635785,30.5294651988996));
#10306=CARTESIAN_POINT('Origin',(77.1336432089726,2.47766439635785,31.9249945651926));
#10307=CARTESIAN_POINT('',(77.1336432089726,2.97766439635785,31.9249945651926));
#10308=CARTESIAN_POINT('',(79.0498935197982,2.97766439635785,30.5294651988996));
#10309=CARTESIAN_POINT('',(77.1336432089726,2.47766439635785,31.9249945651926));
#10310=CARTESIAN_POINT('Ctrl Pts',(76.925354354426,2.47766439635785,31.9666531306579));
#10311=CARTESIAN_POINT('Ctrl Pts',(76.925354354426,2.97766439635785,31.9666531306579));
#10312=CARTESIAN_POINT('Ctrl Pts',(76.987840613512,2.47766439635785,31.9666531306579));
#10313=CARTESIAN_POINT('Ctrl Pts',(76.987840613512,2.97766439635785,31.9666531306579));
#10314=CARTESIAN_POINT('Ctrl Pts',(77.050326872598,2.47766439635785,31.9458246424811));
#10315=CARTESIAN_POINT('Ctrl Pts',(77.050326872598,2.97766439635785,31.9458246424811));
#10316=CARTESIAN_POINT('Ctrl Pts',(77.1336432089726,2.47766439635785,31.9249945651926));
#10317=CARTESIAN_POINT('Ctrl Pts',(77.1336432089726,2.97766439635785,31.9249945651926));
#10318=CARTESIAN_POINT('',(76.925354354426,2.97766439635785,31.9666531306579));
#10319=CARTESIAN_POINT('Ctrl Pts',(76.925354354426,2.97766439635785,31.9666531306579));
#10320=CARTESIAN_POINT('Ctrl Pts',(76.987840613512,2.97766439635785,31.9666531306579));
#10321=CARTESIAN_POINT('Ctrl Pts',(77.050326872598,2.97766439635785,31.9458246424811));
#10322=CARTESIAN_POINT('Ctrl Pts',(77.1336432089726,2.97766439635785,31.9249945651926));
#10323=CARTESIAN_POINT('',(76.925354354426,2.47766439635785,31.9666531306579));
#10324=CARTESIAN_POINT('Ctrl Pts',(76.6962378062586,2.47766439635785,31.8833375888392));
#10325=CARTESIAN_POINT('Ctrl Pts',(76.6962378062586,2.97766439635785,31.8833375888392));
#10326=CARTESIAN_POINT('Ctrl Pts',(76.7587240653446,2.47766439635785,31.9458246424811));
#10327=CARTESIAN_POINT('Ctrl Pts',(76.7587240653446,2.97766439635785,31.9458246424811));
#10328=CARTESIAN_POINT('Ctrl Pts',(76.8420388126074,2.47766439635785,31.9666531306579));
#10329=CARTESIAN_POINT('Ctrl Pts',(76.8420388126074,2.97766439635785,31.9666531306579));
#10330=CARTESIAN_POINT('Ctrl Pts',(76.925354354426,2.47766439635785,31.9666531306579));
#10331=CARTESIAN_POINT('Ctrl Pts',(76.925354354426,2.97766439635785,31.9666531306579));
#10332=CARTESIAN_POINT('',(76.6962378062586,2.97766439635785,31.8833375888392));
#10333=CARTESIAN_POINT('Ctrl Pts',(76.6962378062586,2.97766439635785,31.8833375888392));
#10334=CARTESIAN_POINT('Ctrl Pts',(76.7587240653446,2.97766439635785,31.9458246424811));
#10335=CARTESIAN_POINT('Ctrl Pts',(76.8420388126074,2.97766439635785,31.9666531306579));
#10336=CARTESIAN_POINT('Ctrl Pts',(76.925354354426,2.97766439635785,31.9666531306579));
#10337=CARTESIAN_POINT('',(76.6962378062586,2.47766439635785,31.8833375888392));
#10338=CARTESIAN_POINT('Origin',(75.4004917709486,2.47766439635785,30.5754820797094));
#10339=CARTESIAN_POINT('',(75.4004917709486,2.97766439635785,30.5754820797094));
#10340=CARTESIAN_POINT('',(76.6962378062586,2.97766439635785,31.8833375888392));
#10341=CARTESIAN_POINT('',(75.4004917709486,2.47766439635785,30.5754820797094));
#10342=CARTESIAN_POINT('Origin',(74.0509792854654,2.47766439635785,31.9249945651926));
#10343=CARTESIAN_POINT('',(74.0509792854654,2.97766439635785,31.9249945651926));
#10344=CARTESIAN_POINT('',(75.6131397353957,2.97766439635785,30.3628341152624));
#10345=CARTESIAN_POINT('',(74.0509792854654,2.47766439635785,31.9249945651926));
#10346=CARTESIAN_POINT('Ctrl Pts',(73.9847918541242,2.47766439635785,31.9495242624389));
#10347=CARTESIAN_POINT('Ctrl Pts',(73.9847918541242,2.97766439635785,31.9495242624389));
#10348=CARTESIAN_POINT('Ctrl Pts',(74.0085520038409,2.47766439635785,31.9405789301389));
#10349=CARTESIAN_POINT('Ctrl Pts',(74.0085520038409,2.97766439635785,31.9405789301389));
#10350=CARTESIAN_POINT('Ctrl Pts',(74.0308466787524,2.47766439635785,31.931705775426));
#10351=CARTESIAN_POINT('Ctrl Pts',(74.0308466787524,2.97766439635785,31.931705775426));
#10352=CARTESIAN_POINT('Ctrl Pts',(74.0509792854654,2.47766439635785,31.9249945651926));
#10353=CARTESIAN_POINT('Ctrl Pts',(74.0509792854654,2.97766439635785,31.9249945651926));
#10354=CARTESIAN_POINT('',(73.9847918541242,2.97766439635785,31.9495242624389));
#10355=CARTESIAN_POINT('Ctrl Pts',(73.9847918541242,2.97766439635785,31.9495242624389));
#10356=CARTESIAN_POINT('Ctrl Pts',(74.0085520038409,2.97766439635785,31.9405789301389));
#10357=CARTESIAN_POINT('Ctrl Pts',(74.0308466787524,2.97766439635785,31.931705775426));
#10358=CARTESIAN_POINT('Ctrl Pts',(74.0509792854654,2.97766439635785,31.9249945651926));
#10359=CARTESIAN_POINT('',(73.9847918541242,2.47766439635785,31.9495242624389));
#10360=CARTESIAN_POINT('Origin',(73.0511959618653,2.47766439635785,32.8831209124393));
#10361=CARTESIAN_POINT('',(74.0301500027328,2.97766439635785,31.9041660770159));
#10362=CARTESIAN_POINT('Origin',(79.9559451207614,2.97766439635785,26.6344789140792));
#10363=CARTESIAN_POINT('Origin',(76.7756368026643,2.47766439635785,47.5208183065282));
#10364=CARTESIAN_POINT('Origin',(76.7756368026643,2.47766439635785,47.5208183065282));
#10365=CARTESIAN_POINT('Origin',(76.7756368026643,2.47766439635785,47.5208183065282));
#10366=CARTESIAN_POINT('Origin',(76.7756368026643,2.47766439635785,47.5208183065282));
#10367=CARTESIAN_POINT('Origin',(76.7756368026643,2.47766439635785,47.5208183065282));
#10368=CARTESIAN_POINT('Origin',(76.7756368026643,2.47766439635785,47.5208183065282));
#10369=CARTESIAN_POINT('Origin',(76.7756368026643,2.47766439635785,47.5208183065282));
#10370=CARTESIAN_POINT('Origin',(76.7756368026643,2.47766439635785,47.5208183065282));
#10371=CARTESIAN_POINT('Origin',(76.7756368026643,2.47766439635785,47.5208183065282));
#10372=CARTESIAN_POINT('Origin',(61.5000010728836,2.47766439635785,46.));
#10373=CARTESIAN_POINT('',(65.5000010728836,-0.522335603642148,46.));
#10374=CARTESIAN_POINT('',(65.5000010728836,2.47766439635785,46.));
#10375=CARTESIAN_POINT('',(61.5000010728836,-0.522335603642148,50.));
#10376=CARTESIAN_POINT('Origin',(61.5000010728836,-0.522335603642148,46.));
#10377=CARTESIAN_POINT('',(61.5000010728836,2.47766439635785,50.));
#10378=CARTESIAN_POINT('Origin',(65.5000010728836,2.47766439635785,25.0000003576279));
#10379=CARTESIAN_POINT('',(65.5000010728836,-0.522335603642148,25.0000003576279));
#10380=CARTESIAN_POINT('',(65.5000010728836,2.47766439635785,25.0000003576279));
#10381=CARTESIAN_POINT('',(65.5000010728836,-0.522335603642148,36.260409332078));
#10382=CARTESIAN_POINT('Origin',(59.5000010728836,2.47766439635785,25.0000003576279));
#10383=CARTESIAN_POINT('',(59.5000010728836,-0.522335603642148,19.0000003576279));
#10384=CARTESIAN_POINT('Origin',(59.5000010728836,-0.522335603642148,25.0000003576279));
#10385=CARTESIAN_POINT('',(59.5000010728836,2.47766439635785,19.0000003576279));
#10386=CARTESIAN_POINT('Origin',(27.4979582235497,2.47766439635785,19.0000003576279));
#10387=CARTESIAN_POINT('',(27.4979582235497,-0.522335603642148,19.0000003576279));
#10388=CARTESIAN_POINT('',(27.4979582235497,2.47766439635785,19.0000003576279));
#10389=CARTESIAN_POINT('',(52.136797513107,-0.522335603642148,19.0000003576279));
#10390=CARTESIAN_POINT('Origin',(64.0000010728836,2.47766439635785,50.));
#10391=CARTESIAN_POINT('',(52.1589463072071,-0.522335603642148,50.));
#10392=CARTESIAN_POINT('',(70.3878189377739,-0.522335603642148,50.));
#10393=CARTESIAN_POINT('',(52.1589463072071,2.47766439635785,50.));
#10394=CARTESIAN_POINT('Origin',(121.591001370907,1.47766439635785,35.0104093469792));
#10395=CARTESIAN_POINT('',(120.591001370907,0.477664396357853,22.5000003874302));
#10396=CARTESIAN_POINT('',(122.591001370907,2.47766439635785,20.5000003874302));
#10397=CARTESIAN_POINT('',(120.591001370907,0.477664396357853,29.5000003874302));
#10398=CARTESIAN_POINT('',(120.591001370907,0.477664396357853,35.0104093469792));
#10399=CARTESIAN_POINT('',(120.591001370907,0.477664396357853,29.5000003874302));
#10400=CARTESIAN_POINT('Origin',(86.6833190867855,1.47766439635785,21.5000003874302));
#10401=CARTESIAN_POINT('',(96.5910013709068,0.477664396357853,22.5000003874302));
#10402=CARTESIAN_POINT('',(86.6833190867855,0.477664396357853,22.5000003874302));
#10403=CARTESIAN_POINT('',(94.5910013709068,2.47766439635785,20.5000003874302));
#10404=CARTESIAN_POINT('Origin',(98.6833190867856,1.47766439635785,30.5000003874302));
#10405=CARTESIAN_POINT('',(96.5910013709068,0.477664396357853,29.5000003874302));
#10406=CARTESIAN_POINT('',(98.6833190867856,0.477664396357853,29.5000003874302));
#10407=CARTESIAN_POINT('',(94.5910013709068,2.47766439635785,31.5000003874302));
#10408=CARTESIAN_POINT('Origin',(95.5910013709068,1.47766439635785,38.5104093469792));
#10409=CARTESIAN_POINT('',(96.5910013709068,0.477664396357853,38.5104093469792));
#10410=CARTESIAN_POINT('Origin',(120.591001370907,2.47766439635785,29.5000003874302));
#10411=CARTESIAN_POINT('',(120.591001370907,-0.522335603642148,29.5000003874302));
#10412=CARTESIAN_POINT('',(120.591001370907,2.47766439635785,29.5000003874302));
#10413=CARTESIAN_POINT('',(96.5910013709068,-0.522335603642148,29.5000003874302));
#10414=CARTESIAN_POINT('',(99.6833190867855,-0.522335603642148,29.5000003874302));
#10415=CARTESIAN_POINT('',(96.5910013709068,2.47766439635785,29.5000003874302));
#10416=CARTESIAN_POINT('Origin',(120.591001370907,2.47766439635785,22.5000003874302));
#10417=CARTESIAN_POINT('',(120.591001370907,-0.522335603642148,22.5000003874302));
#10418=CARTESIAN_POINT('',(120.591001370907,2.47766439635785,22.5000003874302));
#10419=CARTESIAN_POINT('',(120.591001370907,-0.522335603642148,33.2604093469792));
#10420=CARTESIAN_POINT('Origin',(96.5910013709068,2.47766439635785,22.5000003874302));
#10421=CARTESIAN_POINT('',(96.5910013709068,-0.522335603642148,22.5000003874302));
#10422=CARTESIAN_POINT('',(96.5910013709068,2.47766439635785,22.5000003874302));
#10423=CARTESIAN_POINT('',(87.6833190867855,-0.522335603642148,22.5000003874302));
#10424=CARTESIAN_POINT('Origin',(96.5910013709068,2.47766439635785,29.5000003874302));
#10425=CARTESIAN_POINT('',(96.5910013709068,-0.522335603642148,36.7604093469792));
#10426=CARTESIAN_POINT('Origin',(123.19021212262,0.477664396357852,43.4061071904196));
#10427=CARTESIAN_POINT('',(123.19021212262,-0.522335603642148,37.4061071904196));
#10428=CARTESIAN_POINT('Origin',(123.19021212262,-0.522335603642148,43.4061071904196));
#10429=CARTESIAN_POINT('',(123.19021212262,0.477664396357852,38.4061071904196));
#10430=CARTESIAN_POINT('Origin',(123.19021212262,0.477664396357852,37.4061071904196));
#10431=CARTESIAN_POINT('Origin',(123.19021212262,0.477664396357852,43.4061071904196));
#10432=CARTESIAN_POINT('Origin',(123.19021212262,0.727664396357852,43.4061071904196));
#10433=CARTESIAN_POINT('',(123.19021212262,1.47766439635785,48.4061071904196));
#10434=CARTESIAN_POINT('',(123.19021212262,1.47766439635785,38.4061071904196));
#10435=CARTESIAN_POINT('Origin',(123.19021212262,1.47766439635785,43.4061071904196));
#10436=CARTESIAN_POINT('Origin',(123.19021212262,1.47766439635785,43.4061071904196));
#10437=CARTESIAN_POINT('',(123.19021212262,0.727664396357852,38.4061071904196));
#10438=CARTESIAN_POINT('Origin',(76.7756368026643,-0.522335603642148,47.5208183065282));
#10439=CARTESIAN_POINT('',(145.538136802664,-0.522335603642148,84.2208183065282));
#10440=CARTESIAN_POINT('',(145.538136802664,-0.522335603642148,7.82081830652817));
#10441=CARTESIAN_POINT('',(142.538136802664,-0.522335603642148,87.2208183065282));
#10442=CARTESIAN_POINT('Origin',(142.538136802664,-0.522335603642148,84.2208183065282));
#10443=CARTESIAN_POINT('',(11.0131368026643,-0.522335603642148,87.2208183065282));
#10444=CARTESIAN_POINT('',(145.538136802664,-0.522335603642148,87.2208183065282));
#10445=CARTESIAN_POINT('Origin',(11.0131368026643,-0.522335603642148,84.2208183065282));
#10446=CARTESIAN_POINT('',(24.4979582235497,-0.522335603642148,22.0000003576279));
#10447=CARTESIAN_POINT('Origin',(27.4979582235497,-0.522335603642148,22.0000003576279));
#10448=CARTESIAN_POINT('',(24.4979582235496,-0.522335603642148,65.));
#10449=CARTESIAN_POINT('',(24.4979582235496,-0.522335603642148,56.2604091532641));
#10450=CARTESIAN_POINT('',(30.4979582235497,-0.522335603642148,71.));
#10451=CARTESIAN_POINT('Origin',(30.4979582235496,-0.522335603642148,65.));
#10452=CARTESIAN_POINT('',(45.1589463072072,-0.522335603642148,71.));
#10453=CARTESIAN_POINT('',(62.4672915549357,-0.522335603642148,71.));
#10454=CARTESIAN_POINT('',(49.1589463072072,-0.522335603642148,67.));
#10455=CARTESIAN_POINT('Origin',(45.1589463072072,-0.522335603642148,67.));
#10456=CARTESIAN_POINT('',(49.1589463072072,-0.522335603642148,53.));
#10457=CARTESIAN_POINT('',(49.1589463072072,-0.522335603642148,50.2604091532641));
#10458=CARTESIAN_POINT('Origin',(52.1589463072071,-0.522335603642148,53.));
#10459=CARTESIAN_POINT('',(12.97959653784,-0.522335603642148,80.8170771342367));
#10460=CARTESIAN_POINT('Origin',(12.97959653784,-0.522335603642148,82.2670771342366));
#10461=CARTESIAN_POINT('',(140.570930878182,-0.522335603642148,11.3339087122296));
#10462=CARTESIAN_POINT('Origin',(140.570930878182,-0.522335603642148,12.7839087122296));
#10463=CARTESIAN_POINT('',(59.1839485907083,-0.522335603642148,56.7609084124081));
#10464=CARTESIAN_POINT('',(59.1839485907083,-0.522335603642148,69.7609084124081));
#10465=CARTESIAN_POINT('',(59.1839485907083,-0.522335603642148,58.6408633594682));
#10466=CARTESIAN_POINT('',(59.4500008940697,-0.522335603642148,70.125001013279));
#10467=CARTESIAN_POINT('Origin',(59.6689663546017,-0.522335603642148,69.6857449289339));
#10468=CARTESIAN_POINT('',(72.6839485907083,-0.522335603642148,70.2609084124081));
#10469=CARTESIAN_POINT('',(74.6128234108468,-0.522335603642148,70.2807171925288));
#10470=CARTESIAN_POINT('',(73.1839485907083,-0.522335603642148,69.7609084124081));
#10471=CARTESIAN_POINT('Origin',(72.6839485907083,-0.522335603642148,69.7609084124081));
#10472=CARTESIAN_POINT('',(73.1839485907083,-0.522335603642148,56.7609084124081));
#10473=CARTESIAN_POINT('',(73.1839485907083,-0.522335603642148,52.1408633594682));
#10474=CARTESIAN_POINT('',(72.6839485907083,-0.522335603642148,56.2609084124081));
#10475=CARTESIAN_POINT('Origin',(72.6839485907083,-0.522335603642148,56.7609084124081));
#10476=CARTESIAN_POINT('',(59.6839485907083,-0.522335603642148,56.2609084124081));
#10477=CARTESIAN_POINT('',(68.2297926966863,-0.522335603642148,56.2609084124081));
#10478=CARTESIAN_POINT('Origin',(59.6839485907083,-0.522335603642148,56.7609084124081));
#10479=CARTESIAN_POINT('',(78.2339485907083,-0.522335603642148,37.7109084124081));
#10480=CARTESIAN_POINT('',(78.2339485907083,-0.522335603642148,50.7109084124081));
#10481=CARTESIAN_POINT('',(78.2339485907083,-0.522335603642148,49.1158633594682));
#10482=CARTESIAN_POINT('',(78.7339485907083,-0.522335603642148,51.2109084124081));
#10483=CARTESIAN_POINT('Origin',(78.7339485907083,-0.522335603642148,50.7109084124081));
#10484=CARTESIAN_POINT('',(91.7339485907083,-0.522335603642148,51.2109084124081));
#10485=CARTESIAN_POINT('',(84.2547926966863,-0.522335603642148,51.2109084124081));
#10486=CARTESIAN_POINT('',(92.2339485907083,-0.522335603642148,50.7109084124081));
#10487=CARTESIAN_POINT('Origin',(91.7339485907083,-0.522335603642148,50.7109084124081));
#10488=CARTESIAN_POINT('',(92.2339485907083,-0.522335603642148,37.7109084124081));
#10489=CARTESIAN_POINT('',(92.2339485907083,-0.522335603642148,42.6158633594682));
#10490=CARTESIAN_POINT('',(91.7339485907083,-0.522335603642148,37.2109084124081));
#10491=CARTESIAN_POINT('Origin',(91.7339485907083,-0.522335603642148,37.7109084124081));
#10492=CARTESIAN_POINT('',(78.7339485907083,-0.522335603642148,37.2109084124081));
#10493=CARTESIAN_POINT('',(77.7547926966863,-0.522335603642148,37.2109084124081));
#10494=CARTESIAN_POINT('Origin',(78.7339485907083,-0.522335603642148,37.7109084124081));
#10495=CARTESIAN_POINT('',(97.2839485907083,-0.522335603642148,56.7609084124081));
#10496=CARTESIAN_POINT('',(97.2839485907083,-0.522335603642148,69.7609084124081));
#10497=CARTESIAN_POINT('',(97.2839485907083,-0.522335603642148,58.6408633594682));
#10498=CARTESIAN_POINT('',(97.7839485907083,-0.522335603642148,70.2609084124081));
#10499=CARTESIAN_POINT('Origin',(97.7839485907083,-0.522335603642148,69.7609084124081));
#10500=CARTESIAN_POINT('',(110.783948590708,-0.522335603642148,70.2609084124081));
#10501=CARTESIAN_POINT('',(93.7797926966863,-0.522335603642148,70.2609084124081));
#10502=CARTESIAN_POINT('',(111.283948590708,-0.522335603642148,69.7609084124081));
#10503=CARTESIAN_POINT('Origin',(110.783948590708,-0.522335603642148,69.7609084124081));
#10504=CARTESIAN_POINT('',(111.283948590708,-0.522335603642148,56.7609084124081));
#10505=CARTESIAN_POINT('',(111.283948590708,-0.522335603642148,52.1408633594682));
#10506=CARTESIAN_POINT('',(110.783948590708,-0.522335603642148,56.2609084124081));
#10507=CARTESIAN_POINT('Origin',(110.783948590708,-0.522335603642148,56.7609084124081));
#10508=CARTESIAN_POINT('',(97.7839485907083,-0.522335603642148,56.2609084124081));
#10509=CARTESIAN_POINT('',(87.2797926966863,-0.522335603642148,56.2609084124081));
#10510=CARTESIAN_POINT('Origin',(97.7839485907083,-0.522335603642148,56.7609084124081));
#10511=CARTESIAN_POINT('',(97.2839485907083,-0.522335603642148,37.7109084124081));
#10512=CARTESIAN_POINT('',(97.2839485907083,-0.522335603642148,50.7109084124081));
#10513=CARTESIAN_POINT('',(97.2839485907083,-0.522335603642148,49.1158633594682));
#10514=CARTESIAN_POINT('',(97.7839485907083,-0.522335603642148,51.2109084124081));
#10515=CARTESIAN_POINT('Origin',(97.7839485907083,-0.522335603642148,50.7109084124081));
#10516=CARTESIAN_POINT('',(110.783948590708,-0.522335603642148,51.2109084124081));
#10517=CARTESIAN_POINT('',(93.7797926966863,-0.522335603642148,51.2109084124081));
#10518=CARTESIAN_POINT('',(111.283948590708,-0.522335603642148,50.7109084124081));
#10519=CARTESIAN_POINT('Origin',(110.783948590708,-0.522335603642148,50.7109084124081));
#10520=CARTESIAN_POINT('',(111.283948590708,-0.522335603642148,37.7109084124081));
#10521=CARTESIAN_POINT('',(111.283948590708,-0.522335603642148,42.6158633594682));
#10522=CARTESIAN_POINT('',(110.783948590708,-0.522335603642148,37.2109084124081));
#10523=CARTESIAN_POINT('Origin',(110.783948590708,-0.522335603642148,37.7109084124081));
#10524=CARTESIAN_POINT('',(97.7839485907083,-0.522335603642148,37.2109084124081));
#10525=CARTESIAN_POINT('',(87.2797926966863,-0.522335603642148,37.2109084124081));
#10526=CARTESIAN_POINT('Origin',(97.7839485907083,-0.522335603642148,37.7109084124081));
#10527=CARTESIAN_POINT('',(78.2339485907083,-0.522335603642148,56.7609084124081));
#10528=CARTESIAN_POINT('',(78.2339485907083,-0.522335603642148,69.7609084124081));
#10529=CARTESIAN_POINT('',(78.2339485907083,-0.522335603642148,58.6408633594682));
#10530=CARTESIAN_POINT('',(78.7339485907083,-0.522335603642148,70.2609084124081));
#10531=CARTESIAN_POINT('Origin',(78.7339485907083,-0.522335603642148,69.7609084124081));
#10532=CARTESIAN_POINT('',(91.7339485907083,-0.522335603642148,70.2609084124081));
#10533=CARTESIAN_POINT('',(84.2547926966863,-0.522335603642148,70.2609084124081));
#10534=CARTESIAN_POINT('',(92.2339485907083,-0.522335603642148,69.7609084124081));
#10535=CARTESIAN_POINT('Origin',(91.7339485907083,-0.522335603642148,69.7609084124081));
#10536=CARTESIAN_POINT('',(92.2339485907083,-0.522335603642148,56.7609084124081));
#10537=CARTESIAN_POINT('',(92.2339485907083,-0.522335603642148,52.1408633594682));
#10538=CARTESIAN_POINT('',(91.7339485907083,-0.522335603642148,56.2609084124081));
#10539=CARTESIAN_POINT('Origin',(91.7339485907083,-0.522335603642148,56.7609084124081));
#10540=CARTESIAN_POINT('',(78.7339485907083,-0.522335603642148,56.2609084124081));
#10541=CARTESIAN_POINT('',(77.7547926966863,-0.522335603642148,56.2609084124081));
#10542=CARTESIAN_POINT('Origin',(78.7339485907083,-0.522335603642148,56.7609084124081));
#10543=CARTESIAN_POINT('',(116.333948590708,-0.522335603642148,56.7609084124081));
#10544=CARTESIAN_POINT('',(116.333948590708,-0.522335603642148,69.7609084124081));
#10545=CARTESIAN_POINT('',(116.333948590708,-0.522335603642148,58.6408633594682));
#10546=CARTESIAN_POINT('',(116.833948590708,-0.522335603642148,70.2609084124081));
#10547=CARTESIAN_POINT('Origin',(116.833948590708,-0.522335603642148,69.7609084124081));
#10548=CARTESIAN_POINT('',(129.833948590708,-0.522335603642148,70.2609084124081));
#10549=CARTESIAN_POINT('',(103.304792696686,-0.522335603642148,70.2609084124081));
#10550=CARTESIAN_POINT('',(130.333948590708,-0.522335603642148,69.7609084124081));
#10551=CARTESIAN_POINT('Origin',(129.833948590708,-0.522335603642148,69.7609084124081));
#10552=CARTESIAN_POINT('',(130.333948590708,-0.522335603642148,56.7609084124081));
#10553=CARTESIAN_POINT('',(130.333948590708,-0.522335603642148,52.1408633594682));
#10554=CARTESIAN_POINT('',(129.833948590708,-0.522335603642148,56.2609084124081));
#10555=CARTESIAN_POINT('Origin',(129.833948590708,-0.522335603642148,56.7609084124081));
#10556=CARTESIAN_POINT('',(116.833948590708,-0.522335603642148,56.2609084124081));
#10557=CARTESIAN_POINT('',(96.8047926966863,-0.522335603642148,56.2609084124081));
#10558=CARTESIAN_POINT('Origin',(116.833948590708,-0.522335603642148,56.7609084124081));
#10559=CARTESIAN_POINT('',(12.9077542375509,-0.522335603642148,11.2654357414148));
#10560=CARTESIAN_POINT('Origin',(12.9077542375509,-0.522335603642148,12.7154357414148));
#10561=CARTESIAN_POINT('',(140.560228369557,-0.522335603642148,80.790914078161));
#10562=CARTESIAN_POINT('Origin',(140.560228369557,-0.522335603642148,82.240914078161));
#10563=CARTESIAN_POINT('Origin',(123.19021212262,1.47766439635785,43.4061071904196));
#10564=CARTESIAN_POINT('Origin',(123.19021212262,1.47766439635785,49.4061071904196));
#10565=CARTESIAN_POINT('Origin',(140.560228369557,-1.82450318376798,82.240914078161));
#10566=CARTESIAN_POINT('',(140.560228369557,-1.82450318376798,80.790914078161));
#10567=CARTESIAN_POINT('Origin',(12.97959653784,-1.5937721224973,82.2670771342366));
#10568=CARTESIAN_POINT('',(12.97959653784,-1.5937721224973,80.8170771342367));
#10569=CARTESIAN_POINT('Origin',(12.9077542375509,-1.25119890069585,12.7154357414148));
#10570=CARTESIAN_POINT('',(12.9077542375509,-1.25119890069585,11.2654357414148));
#10571=CARTESIAN_POINT('Origin',(140.570930878182,-1.66592516109184,12.7839087122296));
#10572=CARTESIAN_POINT('',(140.570930878182,-1.66592516109184,11.3339087122296));
#10573=CARTESIAN_POINT('Origin',(11.0131368026643,-0.522335603642148,84.2208183065282));
#10574=CARTESIAN_POINT('',(11.0131368026643,-0.522335603642148,87.2208183065282));
#10575=CARTESIAN_POINT('Origin',(8.01313680266427,-0.522335603642148,87.2208183065282));
#10576=CARTESIAN_POINT('',(142.538136802664,-0.522335603642148,87.2208183065282));
#10577=CARTESIAN_POINT('Origin',(142.538136802664,-0.522335603642148,84.2208183065282));
#10578=CARTESIAN_POINT('',(145.538136802664,-0.522335603642148,84.2208183065282));
#10579=CARTESIAN_POINT('Origin',(45.1589463072072,2.47766439635785,67.));
#10580=CARTESIAN_POINT('',(49.1589463072072,2.47766439635785,67.));
#10581=CARTESIAN_POINT('',(45.1589463072072,2.47766439635785,71.));
#10582=CARTESIAN_POINT('Origin',(49.1589463072072,2.47766439635785,53.));
#10583=CARTESIAN_POINT('',(49.1589463072072,2.47766439635785,53.));
#10584=CARTESIAN_POINT('Origin',(52.1589463072071,2.47766439635785,53.));
#10585=CARTESIAN_POINT('Origin',(48.1589463072071,2.47766439635785,71.));
#10586=CARTESIAN_POINT('',(30.4979582235497,2.47766439635785,71.));
#10587=CARTESIAN_POINT('Origin',(27.4979582235497,2.47766439635785,22.0000003576279));
#10588=CARTESIAN_POINT('',(24.4979582235497,2.47766439635785,22.0000003576279));
#10589=CARTESIAN_POINT('Origin',(24.4979582235496,2.47766439635785,65.));
#10590=CARTESIAN_POINT('',(24.4979582235496,2.47766439635785,65.));
#10591=CARTESIAN_POINT('Origin',(30.4979582235496,2.47766439635785,65.));
#10592=CARTESIAN_POINT('Origin',(116.833948590708,0.,70.2609084124081));
#10593=CARTESIAN_POINT('',(129.833948590708,0.,70.2609084124081));
#10594=CARTESIAN_POINT('',(116.833948590708,0.,70.2609084124081));
#10595=CARTESIAN_POINT('Origin',(116.833948590708,0.,69.7609084124081));
#10596=CARTESIAN_POINT('',(116.333948590708,0.,69.7609084124081));
#10597=CARTESIAN_POINT('Origin',(116.333948590708,0.,56.7609084124081));
#10598=CARTESIAN_POINT('',(116.333948590708,0.,56.7609084124081));
#10599=CARTESIAN_POINT('Origin',(116.833948590708,0.,56.7609084124081));
#10600=CARTESIAN_POINT('',(116.833948590708,0.,56.2609084124081));
#10601=CARTESIAN_POINT('Origin',(129.833948590708,0.,56.2609084124081));
#10602=CARTESIAN_POINT('',(129.833948590708,0.,56.2609084124081));
#10603=CARTESIAN_POINT('Origin',(129.833948590708,0.,56.7609084124081));
#10604=CARTESIAN_POINT('',(130.333948590708,0.,56.7609084124081));
#10605=CARTESIAN_POINT('Origin',(130.333948590708,0.,69.7609084124081));
#10606=CARTESIAN_POINT('',(130.333948590708,0.,69.7609084124081));
#10607=CARTESIAN_POINT('Origin',(129.833948590708,0.,69.7609084124081));
#10608=CARTESIAN_POINT('Origin',(97.7839485907083,0.,51.2109084124081));
#10609=CARTESIAN_POINT('',(110.783948590708,0.,51.2109084124081));
#10610=CARTESIAN_POINT('',(97.7839485907083,0.,51.2109084124081));
#10611=CARTESIAN_POINT('Origin',(97.7839485907083,0.,50.7109084124081));
#10612=CARTESIAN_POINT('',(97.2839485907083,0.,50.7109084124081));
#10613=CARTESIAN_POINT('Origin',(97.2839485907083,0.,37.7109084124081));
#10614=CARTESIAN_POINT('',(97.2839485907083,0.,37.7109084124081));
#10615=CARTESIAN_POINT('Origin',(97.7839485907083,0.,37.7109084124081));
#10616=CARTESIAN_POINT('',(97.7839485907083,0.,37.2109084124081));
#10617=CARTESIAN_POINT('Origin',(110.783948590708,0.,37.2109084124081));
#10618=CARTESIAN_POINT('',(110.783948590708,0.,37.2109084124081));
#10619=CARTESIAN_POINT('Origin',(110.783948590708,0.,37.7109084124081));
#10620=CARTESIAN_POINT('',(111.283948590708,0.,37.7109084124081));
#10621=CARTESIAN_POINT('Origin',(111.283948590708,0.,50.7109084124081));
#10622=CARTESIAN_POINT('',(111.283948590708,0.,50.7109084124081));
#10623=CARTESIAN_POINT('Origin',(110.783948590708,0.,50.7109084124081));
#10624=CARTESIAN_POINT('Origin',(59.4500008940697,0.,70.125001013279));
#10625=CARTESIAN_POINT('',(72.6839485907083,0.,70.2609084124081));
#10626=CARTESIAN_POINT('',(59.4500008940697,0.,70.125001013279));
#10627=CARTESIAN_POINT('Origin',(59.6689663546017,0.,69.6857449289339));
#10628=CARTESIAN_POINT('',(59.1839485907083,0.,69.7609084124081));
#10629=CARTESIAN_POINT('Origin',(59.1839485907083,0.,56.7609084124081));
#10630=CARTESIAN_POINT('',(59.1839485907083,0.,56.7609084124081));
#10631=CARTESIAN_POINT('Origin',(59.6839485907083,0.,56.7609084124081));
#10632=CARTESIAN_POINT('',(59.6839485907083,0.,56.2609084124081));
#10633=CARTESIAN_POINT('Origin',(72.6839485907083,0.,56.2609084124081));
#10634=CARTESIAN_POINT('',(72.6839485907083,0.,56.2609084124081));
#10635=CARTESIAN_POINT('Origin',(72.6839485907083,0.,56.7609084124081));
#10636=CARTESIAN_POINT('',(73.1839485907083,0.,56.7609084124081));
#10637=CARTESIAN_POINT('Origin',(73.1839485907083,0.,69.7609084124081));
#10638=CARTESIAN_POINT('',(73.1839485907083,0.,69.7609084124081));
#10639=CARTESIAN_POINT('Origin',(72.6839485907083,0.,69.7609084124081));
#10640=CARTESIAN_POINT('Origin',(97.7839485907083,0.,70.2609084124081));
#10641=CARTESIAN_POINT('',(110.783948590708,0.,70.2609084124081));
#10642=CARTESIAN_POINT('',(97.7839485907083,0.,70.2609084124081));
#10643=CARTESIAN_POINT('Origin',(97.7839485907083,0.,69.7609084124081));
#10644=CARTESIAN_POINT('',(97.2839485907083,0.,69.7609084124081));
#10645=CARTESIAN_POINT('Origin',(97.2839485907083,0.,56.7609084124081));
#10646=CARTESIAN_POINT('',(97.2839485907083,0.,56.7609084124081));
#10647=CARTESIAN_POINT('Origin',(97.7839485907083,0.,56.7609084124081));
#10648=CARTESIAN_POINT('',(97.7839485907083,0.,56.2609084124081));
#10649=CARTESIAN_POINT('Origin',(110.783948590708,0.,56.2609084124081));
#10650=CARTESIAN_POINT('',(110.783948590708,0.,56.2609084124081));
#10651=CARTESIAN_POINT('Origin',(110.783948590708,0.,56.7609084124081));
#10652=CARTESIAN_POINT('',(111.283948590708,0.,56.7609084124081));
#10653=CARTESIAN_POINT('Origin',(111.283948590708,0.,69.7609084124081));
#10654=CARTESIAN_POINT('',(111.283948590708,0.,69.7609084124081));
#10655=CARTESIAN_POINT('Origin',(110.783948590708,0.,69.7609084124081));
#10656=CARTESIAN_POINT('Origin',(78.7339485907083,0.,51.2109084124081));
#10657=CARTESIAN_POINT('',(91.7339485907083,0.,51.2109084124081));
#10658=CARTESIAN_POINT('',(78.7339485907083,0.,51.2109084124081));
#10659=CARTESIAN_POINT('Origin',(78.7339485907083,0.,50.7109084124081));
#10660=CARTESIAN_POINT('',(78.2339485907083,0.,50.7109084124081));
#10661=CARTESIAN_POINT('Origin',(78.2339485907083,0.,37.7109084124081));
#10662=CARTESIAN_POINT('',(78.2339485907083,0.,37.7109084124081));
#10663=CARTESIAN_POINT('Origin',(78.7339485907083,0.,37.7109084124081));
#10664=CARTESIAN_POINT('',(78.7339485907083,0.,37.2109084124081));
#10665=CARTESIAN_POINT('Origin',(91.7339485907083,0.,37.2109084124081));
#10666=CARTESIAN_POINT('',(91.7339485907083,0.,37.2109084124081));
#10667=CARTESIAN_POINT('Origin',(91.7339485907083,0.,37.7109084124081));
#10668=CARTESIAN_POINT('',(92.2339485907083,0.,37.7109084124081));
#10669=CARTESIAN_POINT('Origin',(92.2339485907083,0.,50.7109084124081));
#10670=CARTESIAN_POINT('',(92.2339485907083,0.,50.7109084124081));
#10671=CARTESIAN_POINT('Origin',(91.7339485907083,0.,50.7109084124081));
#10672=CARTESIAN_POINT('Origin',(78.7339485907083,0.,70.2609084124081));
#10673=CARTESIAN_POINT('',(91.7339485907083,0.,70.2609084124081));
#10674=CARTESIAN_POINT('',(78.7339485907083,0.,70.2609084124081));
#10675=CARTESIAN_POINT('Origin',(78.7339485907083,0.,69.7609084124081));
#10676=CARTESIAN_POINT('',(78.2339485907083,0.,69.7609084124081));
#10677=CARTESIAN_POINT('Origin',(78.2339485907083,0.,56.7609084124081));
#10678=CARTESIAN_POINT('',(78.2339485907083,0.,56.7609084124081));
#10679=CARTESIAN_POINT('Origin',(78.7339485907083,0.,56.7609084124081));
#10680=CARTESIAN_POINT('',(78.7339485907083,0.,56.2609084124081));
#10681=CARTESIAN_POINT('Origin',(91.7339485907083,0.,56.2609084124081));
#10682=CARTESIAN_POINT('',(91.7339485907083,0.,56.2609084124081));
#10683=CARTESIAN_POINT('Origin',(91.7339485907083,0.,56.7609084124081));
#10684=CARTESIAN_POINT('',(92.2339485907083,0.,56.7609084124081));
#10685=CARTESIAN_POINT('Origin',(92.2339485907083,0.,69.7609084124081));
#10686=CARTESIAN_POINT('',(92.2339485907083,0.,69.7609084124081));
#10687=CARTESIAN_POINT('Origin',(91.7339485907083,0.,69.7609084124081));
#10688=CARTESIAN_POINT('Origin',(145.538136802664,-0.522335603642148,87.2208183065282));
#10689=UNCERTAINTY_MEASURE_WITH_UNIT(LENGTH_MEASURE(0.01),#10693,
'DISTANCE_ACCURACY_VALUE',
'Maximum model space distance between geometric entities at asserted c
onnectivities');
#10690=UNCERTAINTY_MEASURE_WITH_UNIT(LENGTH_MEASURE(0.01),#10693,
'DISTANCE_ACCURACY_VALUE',
'Maximum model space distance between geometric entities at asserted c
onnectivities');
#10691=(
GEOMETRIC_REPRESENTATION_CONTEXT(3)
GLOBAL_UNCERTAINTY_ASSIGNED_CONTEXT((#10689))
GLOBAL_UNIT_ASSIGNED_CONTEXT((#10693,#10695,#10696))
REPRESENTATION_CONTEXT('','3D')
);
#10692=(
GEOMETRIC_REPRESENTATION_CONTEXT(3)
GLOBAL_UNCERTAINTY_ASSIGNED_CONTEXT((#10690))
GLOBAL_UNIT_ASSIGNED_CONTEXT((#10693,#10695,#10696))
REPRESENTATION_CONTEXT('','3D')
);
#10693=(
LENGTH_UNIT()
NAMED_UNIT(*)
SI_UNIT(.MILLI.,.METRE.)
);
#10694=(
LENGTH_UNIT()
NAMED_UNIT(*)
SI_UNIT($,.METRE.)
);
#10695=(
NAMED_UNIT(*)
PLANE_ANGLE_UNIT()
SI_UNIT($,.RADIAN.)
);
#10696=(
NAMED_UNIT(*)
SI_UNIT($,.STERADIAN.)
SOLID_ANGLE_UNIT()
);
#10697=SHAPE_DEFINITION_REPRESENTATION(#10698,#10699);
#10698=PRODUCT_DEFINITION_SHAPE('',$,#10701);
#10699=SHAPE_REPRESENTATION('',(#6590),#10691);
#10700=PRODUCT_DEFINITION_CONTEXT('part definition',#10705,'design');
#10701=PRODUCT_DEFINITION('2026-07-26-11-48-59-526',
'GlitchPad Case (Upper)',#10702,#10700);
#10702=PRODUCT_DEFINITION_FORMATION('',$,#10707);
#10703=PRODUCT_RELATED_PRODUCT_CATEGORY('GlitchPad Case (Upper)',
'GlitchPad Case (Upper)',(#10707));
#10704=APPLICATION_PROTOCOL_DEFINITION('international standard',
'automotive_design',2009,#10705);
#10705=APPLICATION_CONTEXT(
'Core Data for Automotive Mechanical Design Process');
#10706=PRODUCT_CONTEXT('part definition',#10705,'mechanical');
#10707=PRODUCT('2026-07-26-11-48-59-526','GlitchPad Case (Upper)',$,(#10706));
#10708=PRESENTATION_STYLE_ASSIGNMENT((#10711));
#10709=PRESENTATION_STYLE_ASSIGNMENT((#10712));
#10710=PRESENTATION_STYLE_ASSIGNMENT((#10713));
#10711=SURFACE_STYLE_USAGE(.BOTH.,#10714);
#10712=SURFACE_STYLE_USAGE(.BOTH.,#10715);
#10713=SURFACE_STYLE_USAGE(.BOTH.,#10716);
#10714=SURFACE_SIDE_STYLE('',(#10717));
#10715=SURFACE_SIDE_STYLE('',(#10718));
#10716=SURFACE_SIDE_STYLE('',(#10719));
#10717=SURFACE_STYLE_FILL_AREA(#10720);
#10718=SURFACE_STYLE_FILL_AREA(#10721);
#10719=SURFACE_STYLE_FILL_AREA(#10722);
#10720=FILL_AREA_STYLE('Steel - Satin',(#10723));
#10721=FILL_AREA_STYLE('ABS (White)',(#10724));
#10722=FILL_AREA_STYLE('ABS (White)(1)',(#10725));
#10723=FILL_AREA_STYLE_COLOUR('Steel - Satin',#10726);
#10724=FILL_AREA_STYLE_COLOUR('ABS (White)',#10727);
#10725=FILL_AREA_STYLE_COLOUR('ABS (White)(1)',#10728);
#10726=COLOUR_RGB('Steel - Satin',0.627450980392157,0.627450980392157,0.627450980392157);
#10727=COLOUR_RGB('ABS (White)',0.,0.,0.);
#10728=COLOUR_RGB('ABS (White)(1)',1.,1.,1.);
ENDSEC;
END-ISO-10303-21;
